<?xml version="1.0" encoding="UTF-8"?>
<gpx version="1.1" creator="Colorado Hunt Finder" xmlns="http://www.topografix.com/GPX/1/1">
  <metadata><name>BE012O1R human-food corridors</name></metadata>
  <wpt lat="39.673250" lon="-107.699043"><name>H01 · Rifle Falls State Park · CONTEXT</name><desc>Human-food priority 97/100; 6 records form 1 mapped attraction patch covering 324 acres. Routes stop half a mile from the full footprint; verify fresh sign and legal access.</desc><type>Human-food context — not a setup location</type></wpt>
  <wpt lat="39.994700" lon="-107.242789"><name>H02 · Trappers Lake/shephards Rim Campground · CONTEXT</name><desc>Human-food priority 97/100; 5 records form 2 mapped attraction patches covering 42 acres. Routes stop half a mile from the full footprint; verify fresh sign and legal access.</desc><type>Human-food context — not a setup location</type></wpt>
  <wpt lat="40.186666" lon="-107.086231"><name>H03 · Chapman Reservoir Campground · CONTEXT</name><desc>Human-food priority 96/100; 2 records form 2 mapped attraction patches covering 226 acres. Routes stop half a mile from the full footprint; verify fresh sign and legal access.</desc><type>Human-food context — not a setup location</type></wpt>
  <wpt lat="40.006951" lon="-107.426122"><name>H04 · Marvine Campground · CONTEXT</name><desc>Human-food priority 96/100; 2 records form 2 mapped attraction patches covering 26 acres. Routes stop half a mile from the full footprint; verify fresh sign and legal access.</desc><type>Human-food context — not a setup location</type></wpt>
  <wpt lat="40.045986" lon="-107.070061"><name>H05 · Bear Lake Campground · CONTEXT</name><desc>Human-food priority 96/100; 1 records form 1 mapped attraction patch covering 11 acres. Routes stop half a mile from the full footprint; verify fresh sign and legal access.</desc><type>Human-food context — not a setup location</type></wpt>
  <wpt lat="39.797229" lon="-107.160566"><name>H06 · Sweetwater Lake Campground · CONTEXT</name><desc>Human-food priority 96/100; 1 records form 3 mapped attraction patches covering 46 acres. Routes stop half a mile from the full footprint; verify fresh sign and legal access.</desc><type>Human-food context — not a setup location</type></wpt>
  <wpt lat="40.270915" lon="-107.431541"><name>H07 · Indian Run SWA · CONTEXT</name><desc>Human-food priority 95/100; 2 records form 2 mapped attraction patches covering 76 acres. Routes stop half a mile from the full footprint; verify fresh sign and legal access.</desc><type>Human-food context — not a setup location</type></wpt>
  <wpt lat="40.441093" lon="-106.839584"><name>H08 · Mapped developed area · CONTEXT</name><desc>Human-food priority 95/100; 3 records form 7 mapped attraction patches covering 664 acres. Routes stop half a mile from the full footprint; verify fresh sign and legal access.</desc><type>Human-food context — not a setup location</type></wpt>
  <wpt lat="39.673250" lon="-107.699043"><name>H01 · Rifle Falls State Park · Rifle Falls State Park</name><desc>SWA campsite; CPW SWA campsites. Not confirmed food access.</desc><type>Contributing human-food source record</type></wpt>
  <wpt lat="39.674064" lon="-107.699685"><name>H01 · Rifle Falls State Park · Rifle Falls State Park Campgrounds</name><desc>Campground; CPW campgrounds. Not confirmed food access.</desc><type>Contributing human-food source record</type></wpt>
  <wpt lat="39.673886" lon="-107.700163"><name>H01 · Rifle Falls State Park · Rifle Falls State Park Entrance Station</name><desc>Campground; CPW campgrounds. Not confirmed food access.</desc><type>Contributing human-food source record</type></wpt>
  <wpt lat="39.668074" lon="-107.701293"><name>H01 · Rifle Falls State Park · Mapped developed area</name><desc>Developed area; LANDFIRE developed-land proxy. Not confirmed food access.</desc><type>Contributing human-food source record</type></wpt>
  <wpt lat="39.663406" lon="-107.702641"><name>H01 · Rifle Falls State Park · Mapped developed area</name><desc>Developed area; LANDFIRE developed-land proxy. Not confirmed food access.</desc><type>Contributing human-food source record</type></wpt>
  <wpt lat="39.663406" lon="-107.697251"><name>H01 · Rifle Falls State Park · Mapped developed area</name><desc>Developed area; LANDFIRE developed-land proxy. Not confirmed food access.</desc><type>Contributing human-food source record</type></wpt>
  <wpt lat="39.994700" lon="-107.242789"><name>H02 · Trappers Lake/shephards Rim Campground · Trappers Lake/shephards Rim Campground</name><desc>Campground; CPW campgrounds. Not confirmed food access.</desc><type>Contributing human-food source record</type></wpt>
  <wpt lat="39.992547" lon="-107.241668"><name>H02 · Trappers Lake/shephards Rim Campground · Trappers Lake/cutthroat Campground</name><desc>Campground; CPW campgrounds. Not confirmed food access.</desc><type>Contributing human-food source record</type></wpt>
  <wpt lat="39.993275" lon="-107.240486"><name>H02 · Trappers Lake/shephards Rim Campground · Trappers Lake/trapline Campground</name><desc>Campground; CPW campgrounds. Not confirmed food access.</desc><type>Contributing human-food source record</type></wpt>
  <wpt lat="39.993918" lon="-107.239532"><name>H02 · Trappers Lake/shephards Rim Campground · Trappers Lake/bucks Campground</name><desc>Campground; CPW campgrounds. Not confirmed food access.</desc><type>Contributing human-food source record</type></wpt>
  <wpt lat="39.995840" lon="-107.237788"><name>H02 · Trappers Lake/shephards Rim Campground · Trappers Lake/horse Thief Horse Campground</name><desc>Campground; CPW campgrounds. Not confirmed food access.</desc><type>Contributing human-food source record</type></wpt>
  <wpt lat="40.186666" lon="-107.086231"><name>H03 · Chapman Reservoir Campground · Chapman Reservoir Campground</name><desc>Campground; CPW campgrounds. Not confirmed food access.</desc><type>Contributing human-food source record</type></wpt>
  <wpt lat="40.197090" lon="-107.085498"><name>H03 · Chapman Reservoir Campground · Mapped developed area</name><desc>Developed area; LANDFIRE developed-land proxy. Not confirmed food access.</desc><type>Contributing human-food source record</type></wpt>
  <wpt lat="40.011834" lon="-107.427615"><name>H04 · Marvine Campground · East Marvine Campground</name><desc>Campground; CPW campgrounds. Not confirmed food access.</desc><type>Contributing human-food source record</type></wpt>
  <wpt lat="40.006951" lon="-107.426122"><name>H04 · Marvine Campground · Marvine Campground</name><desc>Campground; CPW campgrounds. Not confirmed food access.</desc><type>Contributing human-food source record</type></wpt>
  <wpt lat="40.045986" lon="-107.070061"><name>H05 · Bear Lake Campground · Bear Lake Campground</name><desc>Campground; CPW campgrounds. Not confirmed food access.</desc><type>Contributing human-food source record</type></wpt>
  <wpt lat="39.797229" lon="-107.160566"><name>H06 · Sweetwater Lake Campground · Sweetwater Lake Campground</name><desc>Campground; CPW campgrounds. Not confirmed food access.</desc><type>Contributing human-food source record</type></wpt>
  <wpt lat="40.270915" lon="-107.431541"><name>H07 · Indian Run SWA · Indian Run SWA</name><desc>SWA campsite; CPW SWA campsites. Not confirmed food access.</desc><type>Contributing human-food source record</type></wpt>
  <wpt lat="40.268638" lon="-107.420365"><name>H07 · Indian Run SWA · Indian Run SWA</name><desc>SWA campsite; CPW SWA campsites. Not confirmed food access.</desc><type>Contributing human-food source record</type></wpt>
  <wpt lat="40.441093" lon="-106.839584"><name>H08 · Mapped developed area · Mapped developed area</name><desc>Developed area; LANDFIRE developed-land proxy. Not confirmed food access.</desc><type>Contributing human-food source record</type></wpt>
  <wpt lat="40.441606" lon="-106.826783"><name>H08 · Mapped developed area · Mapped developed area</name><desc>Developed area; LANDFIRE developed-land proxy. Not confirmed food access.</desc><type>Contributing human-food source record</type></wpt>
  <wpt lat="40.435965" lon="-106.828805"><name>H08 · Mapped developed area · Mapped developed area</name><desc>Developed area; LANDFIRE developed-land proxy. Not confirmed food access.</desc><type>Contributing human-food source record</type></wpt>
  <wpt lat="39.698851" lon="-107.664126"><name>H01A · West Elk Reservoir</name><desc>2.3 mi from the nearest source patch; representative corridor 2.2 mi to the 0.5 mi footprint caution edge near Rifle Falls State Park Campgrounds; security score 71/100. Verify ownership, closures, current sign, wind, and safe shooting conditions.</desc><type>Modeled security option — verify access and sign</type></wpt>
  <wpt lat="39.696427" lon="-107.740100"><name>H01B · Big Parker Creek</name><desc>2.2 mi from the nearest source patch; representative corridor 2.4 mi to the 0.5 mi footprint caution edge near Rifle Falls State Park Entrance Station; security score 63/100. Verify ownership, closures, current sign, wind, and safe shooting conditions.</desc><type>Modeled security option — verify access and sign</type></wpt>
  <wpt lat="39.707471" lon="-107.685483"><name>H01C · Sawmill Gulch</name><desc>1.9 mi from the nearest source patch; representative corridor 1.7 mi to the 0.5 mi footprint caution edge near Rifle Falls State Park Campgrounds; security score 60/100. Verify ownership, closures, current sign, wind, and safe shooting conditions.</desc><type>Modeled security option — verify access and sign</type></wpt>
  <wpt lat="39.676758" lon="-107.665527"><name>H01D · West Elk Reservoir</name><desc>1.3 mi from the nearest source patch; representative corridor 1.0 mi to the 0.5 mi footprint caution edge near Rifle Falls State Park; security score 59/100. Verify ownership, closures, current sign, wind, and safe shooting conditions.</desc><type>Modeled security option — verify access and sign</type></wpt>
  <wpt lat="39.681070" lon="-107.721895"><name>H01E · Big Parker Creek</name><desc>1.1 mi from the nearest source patch; representative corridor 0.9 mi to the 0.5 mi footprint caution edge near Rifle Falls State Park Entrance Station; security score 58/100. Verify ownership, closures, current sign, wind, and safe shooting conditions.</desc><type>Modeled security option — verify access and sign</type></wpt>
  <wpt lat="40.022751" lon="-107.248367"><name>H02A · Lake of the Woods</name><desc>1.9 mi from the nearest source patch; representative corridor 1.4 mi to the 0.5 mi footprint caution edge near Trappers Lake/shephards Rim Campground; security score 60/100. Verify ownership, closures, current sign, wind, and safe shooting conditions.</desc><type>Modeled security option — verify access and sign</type></wpt>
  <wpt lat="40.007664" lon="-107.202286"><name>H02B · McGinnis Reservoir</name><desc>2.0 mi from the nearest source patch; representative corridor 1.6 mi to the 0.5 mi footprint caution edge near Trappers Lake/horse Thief Horse Campground; security score 58/100. Verify ownership, closures, current sign, wind, and safe shooting conditions.</desc><type>Modeled security option — verify access and sign</type></wpt>
  <wpt lat="40.011167" lon="-107.277213"><name>H02C · Himes Peak</name><desc>2.1 mi from the nearest source patch; representative corridor 1.7 mi to the 0.5 mi footprint caution edge near Trappers Lake/shephards Rim Campground; security score 57/100. Verify ownership, closures, current sign, wind, and safe shooting conditions.</desc><type>Modeled security option — verify access and sign</type></wpt>
  <wpt lat="39.974245" lon="-107.242739"><name>H02D · Fraser Creek</name><desc>1.2 mi from the nearest source patch; representative corridor 0.7 mi to the 0.5 mi footprint caution edge near Trappers Lake/cutthroat Campground; security score 57/100. Verify ownership, closures, current sign, wind, and safe shooting conditions.</desc><type>Modeled security option — verify access and sign</type></wpt>
  <wpt lat="39.975054" lon="-107.218115"><name>H02E · Fraser Creek</name><desc>1.7 mi from the nearest source patch; representative corridor 1.5 mi to the 0.5 mi footprint caution edge near Trappers Lake/cutthroat Campground; security score 56/100. Verify ownership, closures, current sign, wind, and safe shooting conditions.</desc><type>Modeled security option — verify access and sign</type></wpt>
  <wpt lat="40.168428" lon="-107.060463"><name>H03A · Simon Reservoir Number 1</name><desc>1.8 mi from the nearest source patch; representative corridor 1.4 mi to the 0.5 mi footprint caution edge near Chapman Reservoir Campground; security score 66/100. Verify ownership, closures, current sign, wind, and safe shooting conditions.</desc><type>Modeled security option — verify access and sign</type></wpt>
  <wpt lat="40.222055" lon="-107.098565"><name>H03B · Last Chance Ditch</name><desc>1.2 mi from the nearest source patch; representative corridor 0.9 mi to the 0.5 mi footprint caution edge near Mapped developed area; security score 65/100. Verify ownership, closures, current sign, wind, and safe shooting conditions.</desc><type>Modeled security option — verify access and sign</type></wpt>
  <wpt lat="40.188105" lon="-107.146898"><name>H03C · Dunckley Pass</name><desc>2.7 mi from the nearest source patch; representative corridor 2.4 mi to the 0.5 mi footprint caution edge near Mapped developed area; security score 72/100. Verify ownership, closures, current sign, wind, and safe shooting conditions.</desc><type>Modeled security option — verify access and sign</type></wpt>
  <wpt lat="40.241985" lon="-107.066461"><name>H03D · Pinnacle Peak</name><desc>2.8 mi from the nearest source patch; representative corridor 2.5 mi to the 0.5 mi footprint caution edge near Mapped developed area; security score 72/100. Verify ownership, closures, current sign, wind, and safe shooting conditions.</desc><type>Modeled security option — verify access and sign</type></wpt>
  <wpt lat="40.154677" lon="-107.079867"><name>H03E · Killarney Reservoir</name><desc>2.2 mi from the nearest source patch; representative corridor 1.9 mi to the 0.5 mi footprint caution edge near Chapman Reservoir Campground; security score 63/100. Verify ownership, closures, current sign, wind, and safe shooting conditions.</desc><type>Modeled security option — verify access and sign</type></wpt>
  <wpt lat="40.027985" lon="-107.414202"><name>H04A · East Marvine Creek</name><desc>1.3 mi from the nearest source patch; representative corridor 0.8 mi to the 0.5 mi footprint caution edge near East Marvine Campground; security score 67/100. Verify ownership, closures, current sign, wind, and safe shooting conditions.</desc><type>Modeled security option — verify access and sign</type></wpt>
  <wpt lat="39.973001" lon="-107.409980"><name>H04B · Slide Lake</name><desc>2.4 mi from the nearest source patch; representative corridor 2.1 mi to the 0.5 mi footprint caution edge near Marvine Campground; security score 68/100. Verify ownership, closures, current sign, wind, and safe shooting conditions.</desc><type>Modeled security option — verify access and sign</type></wpt>
  <wpt lat="40.029602" lon="-107.436368"><name>H04C · West Marvine Creek</name><desc>1.2 mi from the nearest source patch; representative corridor 0.9 mi to the 0.5 mi footprint caution edge near East Marvine Campground; security score 62/100. Verify ownership, closures, current sign, wind, and safe shooting conditions.</desc><type>Modeled security option — verify access and sign</type></wpt>
  <wpt lat="39.991604" lon="-107.461702"><name>H04D · Camel Peak</name><desc>2.1 mi from the nearest source patch; representative corridor 1.9 mi to the 0.5 mi footprint caution edge near Marvine Campground; security score 59/100. Verify ownership, closures, current sign, wind, and safe shooting conditions.</desc><type>Modeled security option — verify access and sign</type></wpt>
  <wpt lat="40.000499" lon="-107.390628"><name>H04E · Johnson Lake</name><desc>1.9 mi from the nearest source patch; representative corridor 1.4 mi to the 0.5 mi footprint caution edge near Marvine Campground; security score 59/100. Verify ownership, closures, current sign, wind, and safe shooting conditions.</desc><type>Modeled security option — verify access and sign</type></wpt>
  <wpt lat="40.057708" lon="-107.037850"><name>H05A · Coal Creek</name><desc>1.8 mi from the nearest source patch; representative corridor 1.4 mi to the 0.5 mi footprint caution edge near Bear Lake Campground; security score 65/100. Verify ownership, closures, current sign, wind, and safe shooting conditions.</desc><type>Modeled security option — verify access and sign</type></wpt>
  <wpt lat="40.059055" lon="-107.055803"><name>H05B · East Coal Creek</name><desc>1.1 mi from the nearest source patch; representative corridor 0.7 mi to the 0.5 mi footprint caution edge near Bear Lake Campground; security score 64/100. Verify ownership, closures, current sign, wind, and safe shooting conditions.</desc><type>Modeled security option — verify access and sign</type></wpt>
  <wpt lat="40.073334" lon="-107.071293"><name>H05C · East Coal Creek</name><desc>1.8 mi from the nearest source patch; representative corridor 1.4 mi to the 0.5 mi footprint caution edge near Bear Lake Campground; security score 63/100. Verify ownership, closures, current sign, wind, and safe shooting conditions.</desc><type>Modeled security option — verify access and sign</type></wpt>
  <wpt lat="40.048546" lon="-107.092415"><name>H05D · Mandall Creek</name><desc>1.1 mi from the nearest source patch; representative corridor 0.7 mi to the 0.5 mi footprint caution edge near Bear Lake Campground; security score 63/100. Verify ownership, closures, current sign, wind, and safe shooting conditions.</desc><type>Modeled security option — verify access and sign</type></wpt>
  <wpt lat="40.019975" lon="-107.092063"><name>H05E · Flat Top Mountain</name><desc>2.1 mi from the nearest source patch; representative corridor 1.7 mi to the 0.5 mi footprint caution edge near Bear Lake Campground; security score 62/100. Verify ownership, closures, current sign, wind, and safe shooting conditions.</desc><type>Modeled security option — verify access and sign</type></wpt>
  <wpt lat="39.827271" lon="-107.145659"><name>H06A · Hack Lake</name><desc>1.9 mi from the nearest source patch; representative corridor 1.6 mi to the 0.5 mi footprint caution edge near Sweetwater Lake Campground; security score 71/100. Verify ownership, closures, current sign, wind, and safe shooting conditions.</desc><type>Modeled security option — verify access and sign</type></wpt>
  <wpt lat="39.836160" lon="-107.200377"><name>H06B · Cross Creek</name><desc>3.0 mi from the nearest source patch; representative corridor 2.7 mi to the 0.5 mi footprint caution edge near Sweetwater Lake Campground; security score 79/100. Verify ownership, closures, current sign, wind, and safe shooting conditions.</desc><type>Modeled security option — verify access and sign</type></wpt>
  <wpt lat="39.815148" lon="-107.204586"><name>H06C · Cross Creek</name><desc>2.2 mi from the nearest source patch; representative corridor 1.9 mi to the 0.5 mi footprint caution edge near Sweetwater Lake Campground; security score 66/100. Verify ownership, closures, current sign, wind, and safe shooting conditions.</desc><type>Modeled security option — verify access and sign</type></wpt>
  <wpt lat="39.823500" lon="-107.164600"><name>H06D · Johnny Meyers Lake</name><desc>1.4 mi from the nearest source patch; representative corridor 1.0 mi to the 0.5 mi footprint caution edge near Sweetwater Lake Campground; security score 60/100. Verify ownership, closures, current sign, wind, and safe shooting conditions.</desc><type>Modeled security option — verify access and sign</type></wpt>
  <wpt lat="39.784157" lon="-107.179332"><name>H06E · Darnell Creek</name><desc>1.3 mi from the nearest source patch; representative corridor 0.9 mi to the 0.5 mi footprint caution edge near Sweetwater Lake Campground; security score 58/100. Verify ownership, closures, current sign, wind, and safe shooting conditions.</desc><type>Modeled security option — verify access and sign</type></wpt>
  <wpt lat="40.238373" lon="-107.398227"><name>H07A · Elk Draw</name><desc>2.3 mi from the nearest source patch; representative corridor 1.9 mi to the 0.5 mi footprint caution edge near Indian Run SWA; security score 69/100. Verify ownership, closures, current sign, wind, and safe shooting conditions.</desc><type>Modeled security option — verify access and sign</type></wpt>
  <wpt lat="40.269911" lon="-107.391163"><name>H07B · Sagebrush Reservoir Number 1</name><desc>1.5 mi from the nearest source patch; representative corridor 1.0 mi to the 0.5 mi footprint caution edge near Indian Run SWA; security score 61/100. Verify ownership, closures, current sign, wind, and safe shooting conditions.</desc><type>Modeled security option — verify access and sign</type></wpt>
  <wpt lat="40.262635" lon="-107.451913"><name>H07C · Coal Creek</name><desc>1.1 mi from the nearest source patch; representative corridor 0.7 mi to the 0.5 mi footprint caution edge near Indian Run SWA; security score 54/100. Verify ownership, closures, current sign, wind, and safe shooting conditions.</desc><type>Modeled security option — verify access and sign</type></wpt>
  <wpt lat="40.226509" lon="-107.420125"><name>H07D · Pine Creek</name><desc>2.8 mi from the nearest source patch; representative corridor 2.7 mi to the 0.5 mi footprint caution edge near Indian Run SWA; security score 61/100. Verify ownership, closures, current sign, wind, and safe shooting conditions.</desc><type>Modeled security option — verify access and sign</type></wpt>
  <wpt lat="40.282307" lon="-107.401406"><name>H07E · Sagebrush Reservoir Number 1</name><desc>1.3 mi from the nearest source patch; representative corridor 0.8 mi to the 0.5 mi footprint caution edge near Indian Run SWA; security score 49/100. Verify ownership, closures, current sign, wind, and safe shooting conditions.</desc><type>Modeled security option — verify access and sign</type></wpt>
  <wpt lat="40.449929" lon="-106.886785"><name>H08A · Quarry Mountain</name><desc>2.1 mi from the nearest source patch; representative corridor 1.8 mi to the 0.5 mi footprint caution edge near Mapped developed area; security score 70/100. Verify ownership, closures, current sign, wind, and safe shooting conditions.</desc><type>Modeled security option — verify access and sign</type></wpt>
  <wpt lat="40.465017" lon="-106.866248"><name>H08B · Quarry Mountain</name><desc>1.8 mi from the nearest source patch; representative corridor 1.4 mi to the 0.5 mi footprint caution edge near Mapped developed area; security score 61/100. Verify ownership, closures, current sign, wind, and safe shooting conditions.</desc><type>Modeled security option — verify access and sign</type></wpt>
  <wpt lat="40.429717" lon="-106.886077"><name>H08C · Upper Robinson Reservoir</name><desc>2.0 mi from the nearest source patch; representative corridor 1.6 mi to the 0.5 mi footprint caution edge near Mapped developed area; security score 53/100. Verify ownership, closures, current sign, wind, and safe shooting conditions.</desc><type>Modeled security option — verify access and sign</type></wpt>
  <trk><name>Rifle Falls State Park 0.5 mi caution edge</name><type>Analysis caution boundary — not statutory</type><trkseg>
    <trkpt lat="39.665934" lon="-107.714417" />
    <trkpt lat="39.667569" lon="-107.713590" />
    <trkpt lat="39.669214" lon="-107.713528" />
    <trkpt lat="39.670594" lon="-107.713110" />
    <trkpt lat="39.672277" lon="-107.712290" />
    <trkpt lat="39.673814" lon="-107.711158" />
    <trkpt lat="39.675142" lon="-107.711020" />
    <trkpt lat="39.677366" lon="-107.711138" />
    <trkpt lat="39.678619" lon="-107.710882" />
    <trkpt lat="39.680261" lon="-107.711428" />
    <trkpt lat="39.682821" lon="-107.711508" />
    <trkpt lat="39.684232" lon="-107.711327" />
    <trkpt lat="39.685588" lon="-107.710793" />
    <trkpt lat="39.686436" lon="-107.710249" />
    <trkpt lat="39.687588" lon="-107.709177" />
    <trkpt lat="39.688257" lon="-107.708308" />
    <trkpt lat="39.689082" lon="-107.706811" />
    <trkpt lat="39.690074" lon="-107.703845" />
    <trkpt lat="39.690305" lon="-107.702028" />
    <trkpt lat="39.690305" lon="-107.700449" />
    <trkpt lat="39.689937" lon="-107.698043" />
    <trkpt lat="39.689352" lon="-107.696366" />
    <trkpt lat="39.688526" lon="-107.694869" />
    <trkpt lat="39.687107" lon="-107.693252" />
    <trkpt lat="39.684876" lon="-107.691817" />
    <trkpt lat="39.682714" lon="-107.691325" />
    <trkpt lat="39.680834" lon="-107.690066" />
    <trkpt lat="39.677044" lon="-107.688915" />
    <trkpt lat="39.675224" lon="-107.688044" />
    <trkpt lat="39.675093" lon="-107.685576" />
    <trkpt lat="39.674486" lon="-107.683254" />
    <trkpt lat="39.673437" lon="-107.681214" />
    <trkpt lat="39.671748" lon="-107.679247" />
    <trkpt lat="39.669851" lon="-107.677933" />
    <trkpt lat="39.668524" lon="-107.677284" />
    <trkpt lat="39.667126" lon="-107.676984" />
    <trkpt lat="39.664563" lon="-107.676984" />
    <trkpt lat="39.662086" lon="-107.677634" />
    <trkpt lat="39.660759" lon="-107.678283" />
    <trkpt lat="39.659189" lon="-107.679645" />
    <trkpt lat="39.657950" lon="-107.681339" />
    <trkpt lat="39.657202" lon="-107.682903" />
    <trkpt lat="39.656702" lon="-107.684627" />
    <trkpt lat="39.656471" lon="-107.686444" />
    <trkpt lat="39.656473" lon="-107.688751" />
    <trkpt lat="39.655268" lon="-107.690764" />
    <trkpt lat="39.654279" lon="-107.693720" />
    <trkpt lat="39.654001" lon="-107.694146" />
    <trkpt lat="39.652199" lon="-107.694618" />
    <trkpt lat="39.650907" lon="-107.695378" />
    <trkpt lat="39.649755" lon="-107.696450" />
    <trkpt lat="39.648816" lon="-107.697670" />
    <trkpt lat="39.647990" lon="-107.699167" />
    <trkpt lat="39.647405" lon="-107.700844" />
    <trkpt lat="39.647083" lon="-107.702638" />
    <trkpt lat="39.647037" lon="-107.704828" />
    <trkpt lat="39.647430" lon="-107.707797" />
    <trkpt lat="39.647841" lon="-107.709560" />
    <trkpt lat="39.648510" lon="-107.711184" />
    <trkpt lat="39.649348" lon="-107.712522" />
    <trkpt lat="39.649728" lon="-107.714111" />
    <trkpt lat="39.650397" lon="-107.715735" />
    <trkpt lat="39.652450" lon="-107.718630" />
    <trkpt lat="39.654279" lon="-107.720428" />
    <trkpt lat="39.655530" lon="-107.721296" />
    <trkpt lat="39.656887" lon="-107.721831" />
    <trkpt lat="39.658837" lon="-107.722011" />
    <trkpt lat="39.660709" lon="-107.721691" />
    <trkpt lat="39.662035" lon="-107.721042" />
    <trkpt lat="39.663605" lon="-107.719680" />
    <trkpt lat="39.664574" lon="-107.718336" />
    <trkpt lat="39.665518" lon="-107.716212" />
    <trkpt lat="39.665934" lon="-107.714417" />
  </trkseg></trk>
  <trk><name>Trappers Lake/shephards Rim Campground 0.5 mi caution edge</name><type>Analysis caution boundary — not statutory</type><trkseg>
    <trkpt lat="39.985041" lon="-107.246440" />
    <trkpt lat="39.986193" lon="-107.248787" />
    <trkpt lat="39.987882" lon="-107.250763" />
    <trkpt lat="39.989672" lon="-107.251987" />
    <trkpt lat="39.992723" lon="-107.253440" />
    <trkpt lat="39.994595" lon="-107.253761" />
    <trkpt lat="39.996275" lon="-107.253580" />
    <trkpt lat="39.997632" lon="-107.253043" />
    <trkpt lat="39.999421" lon="-107.251819" />
    <trkpt lat="40.001109" lon="-107.249842" />
    <trkpt lat="40.002158" lon="-107.247793" />
    <trkpt lat="40.002790" lon="-107.245949" />
    <trkpt lat="40.003034" lon="-107.244756" />
    <trkpt lat="40.003173" lon="-107.242940" />
    <trkpt lat="40.003701" lon="-107.241602" />
    <trkpt lat="40.004112" lon="-107.239832" />
    <trkpt lat="40.004251" lon="-107.237990" />
    <trkpt lat="40.004112" lon="-107.235797" />
    <trkpt lat="40.003701" lon="-107.234026" />
    <trkpt lat="40.002763" lon="-107.231691" />
    <trkpt lat="40.001594" lon="-107.229909" />
    <trkpt lat="40.000499" lon="-107.228735" />
    <trkpt lat="39.998710" lon="-107.227511" />
    <trkpt lat="39.997353" lon="-107.226974" />
    <trkpt lat="39.995942" lon="-107.226792" />
    <trkpt lat="39.994262" lon="-107.226974" />
    <trkpt lat="39.992906" lon="-107.227511" />
    <trkpt lat="39.991116" lon="-107.228735" />
    <trkpt lat="39.990044" lon="-107.229880" />
    <trkpt lat="39.988845" lon="-107.230853" />
    <trkpt lat="39.987541" lon="-107.232470" />
    <trkpt lat="39.985617" lon="-107.235560" />
    <trkpt lat="39.984679" lon="-107.237896" />
    <trkpt lat="39.984191" lon="-107.240276" />
    <trkpt lat="39.984144" lon="-107.242477" />
    <trkpt lat="39.984375" lon="-107.244303" />
    <trkpt lat="39.985041" lon="-107.246440" />
  </trkseg></trk>
  <trk><name>Chapman Reservoir Campground 0.5 mi caution edge</name><type>Analysis caution boundary — not statutory</type><trkseg>
    <trkpt lat="40.179224" lon="-107.081447" />
    <trkpt lat="40.178451" lon="-107.084194" />
    <trkpt lat="40.178327" lon="-107.087013" />
    <trkpt lat="40.178451" lon="-107.088241" />
    <trkpt lat="40.178862" lon="-107.090016" />
    <trkpt lat="40.180076" lon="-107.092862" />
    <trkpt lat="40.180969" lon="-107.094146" />
    <trkpt lat="40.182065" lon="-107.095323" />
    <trkpt lat="40.184298" lon="-107.096769" />
    <trkpt lat="40.185212" lon="-107.097090" />
    <trkpt lat="40.186622" lon="-107.097272" />
    <trkpt lat="40.188825" lon="-107.096925" />
    <trkpt lat="40.188885" lon="-107.098566" />
    <trkpt lat="40.189207" lon="-107.100373" />
    <trkpt lat="40.189569" lon="-107.101517" />
    <trkpt lat="40.190318" lon="-107.103093" />
    <trkpt lat="40.190942" lon="-107.104024" />
    <trkpt lat="40.192037" lon="-107.105202" />
    <trkpt lat="40.193288" lon="-107.106076" />
    <trkpt lat="40.194644" lon="-107.106615" />
    <trkpt lat="40.196055" lon="-107.106797" />
    <trkpt lat="40.199082" lon="-107.106615" />
    <trkpt lat="40.202181" lon="-107.105331" />
    <trkpt lat="40.203768" lon="-107.104883" />
    <trkpt lat="40.206000" lon="-107.103438" />
    <trkpt lat="40.207958" lon="-107.101103" />
    <trkpt lat="40.208783" lon="-107.099594" />
    <trkpt lat="40.209221" lon="-107.098417" />
    <trkpt lat="40.211497" lon="-107.095181" />
    <trkpt lat="40.212165" lon="-107.093544" />
    <trkpt lat="40.212846" lon="-107.090710" />
    <trkpt lat="40.212969" lon="-107.086833" />
    <trkpt lat="40.212601" lon="-107.084409" />
    <trkpt lat="40.212016" lon="-107.082719" />
    <trkpt lat="40.211491" lon="-107.081689" />
    <trkpt lat="40.210253" lon="-107.079982" />
    <trkpt lat="40.209004" lon="-107.078673" />
    <trkpt lat="40.208321" lon="-107.077218" />
    <trkpt lat="40.208405" lon="-107.075104" />
    <trkpt lat="40.208266" lon="-107.073258" />
    <trkpt lat="40.207854" lon="-107.071482" />
    <trkpt lat="40.207436" lon="-107.070371" />
    <trkpt lat="40.206287" lon="-107.068410" />
    <trkpt lat="40.204922" lon="-107.066880" />
    <trkpt lat="40.203133" lon="-107.065653" />
    <trkpt lat="40.201777" lon="-107.065114" />
    <trkpt lat="40.200366" lon="-107.064932" />
    <trkpt lat="40.198614" lon="-107.065013" />
    <trkpt lat="40.197234" lon="-107.065435" />
    <trkpt lat="40.195943" lon="-107.066200" />
    <trkpt lat="40.194445" lon="-107.067705" />
    <trkpt lat="40.193366" lon="-107.069518" />
    <trkpt lat="40.192416" lon="-107.069599" />
    <trkpt lat="40.191036" lon="-107.070021" />
    <trkpt lat="40.190162" lon="-107.070495" />
    <trkpt lat="40.188958" lon="-107.071475" />
    <trkpt lat="40.187654" lon="-107.073096" />
    <trkpt lat="40.186600" lon="-107.075164" />
    <trkpt lat="40.185212" lon="-107.075345" />
    <trkpt lat="40.184298" lon="-107.075666" />
    <trkpt lat="40.182065" lon="-107.077111" />
    <trkpt lat="40.180376" lon="-107.079094" />
    <trkpt lat="40.179224" lon="-107.081447" />
  </trkseg></trk>
  <trk><name>Marvine Campground 0.5 mi caution edge</name><type>Analysis caution boundary — not statutory</type><trkseg>
    <trkpt lat="40.007765" lon="-107.437145" />
    <trkpt lat="40.010272" lon="-107.438415" />
    <trkpt lat="40.012426" lon="-107.438577" />
    <trkpt lat="40.014277" lon="-107.438096" />
    <trkpt lat="40.016509" lon="-107.436654" />
    <trkpt lat="40.018197" lon="-107.434677" />
    <trkpt lat="40.018773" lon="-107.433697" />
    <trkpt lat="40.019516" lon="-107.431924" />
    <trkpt lat="40.019878" lon="-107.430783" />
    <trkpt lat="40.020199" lon="-107.428980" />
    <trkpt lat="40.020199" lon="-107.426164" />
    <trkpt lat="40.019711" lon="-107.423783" />
    <trkpt lat="40.018773" lon="-107.421447" />
    <trkpt lat="40.017605" lon="-107.419665" />
    <trkpt lat="40.016107" lon="-107.418164" />
    <trkpt lat="40.013824" lon="-107.416869" />
    <trkpt lat="40.011506" lon="-107.416555" />
    <trkpt lat="40.010504" lon="-107.415993" />
    <trkpt lat="40.008513" lon="-107.415322" />
    <trkpt lat="40.007102" lon="-107.415140" />
    <trkpt lat="40.005888" lon="-107.415221" />
    <trkpt lat="40.004508" lon="-107.415641" />
    <trkpt lat="40.002677" lon="-107.416757" />
    <trkpt lat="40.001525" lon="-107.417835" />
    <trkpt lat="40.000286" lon="-107.419538" />
    <trkpt lat="39.999268" lon="-107.421813" />
    <trkpt lat="39.998768" lon="-107.423545" />
    <trkpt lat="39.998538" lon="-107.425371" />
    <trkpt lat="39.998584" lon="-107.427573" />
    <trkpt lat="39.998906" lon="-107.429376" />
    <trkpt lat="39.999761" lon="-107.431765" />
    <trkpt lat="40.000586" lon="-107.433269" />
    <trkpt lat="40.001891" lon="-107.434887" />
    <trkpt lat="40.003095" lon="-107.435864" />
    <trkpt lat="40.004508" lon="-107.436688" />
    <trkpt lat="40.005888" lon="-107.437109" />
    <trkpt lat="40.007765" lon="-107.437145" />
  </trkseg></trk>
  <trk><name>Bear Lake Campground 0.5 mi caution edge</name><type>Analysis caution boundary — not statutory</type><trkseg>
    <trkpt lat="40.049495" lon="-107.079724" />
    <trkpt lat="40.050927" lon="-107.078611" />
    <trkpt lat="40.052231" lon="-107.076993" />
    <trkpt lat="40.053057" lon="-107.075488" />
    <trkpt lat="40.053745" lon="-107.073676" />
    <trkpt lat="40.054156" lon="-107.071904" />
    <trkpt lat="40.054295" lon="-107.070061" />
    <trkpt lat="40.054156" lon="-107.067866" />
    <trkpt lat="40.053745" lon="-107.066094" />
    <trkpt lat="40.052807" lon="-107.063757" />
    <trkpt lat="40.051908" lon="-107.062325" />
    <trkpt lat="40.050542" lon="-107.060799" />
    <trkpt lat="40.049184" lon="-107.059829" />
    <trkpt lat="40.047397" lon="-107.059036" />
    <trkpt lat="40.045986" lon="-107.058854" />
    <trkpt lat="40.044306" lon="-107.059036" />
    <trkpt lat="40.042949" lon="-107.059574" />
    <trkpt lat="40.041160" lon="-107.060799" />
    <trkpt lat="40.040064" lon="-107.061973" />
    <trkpt lat="40.038895" lon="-107.063757" />
    <trkpt lat="40.038152" lon="-107.065531" />
    <trkpt lat="40.037653" lon="-107.067264" />
    <trkpt lat="40.037407" lon="-107.069709" />
    <trkpt lat="40.037546" lon="-107.071904" />
    <trkpt lat="40.037957" lon="-107.073676" />
    <trkpt lat="40.038895" lon="-107.076013" />
    <trkpt lat="40.039794" lon="-107.077445" />
    <trkpt lat="40.041160" lon="-107.078971" />
    <trkpt lat="40.042949" lon="-107.080196" />
    <trkpt lat="40.044773" lon="-107.080835" />
    <trkpt lat="40.046459" lon="-107.080895" />
    <trkpt lat="40.047858" lon="-107.080594" />
    <trkpt lat="40.049495" lon="-107.079724" />
  </trkseg></trk>
  <trk><name>Sweetwater Lake Campground 0.5 mi caution edge</name><type>Analysis caution boundary — not statutory</type><trkseg>
    <trkpt lat="39.801056" lon="-107.148734" />
    <trkpt lat="39.800014" lon="-107.147487" />
    <trkpt lat="39.798810" lon="-107.146512" />
    <trkpt lat="39.797936" lon="-107.146041" />
    <trkpt lat="39.796556" lon="-107.145622" />
    <trkpt lat="39.793860" lon="-107.145622" />
    <trkpt lat="39.792479" lon="-107.146041" />
    <trkpt lat="39.791605" lon="-107.146512" />
    <trkpt lat="39.790401" lon="-107.147487" />
    <trkpt lat="39.789420" lon="-107.148649" />
    <trkpt lat="39.788521" lon="-107.150076" />
    <trkpt lat="39.788048" lon="-107.151142" />
    <trkpt lat="39.787686" lon="-107.152279" />
    <trkpt lat="39.787364" lon="-107.154076" />
    <trkpt lat="39.787317" lon="-107.156972" />
    <trkpt lat="39.787686" lon="-107.159382" />
    <trkpt lat="39.788734" lon="-107.161973" />
    <trkpt lat="39.789395" lon="-107.164729" />
    <trkpt lat="39.790138" lon="-107.166497" />
    <trkpt lat="39.791307" lon="-107.168274" />
    <trkpt lat="39.792805" lon="-107.169769" />
    <trkpt lat="39.794555" lon="-107.170711" />
    <trkpt lat="39.796158" lon="-107.173184" />
    <trkpt lat="39.797656" lon="-107.174680" />
    <trkpt lat="39.798504" lon="-107.175225" />
    <trkpt lat="39.799861" lon="-107.175760" />
    <trkpt lat="39.802014" lon="-107.175921" />
    <trkpt lat="39.803412" lon="-107.175620" />
    <trkpt lat="39.805156" lon="-107.174680" />
    <trkpt lat="39.806308" lon="-107.173605" />
    <trkpt lat="39.807277" lon="-107.172259" />
    <trkpt lat="39.808249" lon="-107.170033" />
    <trkpt lat="39.809150" lon="-107.168429" />
    <trkpt lat="39.809735" lon="-107.166748" />
    <trkpt lat="39.810057" lon="-107.164951" />
    <trkpt lat="39.810103" lon="-107.162055" />
    <trkpt lat="39.809872" lon="-107.160235" />
    <trkpt lat="39.809029" lon="-107.156964" />
    <trkpt lat="39.808361" lon="-107.155337" />
    <trkpt lat="39.807785" lon="-107.154360" />
    <trkpt lat="39.805576" lon="-107.151455" />
    <trkpt lat="39.804480" lon="-107.150285" />
    <trkpt lat="39.803230" lon="-107.149415" />
    <trkpt lat="39.801056" lon="-107.148734" />
  </trkseg></trk>
  <trk><name>Indian Run SWA 0.5 mi caution edge</name><type>Analysis caution boundary — not statutory</type><trkseg>
    <trkpt lat="40.274022" lon="-107.443887" />
    <trkpt lat="40.277490" lon="-107.443051" />
    <trkpt lat="40.279020" lon="-107.442141" />
    <trkpt lat="40.280960" lon="-107.442060" />
    <trkpt lat="40.282341" lon="-107.441638" />
    <trkpt lat="40.284033" lon="-107.440544" />
    <trkpt lat="40.285452" lon="-107.438913" />
    <trkpt lat="40.286278" lon="-107.437403" />
    <trkpt lat="40.286696" lon="-107.436291" />
    <trkpt lat="40.287185" lon="-107.433901" />
    <trkpt lat="40.287231" lon="-107.430278" />
    <trkpt lat="40.287000" lon="-107.428445" />
    <trkpt lat="40.286696" lon="-107.427271" />
    <trkpt lat="40.286028" lon="-107.425632" />
    <trkpt lat="40.285129" lon="-107.424196" />
    <trkpt lat="40.284418" lon="-107.423379" />
    <trkpt lat="40.283214" lon="-107.422398" />
    <trkpt lat="40.280080" lon="-107.420896" />
    <trkpt lat="40.277277" lon="-107.420716" />
    <trkpt lat="40.277215" lon="-107.418712" />
    <trkpt lat="40.277031" lon="-107.417496" />
    <trkpt lat="40.276262" lon="-107.415050" />
    <trkpt lat="40.275213" lon="-107.412993" />
    <trkpt lat="40.273524" lon="-107.411009" />
    <trkpt lat="40.271735" lon="-107.409780" />
    <trkpt lat="40.269912" lon="-107.409139" />
    <trkpt lat="40.267216" lon="-107.409139" />
    <trkpt lat="40.265392" lon="-107.409780" />
    <trkpt lat="40.263218" lon="-107.411370" />
    <trkpt lat="40.261613" lon="-107.413473" />
    <trkpt lat="40.260400" lon="-107.416322" />
    <trkpt lat="40.259911" lon="-107.418712" />
    <trkpt lat="40.259865" lon="-107.421628" />
    <trkpt lat="40.260233" lon="-107.424055" />
    <trkpt lat="40.261338" lon="-107.426980" />
    <trkpt lat="40.262472" lon="-107.428721" />
    <trkpt lat="40.262291" lon="-107.430278" />
    <trkpt lat="40.262291" lon="-107.432577" />
    <trkpt lat="40.262522" lon="-107.434410" />
    <trkpt lat="40.262826" lon="-107.435584" />
    <trkpt lat="40.263764" lon="-107.437929" />
    <trkpt lat="40.265278" lon="-107.440143" />
    <trkpt lat="40.266430" lon="-107.441225" />
    <trkpt lat="40.269004" lon="-107.442930" />
    <trkpt lat="40.270330" lon="-107.443584" />
    <trkpt lat="40.271729" lon="-107.443887" />
    <trkpt lat="40.274022" lon="-107.443887" />
  </trkseg></trk>
  <trk><name>Mapped developed area 0.5 mi caution edge</name><type>Analysis caution boundary — not statutory</type><trkseg>
    <trkpt lat="40.436691" lon="-106.857144" />
    <trkpt lat="40.442654" lon="-106.857078" />
    <trkpt lat="40.444035" lon="-106.856655" />
    <trkpt lat="40.445326" lon="-106.855887" />
    <trkpt lat="40.446478" lon="-106.854802" />
    <trkpt lat="40.447385" lon="-106.853637" />
    <trkpt lat="40.448681" lon="-106.852993" />
    <trkpt lat="40.449885" lon="-106.852009" />
    <trkpt lat="40.451189" lon="-106.850382" />
    <trkpt lat="40.452027" lon="-106.848837" />
    <trkpt lat="40.453003" lon="-106.848122" />
    <trkpt lat="40.454099" lon="-106.846941" />
    <trkpt lat="40.455537" lon="-106.844793" />
    <trkpt lat="40.456010" lon="-106.843716" />
    <trkpt lat="40.456509" lon="-106.841973" />
    <trkpt lat="40.456755" lon="-106.839514" />
    <trkpt lat="40.456740" lon="-106.837476" />
    <trkpt lat="40.456513" lon="-106.835660" />
    <trkpt lat="40.457317" lon="-106.832767" />
    <trkpt lat="40.457694" lon="-106.830391" />
    <trkpt lat="40.457817" lon="-106.826499" />
    <trkpt lat="40.457587" lon="-106.824662" />
    <trkpt lat="40.457087" lon="-106.822919" />
    <trkpt lat="40.456339" lon="-106.821337" />
    <trkpt lat="40.455677" lon="-106.820355" />
    <trkpt lat="40.455616" lon="-106.817737" />
    <trkpt lat="40.455127" lon="-106.815341" />
    <trkpt lat="40.454183" lon="-106.813193" />
    <trkpt lat="40.452041" lon="-106.810377" />
    <trkpt lat="40.449759" lon="-106.808331" />
    <trkpt lat="40.447711" lon="-106.807012" />
    <trkpt lat="40.446007" lon="-106.806258" />
    <trkpt lat="40.442789" lon="-106.805580" />
    <trkpt lat="40.439890" lon="-106.805601" />
    <trkpt lat="40.437605" lon="-106.806117" />
    <trkpt lat="40.434868" lon="-106.807367" />
    <trkpt lat="40.433832" lon="-106.807533" />
    <trkpt lat="40.432475" lon="-106.808074" />
    <trkpt lat="40.431225" lon="-106.808952" />
    <trkpt lat="40.429841" lon="-106.810538" />
    <trkpt lat="40.428172" lon="-106.810720" />
    <trkpt lat="40.426384" lon="-106.811518" />
    <trkpt lat="40.424814" lon="-106.812896" />
    <trkpt lat="40.423305" lon="-106.814963" />
    <trkpt lat="40.421971" lon="-106.817413" />
    <trkpt lat="40.420939" lon="-106.820086" />
    <trkpt lat="40.420440" lon="-106.821829" />
    <trkpt lat="40.420209" lon="-106.823667" />
    <trkpt lat="40.420209" lon="-106.825972" />
    <trkpt lat="40.420868" lon="-106.830365" />
    <trkpt lat="40.420478" lon="-106.832873" />
    <trkpt lat="40.420525" lon="-106.835089" />
    <trkpt lat="40.421013" lon="-106.837485" />
    <trkpt lat="40.421971" lon="-106.840016" />
    <trkpt lat="40.423606" lon="-106.842946" />
    <trkpt lat="40.425189" lon="-106.844937" />
    <trkpt lat="40.425596" lon="-106.846691" />
    <trkpt lat="40.427093" lon="-106.850992" />
    <trkpt lat="40.428427" lon="-106.853442" />
    <trkpt lat="40.429666" lon="-106.855156" />
    <trkpt lat="40.431235" lon="-106.856534" />
    <trkpt lat="40.433023" lon="-106.857331" />
    <trkpt lat="40.435177" lon="-106.857493" />
    <trkpt lat="40.436691" lon="-106.857144" />
  </trkseg></trk>
  <trk><name>H01A · West Elk Reservoir → source-footprint caution edge</name><trkseg>
    <trkpt lat="39.698851" lon="-107.664126" />
    <trkpt lat="39.699121" lon="-107.664476" />
    <trkpt lat="39.699390" lon="-107.664827" />
    <trkpt lat="39.699659" lon="-107.665177" />
    <trkpt lat="39.699659" lon="-107.665527" />
    <trkpt lat="39.699929" lon="-107.665877" />
    <trkpt lat="39.699929" lon="-107.666227" />
    <trkpt lat="39.699929" lon="-107.666577" />
    <trkpt lat="39.699929" lon="-107.666927" />
    <trkpt lat="39.700198" lon="-107.667277" />
    <trkpt lat="39.700198" lon="-107.667627" />
    <trkpt lat="39.700198" lon="-107.667978" />
    <trkpt lat="39.700198" lon="-107.668328" />
    <trkpt lat="39.700198" lon="-107.668678" />
    <trkpt lat="39.700198" lon="-107.669028" />
    <trkpt lat="39.700198" lon="-107.669378" />
    <trkpt lat="39.700198" lon="-107.669728" />
    <trkpt lat="39.700198" lon="-107.670078" />
    <trkpt lat="39.700198" lon="-107.670428" />
    <trkpt lat="39.700198" lon="-107.670778" />
    <trkpt lat="39.700198" lon="-107.671129" />
    <trkpt lat="39.700198" lon="-107.671479" />
    <trkpt lat="39.700198" lon="-107.671829" />
    <trkpt lat="39.699929" lon="-107.672179" />
    <trkpt lat="39.699929" lon="-107.672529" />
    <trkpt lat="39.699929" lon="-107.672879" />
    <trkpt lat="39.699929" lon="-107.673229" />
    <trkpt lat="39.699929" lon="-107.673579" />
    <trkpt lat="39.699929" lon="-107.673929" />
    <trkpt lat="39.699929" lon="-107.674280" />
    <trkpt lat="39.699929" lon="-107.674630" />
    <trkpt lat="39.699929" lon="-107.674980" />
    <trkpt lat="39.699929" lon="-107.675330" />
    <trkpt lat="39.699929" lon="-107.675680" />
    <trkpt lat="39.699929" lon="-107.676030" />
    <trkpt lat="39.699929" lon="-107.676380" />
    <trkpt lat="39.699929" lon="-107.676730" />
    <trkpt lat="39.699929" lon="-107.677080" />
    <trkpt lat="39.699929" lon="-107.677431" />
    <trkpt lat="39.699929" lon="-107.677781" />
    <trkpt lat="39.699929" lon="-107.678131" />
    <trkpt lat="39.699929" lon="-107.678481" />
    <trkpt lat="39.699929" lon="-107.678831" />
    <trkpt lat="39.699929" lon="-107.679181" />
    <trkpt lat="39.699929" lon="-107.679531" />
    <trkpt lat="39.699929" lon="-107.679881" />
    <trkpt lat="39.699929" lon="-107.680231" />
    <trkpt lat="39.699929" lon="-107.680582" />
    <trkpt lat="39.699929" lon="-107.680932" />
    <trkpt lat="39.699929" lon="-107.681282" />
    <trkpt lat="39.699659" lon="-107.681632" />
    <trkpt lat="39.699390" lon="-107.681982" />
    <trkpt lat="39.699121" lon="-107.682332" />
    <trkpt lat="39.698851" lon="-107.682682" />
    <trkpt lat="39.698582" lon="-107.683032" />
    <trkpt lat="39.698312" lon="-107.683382" />
    <trkpt lat="39.698043" lon="-107.683733" />
    <trkpt lat="39.697774" lon="-107.684083" />
    <trkpt lat="39.697504" lon="-107.684433" />
    <trkpt lat="39.697235" lon="-107.684783" />
    <trkpt lat="39.696965" lon="-107.685133" />
    <trkpt lat="39.696696" lon="-107.685483" />
    <trkpt lat="39.696427" lon="-107.685833" />
    <trkpt lat="39.696157" lon="-107.686183" />
    <trkpt lat="39.695888" lon="-107.686533" />
    <trkpt lat="39.695618" lon="-107.686884" />
    <trkpt lat="39.695349" lon="-107.686884" />
    <trkpt lat="39.695080" lon="-107.686884" />
    <trkpt lat="39.694810" lon="-107.686884" />
    <trkpt lat="39.694541" lon="-107.686884" />
    <trkpt lat="39.694272" lon="-107.686884" />
    <trkpt lat="39.694002" lon="-107.687234" />
    <trkpt lat="39.693733" lon="-107.687584" />
    <trkpt lat="39.693463" lon="-107.687934" />
    <trkpt lat="39.693194" lon="-107.687934" />
    <trkpt lat="39.692925" lon="-107.687934" />
    <trkpt lat="39.692655" lon="-107.688284" />
    <trkpt lat="39.692386" lon="-107.688284" />
    <trkpt lat="39.692116" lon="-107.688634" />
    <trkpt lat="39.691847" lon="-107.688634" />
    <trkpt lat="39.691577" lon="-107.688634" />
    <trkpt lat="39.691308" lon="-107.688634" />
    <trkpt lat="39.691039" lon="-107.688984" />
    <trkpt lat="39.690769" lon="-107.689334" />
    <trkpt lat="39.690500" lon="-107.689684" />
    <trkpt lat="39.690230" lon="-107.690034" />
    <trkpt lat="39.689961" lon="-107.690034" />
    <trkpt lat="39.689692" lon="-107.690034" />
    <trkpt lat="39.689422" lon="-107.690034" />
    <trkpt lat="39.689153" lon="-107.690034" />
    <trkpt lat="39.688883" lon="-107.690034" />
    <trkpt lat="39.688614" lon="-107.690034" />
    <trkpt lat="39.688345" lon="-107.690034" />
    <trkpt lat="39.688075" lon="-107.690034" />
    <trkpt lat="39.687806" lon="-107.690034" />
    <trkpt lat="39.687536" lon="-107.690385" />
    <trkpt lat="39.687267" lon="-107.690735" />
    <trkpt lat="39.686997" lon="-107.691085" />
    <trkpt lat="39.686728" lon="-107.691435" />
    <trkpt lat="39.686459" lon="-107.691785" />
    <trkpt lat="39.686189" lon="-107.692135" />
    <trkpt lat="39.685920" lon="-107.692485" />
  </trkseg></trk>
  <trk><name>H01B · Big Parker Creek → source-footprint caution edge</name><trkseg>
    <trkpt lat="39.696427" lon="-107.740100" />
    <trkpt lat="39.696427" lon="-107.739750" />
    <trkpt lat="39.696427" lon="-107.739400" />
    <trkpt lat="39.696427" lon="-107.739050" />
    <trkpt lat="39.696427" lon="-107.738700" />
    <trkpt lat="39.696427" lon="-107.738350" />
    <trkpt lat="39.696427" lon="-107.738000" />
    <trkpt lat="39.696427" lon="-107.737650" />
    <trkpt lat="39.696157" lon="-107.737299" />
    <trkpt lat="39.695888" lon="-107.736949" />
    <trkpt lat="39.695888" lon="-107.736599" />
    <trkpt lat="39.695618" lon="-107.736249" />
    <trkpt lat="39.695349" lon="-107.735899" />
    <trkpt lat="39.695080" lon="-107.735549" />
    <trkpt lat="39.694810" lon="-107.735199" />
    <trkpt lat="39.694541" lon="-107.734849" />
    <trkpt lat="39.694272" lon="-107.734499" />
    <trkpt lat="39.694002" lon="-107.734148" />
    <trkpt lat="39.693733" lon="-107.733798" />
    <trkpt lat="39.693463" lon="-107.733448" />
    <trkpt lat="39.693194" lon="-107.733098" />
    <trkpt lat="39.692925" lon="-107.732748" />
    <trkpt lat="39.692655" lon="-107.732398" />
    <trkpt lat="39.692386" lon="-107.732048" />
    <trkpt lat="39.692116" lon="-107.731698" />
    <trkpt lat="39.691847" lon="-107.731348" />
    <trkpt lat="39.691577" lon="-107.730997" />
    <trkpt lat="39.691308" lon="-107.730647" />
    <trkpt lat="39.691039" lon="-107.730297" />
    <trkpt lat="39.690769" lon="-107.729947" />
    <trkpt lat="39.690769" lon="-107.729597" />
    <trkpt lat="39.690500" lon="-107.729247" />
    <trkpt lat="39.690230" lon="-107.728897" />
    <trkpt lat="39.689961" lon="-107.728547" />
    <trkpt lat="39.689692" lon="-107.728197" />
    <trkpt lat="39.689422" lon="-107.727846" />
    <trkpt lat="39.689153" lon="-107.727496" />
    <trkpt lat="39.688883" lon="-107.727496" />
    <trkpt lat="39.688614" lon="-107.727496" />
    <trkpt lat="39.688345" lon="-107.727496" />
    <trkpt lat="39.688075" lon="-107.727496" />
    <trkpt lat="39.687806" lon="-107.727496" />
    <trkpt lat="39.687536" lon="-107.727146" />
    <trkpt lat="39.687267" lon="-107.726796" />
    <trkpt lat="39.686997" lon="-107.726796" />
    <trkpt lat="39.686728" lon="-107.726796" />
    <trkpt lat="39.686459" lon="-107.726796" />
    <trkpt lat="39.686189" lon="-107.726446" />
    <trkpt lat="39.685920" lon="-107.726096" />
    <trkpt lat="39.685650" lon="-107.725746" />
    <trkpt lat="39.685381" lon="-107.725746" />
    <trkpt lat="39.685111" lon="-107.725746" />
    <trkpt lat="39.684842" lon="-107.725746" />
    <trkpt lat="39.684573" lon="-107.725396" />
    <trkpt lat="39.684303" lon="-107.725396" />
    <trkpt lat="39.684034" lon="-107.725046" />
    <trkpt lat="39.683764" lon="-107.724695" />
    <trkpt lat="39.683495" lon="-107.724345" />
    <trkpt lat="39.683225" lon="-107.723995" />
    <trkpt lat="39.682956" lon="-107.723645" />
    <trkpt lat="39.682686" lon="-107.723295" />
    <trkpt lat="39.682417" lon="-107.722945" />
    <trkpt lat="39.682148" lon="-107.722945" />
    <trkpt lat="39.681878" lon="-107.722945" />
    <trkpt lat="39.681609" lon="-107.722945" />
    <trkpt lat="39.681339" lon="-107.722945" />
    <trkpt lat="39.681070" lon="-107.722945" />
    <trkpt lat="39.680800" lon="-107.722945" />
    <trkpt lat="39.680531" lon="-107.722945" />
    <trkpt lat="39.680261" lon="-107.722945" />
    <trkpt lat="39.679992" lon="-107.722945" />
    <trkpt lat="39.679723" lon="-107.722595" />
    <trkpt lat="39.679453" lon="-107.722245" />
    <trkpt lat="39.679184" lon="-107.722245" />
    <trkpt lat="39.678914" lon="-107.721895" />
    <trkpt lat="39.678645" lon="-107.721544" />
    <trkpt lat="39.678375" lon="-107.721544" />
    <trkpt lat="39.678106" lon="-107.721194" />
    <trkpt lat="39.677836" lon="-107.721194" />
    <trkpt lat="39.677567" lon="-107.721194" />
    <trkpt lat="39.677297" lon="-107.720844" />
    <trkpt lat="39.677028" lon="-107.720494" />
    <trkpt lat="39.677028" lon="-107.720144" />
    <trkpt lat="39.676758" lon="-107.719794" />
    <trkpt lat="39.676489" lon="-107.719444" />
    <trkpt lat="39.676220" lon="-107.719094" />
    <trkpt lat="39.675950" lon="-107.718744" />
    <trkpt lat="39.675950" lon="-107.718393" />
    <trkpt lat="39.675681" lon="-107.718043" />
    <trkpt lat="39.675411" lon="-107.717693" />
    <trkpt lat="39.675142" lon="-107.717343" />
    <trkpt lat="39.675142" lon="-107.716993" />
    <trkpt lat="39.674872" lon="-107.716643" />
    <trkpt lat="39.674872" lon="-107.716293" />
    <trkpt lat="39.674603" lon="-107.715943" />
    <trkpt lat="39.674603" lon="-107.715593" />
    <trkpt lat="39.674333" lon="-107.715242" />
    <trkpt lat="39.674333" lon="-107.714892" />
    <trkpt lat="39.674333" lon="-107.714542" />
    <trkpt lat="39.674064" lon="-107.714192" />
    <trkpt lat="39.673794" lon="-107.713842" />
    <trkpt lat="39.673525" lon="-107.713492" />
    <trkpt lat="39.673255" lon="-107.713142" />
    <trkpt lat="39.672986" lon="-107.712792" />
    <trkpt lat="39.672716" lon="-107.712442" />
    <trkpt lat="39.672483" lon="-107.712138" />
  </trkseg></trk>
  <trk><name>H01C · Sawmill Gulch → source-footprint caution edge</name><trkseg>
    <trkpt lat="39.707471" lon="-107.685483" />
    <trkpt lat="39.707201" lon="-107.685133" />
    <trkpt lat="39.706932" lon="-107.684783" />
    <trkpt lat="39.706663" lon="-107.684433" />
    <trkpt lat="39.706393" lon="-107.684083" />
    <trkpt lat="39.706124" lon="-107.684083" />
    <trkpt lat="39.705855" lon="-107.684083" />
    <trkpt lat="39.705585" lon="-107.684083" />
    <trkpt lat="39.705316" lon="-107.684083" />
    <trkpt lat="39.705047" lon="-107.684083" />
    <trkpt lat="39.704777" lon="-107.684083" />
    <trkpt lat="39.704508" lon="-107.684083" />
    <trkpt lat="39.704239" lon="-107.684083" />
    <trkpt lat="39.703969" lon="-107.684083" />
    <trkpt lat="39.703700" lon="-107.684083" />
    <trkpt lat="39.703430" lon="-107.684083" />
    <trkpt lat="39.703161" lon="-107.684083" />
    <trkpt lat="39.702892" lon="-107.684083" />
    <trkpt lat="39.702622" lon="-107.684083" />
    <trkpt lat="39.702353" lon="-107.684083" />
    <trkpt lat="39.702084" lon="-107.684083" />
    <trkpt lat="39.701814" lon="-107.684083" />
    <trkpt lat="39.701545" lon="-107.684083" />
    <trkpt lat="39.701275" lon="-107.684083" />
    <trkpt lat="39.701006" lon="-107.684083" />
    <trkpt lat="39.700737" lon="-107.684083" />
    <trkpt lat="39.700467" lon="-107.684083" />
    <trkpt lat="39.700198" lon="-107.684083" />
    <trkpt lat="39.699929" lon="-107.684433" />
    <trkpt lat="39.699659" lon="-107.684783" />
    <trkpt lat="39.699390" lon="-107.685133" />
    <trkpt lat="39.699121" lon="-107.685483" />
    <trkpt lat="39.698851" lon="-107.685833" />
    <trkpt lat="39.698582" lon="-107.685833" />
    <trkpt lat="39.698312" lon="-107.686183" />
    <trkpt lat="39.698043" lon="-107.686183" />
    <trkpt lat="39.697774" lon="-107.686183" />
    <trkpt lat="39.697504" lon="-107.686183" />
    <trkpt lat="39.697235" lon="-107.686533" />
    <trkpt lat="39.696965" lon="-107.686884" />
    <trkpt lat="39.696696" lon="-107.686884" />
    <trkpt lat="39.696427" lon="-107.686884" />
    <trkpt lat="39.696157" lon="-107.686884" />
    <trkpt lat="39.695888" lon="-107.686884" />
    <trkpt lat="39.695618" lon="-107.686884" />
    <trkpt lat="39.695349" lon="-107.686884" />
    <trkpt lat="39.695080" lon="-107.686884" />
    <trkpt lat="39.694810" lon="-107.686884" />
    <trkpt lat="39.694541" lon="-107.686884" />
    <trkpt lat="39.694272" lon="-107.686884" />
    <trkpt lat="39.694002" lon="-107.687234" />
    <trkpt lat="39.693733" lon="-107.687584" />
    <trkpt lat="39.693463" lon="-107.687934" />
    <trkpt lat="39.693194" lon="-107.687934" />
    <trkpt lat="39.692925" lon="-107.687934" />
    <trkpt lat="39.692655" lon="-107.688284" />
    <trkpt lat="39.692386" lon="-107.688284" />
    <trkpt lat="39.692116" lon="-107.688634" />
    <trkpt lat="39.691847" lon="-107.688634" />
    <trkpt lat="39.691577" lon="-107.688634" />
    <trkpt lat="39.691308" lon="-107.688634" />
    <trkpt lat="39.691039" lon="-107.688984" />
    <trkpt lat="39.690769" lon="-107.689334" />
    <trkpt lat="39.690500" lon="-107.689684" />
    <trkpt lat="39.690230" lon="-107.690034" />
    <trkpt lat="39.689961" lon="-107.690034" />
    <trkpt lat="39.689692" lon="-107.690034" />
    <trkpt lat="39.689422" lon="-107.690034" />
    <trkpt lat="39.689153" lon="-107.690034" />
    <trkpt lat="39.688883" lon="-107.690034" />
    <trkpt lat="39.688614" lon="-107.690034" />
    <trkpt lat="39.688345" lon="-107.690034" />
    <trkpt lat="39.688075" lon="-107.690034" />
    <trkpt lat="39.687806" lon="-107.690034" />
    <trkpt lat="39.687536" lon="-107.690385" />
    <trkpt lat="39.687267" lon="-107.690735" />
    <trkpt lat="39.686997" lon="-107.691085" />
    <trkpt lat="39.686728" lon="-107.691435" />
    <trkpt lat="39.686459" lon="-107.691785" />
    <trkpt lat="39.686189" lon="-107.692135" />
    <trkpt lat="39.685920" lon="-107.692485" />
  </trkseg></trk>
  <trk><name>H01D · West Elk Reservoir → source-footprint caution edge</name><trkseg>
    <trkpt lat="39.676758" lon="-107.665527" />
    <trkpt lat="39.676758" lon="-107.665877" />
    <trkpt lat="39.677028" lon="-107.666227" />
    <trkpt lat="39.677028" lon="-107.666577" />
    <trkpt lat="39.677028" lon="-107.666927" />
    <trkpt lat="39.677028" lon="-107.667277" />
    <trkpt lat="39.677028" lon="-107.667627" />
    <trkpt lat="39.677028" lon="-107.667978" />
    <trkpt lat="39.677028" lon="-107.668328" />
    <trkpt lat="39.677028" lon="-107.668678" />
    <trkpt lat="39.677028" lon="-107.669028" />
    <trkpt lat="39.677028" lon="-107.669378" />
    <trkpt lat="39.677028" lon="-107.669728" />
    <trkpt lat="39.677028" lon="-107.670078" />
    <trkpt lat="39.677028" lon="-107.670428" />
    <trkpt lat="39.677028" lon="-107.670778" />
    <trkpt lat="39.677028" lon="-107.671129" />
    <trkpt lat="39.677028" lon="-107.671479" />
    <trkpt lat="39.677028" lon="-107.671829" />
    <trkpt lat="39.677028" lon="-107.672179" />
    <trkpt lat="39.677028" lon="-107.672529" />
    <trkpt lat="39.677028" lon="-107.672879" />
    <trkpt lat="39.677028" lon="-107.673229" />
    <trkpt lat="39.677028" lon="-107.673579" />
    <trkpt lat="39.676758" lon="-107.673929" />
    <trkpt lat="39.676758" lon="-107.674280" />
    <trkpt lat="39.676758" lon="-107.674630" />
    <trkpt lat="39.676758" lon="-107.674980" />
    <trkpt lat="39.676758" lon="-107.675330" />
    <trkpt lat="39.676758" lon="-107.675680" />
    <trkpt lat="39.676758" lon="-107.676030" />
    <trkpt lat="39.676489" lon="-107.676380" />
    <trkpt lat="39.676489" lon="-107.676730" />
    <trkpt lat="39.676489" lon="-107.677080" />
    <trkpt lat="39.676489" lon="-107.677431" />
    <trkpt lat="39.676489" lon="-107.677781" />
    <trkpt lat="39.676489" lon="-107.678131" />
    <trkpt lat="39.676489" lon="-107.678481" />
    <trkpt lat="39.676489" lon="-107.678831" />
    <trkpt lat="39.676489" lon="-107.679181" />
    <trkpt lat="39.676220" lon="-107.679531" />
    <trkpt lat="39.676220" lon="-107.679881" />
    <trkpt lat="39.675950" lon="-107.680231" />
    <trkpt lat="39.675950" lon="-107.680582" />
    <trkpt lat="39.675950" lon="-107.680932" />
    <trkpt lat="39.675950" lon="-107.681282" />
    <trkpt lat="39.675681" lon="-107.681632" />
    <trkpt lat="39.675411" lon="-107.681982" />
    <trkpt lat="39.675142" lon="-107.682332" />
    <trkpt lat="39.674872" lon="-107.682682" />
    <trkpt lat="39.674603" lon="-107.683032" />
  </trkseg></trk>
  <trk><name>H01E · Big Parker Creek → source-footprint caution edge</name><trkseg>
    <trkpt lat="39.681070" lon="-107.721895" />
    <trkpt lat="39.680800" lon="-107.722245" />
    <trkpt lat="39.680531" lon="-107.722245" />
    <trkpt lat="39.680261" lon="-107.722245" />
    <trkpt lat="39.679992" lon="-107.722245" />
    <trkpt lat="39.679723" lon="-107.722245" />
    <trkpt lat="39.679453" lon="-107.722245" />
    <trkpt lat="39.679184" lon="-107.722245" />
    <trkpt lat="39.678914" lon="-107.721895" />
    <trkpt lat="39.678645" lon="-107.721544" />
    <trkpt lat="39.678375" lon="-107.721544" />
    <trkpt lat="39.678106" lon="-107.721194" />
    <trkpt lat="39.677836" lon="-107.721194" />
    <trkpt lat="39.677567" lon="-107.721194" />
    <trkpt lat="39.677297" lon="-107.720844" />
    <trkpt lat="39.677028" lon="-107.720494" />
    <trkpt lat="39.677028" lon="-107.720144" />
    <trkpt lat="39.676758" lon="-107.719794" />
    <trkpt lat="39.676489" lon="-107.719444" />
    <trkpt lat="39.676220" lon="-107.719094" />
    <trkpt lat="39.675950" lon="-107.718744" />
    <trkpt lat="39.675950" lon="-107.718393" />
    <trkpt lat="39.675681" lon="-107.718043" />
    <trkpt lat="39.675411" lon="-107.717693" />
    <trkpt lat="39.675142" lon="-107.717343" />
    <trkpt lat="39.675142" lon="-107.716993" />
    <trkpt lat="39.674872" lon="-107.716643" />
    <trkpt lat="39.674872" lon="-107.716293" />
    <trkpt lat="39.674603" lon="-107.715943" />
    <trkpt lat="39.674603" lon="-107.715593" />
    <trkpt lat="39.674333" lon="-107.715242" />
    <trkpt lat="39.674333" lon="-107.714892" />
    <trkpt lat="39.674333" lon="-107.714542" />
    <trkpt lat="39.674064" lon="-107.714192" />
    <trkpt lat="39.673794" lon="-107.713842" />
    <trkpt lat="39.673525" lon="-107.713492" />
    <trkpt lat="39.673255" lon="-107.713142" />
    <trkpt lat="39.672986" lon="-107.712792" />
    <trkpt lat="39.672716" lon="-107.712442" />
    <trkpt lat="39.672483" lon="-107.712138" />
  </trkseg></trk>
  <trk><name>H02A · Lake of the Woods → source-footprint caution edge</name><trkseg>
    <trkpt lat="40.022751" lon="-107.248367" />
    <trkpt lat="40.022482" lon="-107.248016" />
    <trkpt lat="40.022212" lon="-107.248016" />
    <trkpt lat="40.021943" lon="-107.248016" />
    <trkpt lat="40.021674" lon="-107.248016" />
    <trkpt lat="40.021404" lon="-107.248016" />
    <trkpt lat="40.021135" lon="-107.248016" />
    <trkpt lat="40.020865" lon="-107.247664" />
    <trkpt lat="40.020596" lon="-107.247664" />
    <trkpt lat="40.020327" lon="-107.247664" />
    <trkpt lat="40.020057" lon="-107.247664" />
    <trkpt lat="40.019788" lon="-107.247664" />
    <trkpt lat="40.019518" lon="-107.247664" />
    <trkpt lat="40.019249" lon="-107.247664" />
    <trkpt lat="40.018980" lon="-107.247664" />
    <trkpt lat="40.018710" lon="-107.247664" />
    <trkpt lat="40.018441" lon="-107.247664" />
    <trkpt lat="40.018172" lon="-107.247664" />
    <trkpt lat="40.017902" lon="-107.247664" />
    <trkpt lat="40.017633" lon="-107.247664" />
    <trkpt lat="40.017363" lon="-107.247664" />
    <trkpt lat="40.017094" lon="-107.247664" />
    <trkpt lat="40.016824" lon="-107.247664" />
    <trkpt lat="40.016555" lon="-107.247664" />
    <trkpt lat="40.016286" lon="-107.247664" />
    <trkpt lat="40.016016" lon="-107.247664" />
    <trkpt lat="40.015747" lon="-107.247664" />
    <trkpt lat="40.015477" lon="-107.247664" />
    <trkpt lat="40.015208" lon="-107.247664" />
    <trkpt lat="40.014939" lon="-107.247664" />
    <trkpt lat="40.014669" lon="-107.247664" />
    <trkpt lat="40.014400" lon="-107.247664" />
    <trkpt lat="40.014130" lon="-107.247664" />
    <trkpt lat="40.013861" lon="-107.247664" />
    <trkpt lat="40.013592" lon="-107.247664" />
    <trkpt lat="40.013322" lon="-107.247664" />
    <trkpt lat="40.013053" lon="-107.247664" />
    <trkpt lat="40.012783" lon="-107.247664" />
    <trkpt lat="40.012514" lon="-107.247664" />
    <trkpt lat="40.012244" lon="-107.247664" />
    <trkpt lat="40.011975" lon="-107.247664" />
    <trkpt lat="40.011706" lon="-107.247664" />
    <trkpt lat="40.011436" lon="-107.247664" />
    <trkpt lat="40.011167" lon="-107.247664" />
    <trkpt lat="40.010897" lon="-107.247664" />
    <trkpt lat="40.010628" lon="-107.247664" />
    <trkpt lat="40.010358" lon="-107.247664" />
    <trkpt lat="40.010089" lon="-107.247312" />
    <trkpt lat="40.009820" lon="-107.246960" />
    <trkpt lat="40.009550" lon="-107.246960" />
    <trkpt lat="40.009281" lon="-107.246960" />
    <trkpt lat="40.009011" lon="-107.246960" />
    <trkpt lat="40.008742" lon="-107.246960" />
    <trkpt lat="40.008472" lon="-107.246960" />
    <trkpt lat="40.008203" lon="-107.246960" />
    <trkpt lat="40.007934" lon="-107.246960" />
    <trkpt lat="40.007664" lon="-107.246960" />
    <trkpt lat="40.007395" lon="-107.246960" />
    <trkpt lat="40.007125" lon="-107.246960" />
    <trkpt lat="40.006856" lon="-107.246960" />
    <trkpt lat="40.006586" lon="-107.246960" />
    <trkpt lat="40.006317" lon="-107.246960" />
    <trkpt lat="40.006047" lon="-107.246960" />
    <trkpt lat="40.005778" lon="-107.246960" />
    <trkpt lat="40.005509" lon="-107.246960" />
    <trkpt lat="40.005239" lon="-107.246960" />
    <trkpt lat="40.004970" lon="-107.246960" />
    <trkpt lat="40.004700" lon="-107.246960" />
    <trkpt lat="40.004431" lon="-107.246960" />
    <trkpt lat="40.004161" lon="-107.246960" />
    <trkpt lat="40.003892" lon="-107.246960" />
    <trkpt lat="40.003622" lon="-107.246960" />
    <trkpt lat="40.003353" lon="-107.246960" />
    <trkpt lat="40.003083" lon="-107.246960" />
    <trkpt lat="40.002814" lon="-107.246960" />
    <trkpt lat="40.002545" lon="-107.246960" />
  </trkseg></trk>
  <trk><name>H02B · McGinnis Reservoir → source-footprint caution edge</name><trkseg>
    <trkpt lat="40.007664" lon="-107.202286" />
    <trkpt lat="40.007664" lon="-107.202637" />
    <trkpt lat="40.007395" lon="-107.202989" />
    <trkpt lat="40.007125" lon="-107.203341" />
    <trkpt lat="40.006856" lon="-107.203693" />
    <trkpt lat="40.006586" lon="-107.204044" />
    <trkpt lat="40.006317" lon="-107.204396" />
    <trkpt lat="40.006047" lon="-107.204748" />
    <trkpt lat="40.005778" lon="-107.205100" />
    <trkpt lat="40.005509" lon="-107.205452" />
    <trkpt lat="40.005239" lon="-107.205803" />
    <trkpt lat="40.004970" lon="-107.206155" />
    <trkpt lat="40.004700" lon="-107.206507" />
    <trkpt lat="40.004431" lon="-107.206859" />
    <trkpt lat="40.004161" lon="-107.207210" />
    <trkpt lat="40.003892" lon="-107.207562" />
    <trkpt lat="40.003622" lon="-107.207914" />
    <trkpt lat="40.003353" lon="-107.208266" />
    <trkpt lat="40.003083" lon="-107.208617" />
    <trkpt lat="40.002814" lon="-107.208969" />
    <trkpt lat="40.002545" lon="-107.209321" />
    <trkpt lat="40.002545" lon="-107.209673" />
    <trkpt lat="40.002545" lon="-107.210025" />
    <trkpt lat="40.002275" lon="-107.210376" />
    <trkpt lat="40.002006" lon="-107.210728" />
    <trkpt lat="40.002006" lon="-107.211080" />
    <trkpt lat="40.001736" lon="-107.211432" />
    <trkpt lat="40.001467" lon="-107.211783" />
    <trkpt lat="40.001197" lon="-107.212135" />
    <trkpt lat="40.000928" lon="-107.212487" />
    <trkpt lat="40.000658" lon="-107.212839" />
    <trkpt lat="40.000389" lon="-107.213190" />
    <trkpt lat="40.000119" lon="-107.213542" />
    <trkpt lat="39.999850" lon="-107.213894" />
    <trkpt lat="39.999580" lon="-107.214246" />
    <trkpt lat="39.999311" lon="-107.214598" />
    <trkpt lat="39.999041" lon="-107.214949" />
    <trkpt lat="39.998772" lon="-107.215301" />
    <trkpt lat="39.998503" lon="-107.215653" />
    <trkpt lat="39.998233" lon="-107.216005" />
    <trkpt lat="39.997964" lon="-107.216356" />
    <trkpt lat="39.997694" lon="-107.216708" />
    <trkpt lat="39.997694" lon="-107.217060" />
    <trkpt lat="39.997694" lon="-107.217412" />
    <trkpt lat="39.997694" lon="-107.217763" />
    <trkpt lat="39.997694" lon="-107.218115" />
    <trkpt lat="39.997694" lon="-107.218467" />
    <trkpt lat="39.997694" lon="-107.218819" />
    <trkpt lat="39.997694" lon="-107.219171" />
    <trkpt lat="39.997425" lon="-107.219522" />
    <trkpt lat="39.997425" lon="-107.219874" />
    <trkpt lat="39.997425" lon="-107.220226" />
    <trkpt lat="39.997425" lon="-107.220578" />
    <trkpt lat="39.997425" lon="-107.220929" />
    <trkpt lat="39.997425" lon="-107.221281" />
    <trkpt lat="39.997425" lon="-107.221633" />
    <trkpt lat="39.997425" lon="-107.221985" />
    <trkpt lat="39.997425" lon="-107.222336" />
    <trkpt lat="39.997425" lon="-107.222688" />
    <trkpt lat="39.997425" lon="-107.223040" />
    <trkpt lat="39.997425" lon="-107.223392" />
    <trkpt lat="39.997425" lon="-107.223744" />
    <trkpt lat="39.997425" lon="-107.224095" />
    <trkpt lat="39.997425" lon="-107.224447" />
    <trkpt lat="39.997425" lon="-107.224799" />
    <trkpt lat="39.997425" lon="-107.225151" />
    <trkpt lat="39.997425" lon="-107.225502" />
    <trkpt lat="39.997425" lon="-107.225854" />
    <trkpt lat="39.997425" lon="-107.226206" />
    <trkpt lat="39.997425" lon="-107.226558" />
    <trkpt lat="39.997425" lon="-107.226909" />
  </trkseg></trk>
  <trk><name>H02C · Himes Peak → source-footprint caution edge</name><trkseg>
    <trkpt lat="40.011167" lon="-107.277213" />
    <trkpt lat="40.010897" lon="-107.276861" />
    <trkpt lat="40.010897" lon="-107.276509" />
    <trkpt lat="40.010897" lon="-107.276157" />
    <trkpt lat="40.010897" lon="-107.275805" />
    <trkpt lat="40.010897" lon="-107.275454" />
    <trkpt lat="40.010897" lon="-107.275102" />
    <trkpt lat="40.010897" lon="-107.274750" />
    <trkpt lat="40.010897" lon="-107.274398" />
    <trkpt lat="40.010897" lon="-107.274047" />
    <trkpt lat="40.010897" lon="-107.273695" />
    <trkpt lat="40.010897" lon="-107.273343" />
    <trkpt lat="40.010897" lon="-107.272991" />
    <trkpt lat="40.010897" lon="-107.272640" />
    <trkpt lat="40.010897" lon="-107.272288" />
    <trkpt lat="40.010897" lon="-107.271936" />
    <trkpt lat="40.010897" lon="-107.271584" />
    <trkpt lat="40.010897" lon="-107.271232" />
    <trkpt lat="40.010897" lon="-107.270881" />
    <trkpt lat="40.010897" lon="-107.270529" />
    <trkpt lat="40.010897" lon="-107.270177" />
    <trkpt lat="40.010897" lon="-107.269825" />
    <trkpt lat="40.010897" lon="-107.269474" />
    <trkpt lat="40.010628" lon="-107.269122" />
    <trkpt lat="40.010628" lon="-107.268770" />
    <trkpt lat="40.010628" lon="-107.268418" />
    <trkpt lat="40.010358" lon="-107.268067" />
    <trkpt lat="40.010358" lon="-107.267715" />
    <trkpt lat="40.010358" lon="-107.267363" />
    <trkpt lat="40.010089" lon="-107.267011" />
    <trkpt lat="40.010089" lon="-107.266659" />
    <trkpt lat="40.010089" lon="-107.266308" />
    <trkpt lat="40.010089" lon="-107.265956" />
    <trkpt lat="40.010089" lon="-107.265604" />
    <trkpt lat="40.010089" lon="-107.265252" />
    <trkpt lat="40.010089" lon="-107.264901" />
    <trkpt lat="40.010089" lon="-107.264549" />
    <trkpt lat="40.009820" lon="-107.264197" />
    <trkpt lat="40.009550" lon="-107.263845" />
    <trkpt lat="40.009281" lon="-107.263494" />
    <trkpt lat="40.009281" lon="-107.263142" />
    <trkpt lat="40.009011" lon="-107.262790" />
    <trkpt lat="40.009011" lon="-107.262438" />
    <trkpt lat="40.009011" lon="-107.262086" />
    <trkpt lat="40.009011" lon="-107.261735" />
    <trkpt lat="40.009011" lon="-107.261383" />
    <trkpt lat="40.008742" lon="-107.261031" />
    <trkpt lat="40.008472" lon="-107.260679" />
    <trkpt lat="40.008203" lon="-107.260328" />
    <trkpt lat="40.008203" lon="-107.259976" />
    <trkpt lat="40.008203" lon="-107.259624" />
    <trkpt lat="40.007934" lon="-107.259272" />
    <trkpt lat="40.007664" lon="-107.258921" />
    <trkpt lat="40.007395" lon="-107.258569" />
    <trkpt lat="40.007125" lon="-107.258217" />
    <trkpt lat="40.006856" lon="-107.257865" />
    <trkpt lat="40.006586" lon="-107.257513" />
    <trkpt lat="40.006317" lon="-107.257162" />
    <trkpt lat="40.006047" lon="-107.256810" />
    <trkpt lat="40.005778" lon="-107.256458" />
    <trkpt lat="40.005509" lon="-107.256106" />
    <trkpt lat="40.005239" lon="-107.255755" />
    <trkpt lat="40.004970" lon="-107.255403" />
    <trkpt lat="40.004700" lon="-107.255051" />
    <trkpt lat="40.004431" lon="-107.254699" />
    <trkpt lat="40.004161" lon="-107.254347" />
    <trkpt lat="40.003892" lon="-107.253996" />
    <trkpt lat="40.003622" lon="-107.253644" />
    <trkpt lat="40.003353" lon="-107.253292" />
    <trkpt lat="40.003083" lon="-107.252940" />
    <trkpt lat="40.002814" lon="-107.252589" />
    <trkpt lat="40.002545" lon="-107.252237" />
    <trkpt lat="40.002275" lon="-107.251885" />
    <trkpt lat="40.002006" lon="-107.251885" />
    <trkpt lat="40.001736" lon="-107.251885" />
    <trkpt lat="40.001467" lon="-107.251533" />
    <trkpt lat="40.001197" lon="-107.251182" />
    <trkpt lat="40.000928" lon="-107.250830" />
    <trkpt lat="40.000658" lon="-107.250478" />
  </trkseg></trk>
  <trk><name>H02D · Fraser Creek → source-footprint caution edge</name><trkseg>
    <trkpt lat="39.974245" lon="-107.242739" />
    <trkpt lat="39.974515" lon="-107.242739" />
    <trkpt lat="39.974784" lon="-107.243091" />
    <trkpt lat="39.975054" lon="-107.243091" />
    <trkpt lat="39.975324" lon="-107.243091" />
    <trkpt lat="39.975593" lon="-107.243091" />
    <trkpt lat="39.975863" lon="-107.243091" />
    <trkpt lat="39.976132" lon="-107.243091" />
    <trkpt lat="39.976402" lon="-107.243091" />
    <trkpt lat="39.976671" lon="-107.243091" />
    <trkpt lat="39.976941" lon="-107.243091" />
    <trkpt lat="39.977211" lon="-107.243091" />
    <trkpt lat="39.977480" lon="-107.243091" />
    <trkpt lat="39.977750" lon="-107.243091" />
    <trkpt lat="39.978019" lon="-107.243091" />
    <trkpt lat="39.978289" lon="-107.243091" />
    <trkpt lat="39.978558" lon="-107.243091" />
    <trkpt lat="39.978828" lon="-107.243091" />
    <trkpt lat="39.979097" lon="-107.243091" />
    <trkpt lat="39.979367" lon="-107.243091" />
    <trkpt lat="39.979637" lon="-107.243091" />
    <trkpt lat="39.979906" lon="-107.243091" />
    <trkpt lat="39.980176" lon="-107.243091" />
    <trkpt lat="39.980445" lon="-107.243091" />
    <trkpt lat="39.980715" lon="-107.243091" />
    <trkpt lat="39.980984" lon="-107.243091" />
    <trkpt lat="39.981254" lon="-107.243091" />
    <trkpt lat="39.981523" lon="-107.243091" />
    <trkpt lat="39.981793" lon="-107.243091" />
    <trkpt lat="39.982062" lon="-107.243091" />
    <trkpt lat="39.982332" lon="-107.243091" />
    <trkpt lat="39.982602" lon="-107.243091" />
    <trkpt lat="39.982871" lon="-107.243091" />
    <trkpt lat="39.983141" lon="-107.243091" />
    <trkpt lat="39.983410" lon="-107.243091" />
    <trkpt lat="39.983680" lon="-107.243091" />
    <trkpt lat="39.983949" lon="-107.243091" />
    <trkpt lat="39.984219" lon="-107.243091" />
  </trkseg></trk>
  <trk><name>H02E · Fraser Creek → source-footprint caution edge</name><trkseg>
    <trkpt lat="39.975054" lon="-107.218115" />
    <trkpt lat="39.975324" lon="-107.218467" />
    <trkpt lat="39.975593" lon="-107.218819" />
    <trkpt lat="39.975863" lon="-107.219171" />
    <trkpt lat="39.976132" lon="-107.219522" />
    <trkpt lat="39.976402" lon="-107.219874" />
    <trkpt lat="39.976402" lon="-107.220226" />
    <trkpt lat="39.976402" lon="-107.220578" />
    <trkpt lat="39.976402" lon="-107.220929" />
    <trkpt lat="39.976402" lon="-107.221281" />
    <trkpt lat="39.976402" lon="-107.221633" />
    <trkpt lat="39.976402" lon="-107.221985" />
    <trkpt lat="39.976402" lon="-107.222336" />
    <trkpt lat="39.976402" lon="-107.222688" />
    <trkpt lat="39.976402" lon="-107.223040" />
    <trkpt lat="39.976402" lon="-107.223392" />
    <trkpt lat="39.976402" lon="-107.223744" />
    <trkpt lat="39.976402" lon="-107.224095" />
    <trkpt lat="39.976402" lon="-107.224447" />
    <trkpt lat="39.976402" lon="-107.224799" />
    <trkpt lat="39.976402" lon="-107.225151" />
    <trkpt lat="39.976402" lon="-107.225502" />
    <trkpt lat="39.976402" lon="-107.225854" />
    <trkpt lat="39.976402" lon="-107.226206" />
    <trkpt lat="39.976402" lon="-107.226558" />
    <trkpt lat="39.976402" lon="-107.226909" />
    <trkpt lat="39.976402" lon="-107.227261" />
    <trkpt lat="39.976402" lon="-107.227613" />
    <trkpt lat="39.976402" lon="-107.227965" />
    <trkpt lat="39.976402" lon="-107.228317" />
    <trkpt lat="39.976402" lon="-107.228668" />
    <trkpt lat="39.976402" lon="-107.229020" />
    <trkpt lat="39.976402" lon="-107.229372" />
    <trkpt lat="39.976402" lon="-107.229724" />
    <trkpt lat="39.976402" lon="-107.230075" />
    <trkpt lat="39.976402" lon="-107.230427" />
    <trkpt lat="39.976402" lon="-107.230779" />
    <trkpt lat="39.976402" lon="-107.231131" />
    <trkpt lat="39.976402" lon="-107.231482" />
    <trkpt lat="39.976402" lon="-107.231834" />
    <trkpt lat="39.976402" lon="-107.232186" />
    <trkpt lat="39.976671" lon="-107.232538" />
    <trkpt lat="39.976941" lon="-107.232890" />
    <trkpt lat="39.977211" lon="-107.233241" />
    <trkpt lat="39.977480" lon="-107.233593" />
    <trkpt lat="39.977750" lon="-107.233945" />
    <trkpt lat="39.978019" lon="-107.234297" />
    <trkpt lat="39.978289" lon="-107.234648" />
    <trkpt lat="39.978558" lon="-107.235000" />
    <trkpt lat="39.978828" lon="-107.235352" />
    <trkpt lat="39.979097" lon="-107.235704" />
    <trkpt lat="39.979367" lon="-107.236055" />
    <trkpt lat="39.979637" lon="-107.236055" />
    <trkpt lat="39.979906" lon="-107.236055" />
    <trkpt lat="39.980176" lon="-107.236055" />
    <trkpt lat="39.980445" lon="-107.236407" />
    <trkpt lat="39.980715" lon="-107.236407" />
    <trkpt lat="39.980984" lon="-107.236407" />
    <trkpt lat="39.981254" lon="-107.236407" />
    <trkpt lat="39.981523" lon="-107.236759" />
    <trkpt lat="39.981793" lon="-107.236759" />
    <trkpt lat="39.982062" lon="-107.236759" />
    <trkpt lat="39.982332" lon="-107.236759" />
    <trkpt lat="39.982602" lon="-107.236759" />
    <trkpt lat="39.982871" lon="-107.236759" />
    <trkpt lat="39.983141" lon="-107.236759" />
    <trkpt lat="39.983410" lon="-107.237111" />
    <trkpt lat="39.983680" lon="-107.237463" />
    <trkpt lat="39.983949" lon="-107.237814" />
    <trkpt lat="39.984219" lon="-107.238166" />
    <trkpt lat="39.984488" lon="-107.238518" />
  </trkseg></trk>
  <trk><name>H03A · Simon Reservoir Number 1 → source-footprint caution edge</name><trkseg>
    <trkpt lat="40.168428" lon="-107.060463" />
    <trkpt lat="40.168697" lon="-107.060463" />
    <trkpt lat="40.168967" lon="-107.060463" />
    <trkpt lat="40.169237" lon="-107.060463" />
    <trkpt lat="40.169506" lon="-107.060463" />
    <trkpt lat="40.169776" lon="-107.060463" />
    <trkpt lat="40.170045" lon="-107.060463" />
    <trkpt lat="40.170315" lon="-107.060463" />
    <trkpt lat="40.170584" lon="-107.060463" />
    <trkpt lat="40.170854" lon="-107.060463" />
    <trkpt lat="40.171124" lon="-107.060463" />
    <trkpt lat="40.171393" lon="-107.060816" />
    <trkpt lat="40.171663" lon="-107.060816" />
    <trkpt lat="40.171932" lon="-107.061169" />
    <trkpt lat="40.172202" lon="-107.061522" />
    <trkpt lat="40.172471" lon="-107.061875" />
    <trkpt lat="40.172741" lon="-107.061875" />
    <trkpt lat="40.173011" lon="-107.061875" />
    <trkpt lat="40.173280" lon="-107.062227" />
    <trkpt lat="40.173550" lon="-107.062227" />
    <trkpt lat="40.173819" lon="-107.062580" />
    <trkpt lat="40.174089" lon="-107.062933" />
    <trkpt lat="40.174358" lon="-107.063286" />
    <trkpt lat="40.174628" lon="-107.063286" />
    <trkpt lat="40.174898" lon="-107.063639" />
    <trkpt lat="40.175167" lon="-107.063991" />
    <trkpt lat="40.175437" lon="-107.064344" />
    <trkpt lat="40.175706" lon="-107.064697" />
    <trkpt lat="40.175976" lon="-107.065050" />
    <trkpt lat="40.176245" lon="-107.065403" />
    <trkpt lat="40.176515" lon="-107.065403" />
    <trkpt lat="40.176784" lon="-107.065755" />
    <trkpt lat="40.177054" lon="-107.066108" />
    <trkpt lat="40.177324" lon="-107.066461" />
    <trkpt lat="40.177593" lon="-107.066814" />
    <trkpt lat="40.177863" lon="-107.067167" />
    <trkpt lat="40.178132" lon="-107.067519" />
    <trkpt lat="40.178402" lon="-107.067872" />
    <trkpt lat="40.178671" lon="-107.068225" />
    <trkpt lat="40.178941" lon="-107.068578" />
    <trkpt lat="40.179210" lon="-107.068930" />
    <trkpt lat="40.179480" lon="-107.069283" />
    <trkpt lat="40.179749" lon="-107.069636" />
    <trkpt lat="40.180019" lon="-107.069989" />
    <trkpt lat="40.180289" lon="-107.070342" />
    <trkpt lat="40.180558" lon="-107.070694" />
    <trkpt lat="40.180558" lon="-107.071047" />
    <trkpt lat="40.180828" lon="-107.071400" />
    <trkpt lat="40.181097" lon="-107.071753" />
    <trkpt lat="40.181367" lon="-107.072106" />
    <trkpt lat="40.181367" lon="-107.072458" />
    <trkpt lat="40.181367" lon="-107.072811" />
    <trkpt lat="40.181367" lon="-107.073164" />
    <trkpt lat="40.181636" lon="-107.073517" />
    <trkpt lat="40.181906" lon="-107.073870" />
    <trkpt lat="40.182175" lon="-107.074222" />
    <trkpt lat="40.182445" lon="-107.074575" />
    <trkpt lat="40.182714" lon="-107.074928" />
    <trkpt lat="40.182984" lon="-107.075281" />
    <trkpt lat="40.183253" lon="-107.075634" />
    <trkpt lat="40.183523" lon="-107.075986" />
  </trkseg></trk>
  <trk><name>H03B · Last Chance Ditch → source-footprint caution edge</name><trkseg>
    <trkpt lat="40.222055" lon="-107.098565" />
    <trkpt lat="40.221785" lon="-107.098918" />
    <trkpt lat="40.221516" lon="-107.099271" />
    <trkpt lat="40.221246" lon="-107.099271" />
    <trkpt lat="40.220977" lon="-107.099271" />
    <trkpt lat="40.220708" lon="-107.099271" />
    <trkpt lat="40.220438" lon="-107.099271" />
    <trkpt lat="40.220169" lon="-107.099624" />
    <trkpt lat="40.219899" lon="-107.099624" />
    <trkpt lat="40.219630" lon="-107.099624" />
    <trkpt lat="40.219361" lon="-107.099624" />
    <trkpt lat="40.219091" lon="-107.099624" />
    <trkpt lat="40.218822" lon="-107.099624" />
    <trkpt lat="40.218553" lon="-107.099624" />
    <trkpt lat="40.218283" lon="-107.099624" />
    <trkpt lat="40.218014" lon="-107.099624" />
    <trkpt lat="40.217744" lon="-107.099624" />
    <trkpt lat="40.217475" lon="-107.099624" />
    <trkpt lat="40.217206" lon="-107.099624" />
    <trkpt lat="40.216936" lon="-107.099624" />
    <trkpt lat="40.216667" lon="-107.099624" />
    <trkpt lat="40.216397" lon="-107.099624" />
    <trkpt lat="40.216128" lon="-107.099624" />
    <trkpt lat="40.215859" lon="-107.099624" />
    <trkpt lat="40.215589" lon="-107.099624" />
    <trkpt lat="40.215320" lon="-107.099271" />
    <trkpt lat="40.215050" lon="-107.099271" />
    <trkpt lat="40.214781" lon="-107.099271" />
    <trkpt lat="40.214512" lon="-107.099271" />
    <trkpt lat="40.214242" lon="-107.098918" />
    <trkpt lat="40.213973" lon="-107.098918" />
    <trkpt lat="40.213703" lon="-107.098565" />
    <trkpt lat="40.213434" lon="-107.098565" />
    <trkpt lat="40.213165" lon="-107.098565" />
    <trkpt lat="40.212895" lon="-107.098212" />
    <trkpt lat="40.212626" lon="-107.098212" />
    <trkpt lat="40.212356" lon="-107.097860" />
    <trkpt lat="40.212087" lon="-107.097507" />
    <trkpt lat="40.211818" lon="-107.097154" />
    <trkpt lat="40.211548" lon="-107.096801" />
    <trkpt lat="40.211279" lon="-107.096448" />
    <trkpt lat="40.211009" lon="-107.096096" />
  </trkseg></trk>
  <trk><name>H03C · Dunckley Pass → source-footprint caution edge</name><trkseg>
    <trkpt lat="40.188105" lon="-107.146898" />
    <trkpt lat="40.188374" lon="-107.146545" />
    <trkpt lat="40.188644" lon="-107.146192" />
    <trkpt lat="40.188913" lon="-107.145839" />
    <trkpt lat="40.189183" lon="-107.145487" />
    <trkpt lat="40.189452" lon="-107.145134" />
    <trkpt lat="40.189722" lon="-107.144781" />
    <trkpt lat="40.189991" lon="-107.144428" />
    <trkpt lat="40.190261" lon="-107.144076" />
    <trkpt lat="40.190261" lon="-107.143723" />
    <trkpt lat="40.190530" lon="-107.143370" />
    <trkpt lat="40.190530" lon="-107.143017" />
    <trkpt lat="40.190800" lon="-107.142664" />
    <trkpt lat="40.190800" lon="-107.142312" />
    <trkpt lat="40.191069" lon="-107.141959" />
    <trkpt lat="40.191339" lon="-107.141606" />
    <trkpt lat="40.191608" lon="-107.141253" />
    <trkpt lat="40.191878" lon="-107.140900" />
    <trkpt lat="40.191878" lon="-107.140548" />
    <trkpt lat="40.191878" lon="-107.140195" />
    <trkpt lat="40.191878" lon="-107.139842" />
    <trkpt lat="40.191878" lon="-107.139489" />
    <trkpt lat="40.191878" lon="-107.139136" />
    <trkpt lat="40.191878" lon="-107.138784" />
    <trkpt lat="40.191878" lon="-107.138431" />
    <trkpt lat="40.191878" lon="-107.138078" />
    <trkpt lat="40.191878" lon="-107.137725" />
    <trkpt lat="40.192147" lon="-107.137372" />
    <trkpt lat="40.192417" lon="-107.137020" />
    <trkpt lat="40.192686" lon="-107.136667" />
    <trkpt lat="40.192956" lon="-107.136314" />
    <trkpt lat="40.193225" lon="-107.135961" />
    <trkpt lat="40.193495" lon="-107.135608" />
    <trkpt lat="40.193764" lon="-107.135256" />
    <trkpt lat="40.194034" lon="-107.134903" />
    <trkpt lat="40.194303" lon="-107.134550" />
    <trkpt lat="40.194573" lon="-107.134197" />
    <trkpt lat="40.194842" lon="-107.133844" />
    <trkpt lat="40.195112" lon="-107.133492" />
    <trkpt lat="40.195381" lon="-107.133139" />
    <trkpt lat="40.195651" lon="-107.132786" />
    <trkpt lat="40.195920" lon="-107.132433" />
    <trkpt lat="40.196190" lon="-107.132081" />
    <trkpt lat="40.196459" lon="-107.131728" />
    <trkpt lat="40.196459" lon="-107.131375" />
    <trkpt lat="40.196459" lon="-107.131022" />
    <trkpt lat="40.196459" lon="-107.130669" />
    <trkpt lat="40.196459" lon="-107.130317" />
    <trkpt lat="40.196459" lon="-107.129964" />
    <trkpt lat="40.196729" lon="-107.129611" />
    <trkpt lat="40.196729" lon="-107.129258" />
    <trkpt lat="40.196729" lon="-107.128905" />
    <trkpt lat="40.196729" lon="-107.128553" />
    <trkpt lat="40.196729" lon="-107.128200" />
    <trkpt lat="40.196729" lon="-107.127847" />
    <trkpt lat="40.196729" lon="-107.127494" />
    <trkpt lat="40.196729" lon="-107.127141" />
    <trkpt lat="40.196729" lon="-107.126789" />
    <trkpt lat="40.196729" lon="-107.126436" />
    <trkpt lat="40.196729" lon="-107.126083" />
    <trkpt lat="40.196729" lon="-107.125730" />
    <trkpt lat="40.196729" lon="-107.125377" />
    <trkpt lat="40.196729" lon="-107.125025" />
    <trkpt lat="40.196729" lon="-107.124672" />
    <trkpt lat="40.196729" lon="-107.124319" />
    <trkpt lat="40.196729" lon="-107.123966" />
    <trkpt lat="40.196729" lon="-107.123613" />
    <trkpt lat="40.196729" lon="-107.123261" />
    <trkpt lat="40.196729" lon="-107.122908" />
    <trkpt lat="40.196729" lon="-107.122555" />
    <trkpt lat="40.196729" lon="-107.122202" />
    <trkpt lat="40.196729" lon="-107.121850" />
    <trkpt lat="40.196729" lon="-107.121497" />
    <trkpt lat="40.196729" lon="-107.121144" />
    <trkpt lat="40.196729" lon="-107.120791" />
    <trkpt lat="40.196729" lon="-107.120438" />
    <trkpt lat="40.196729" lon="-107.120086" />
    <trkpt lat="40.196729" lon="-107.119733" />
    <trkpt lat="40.196729" lon="-107.119380" />
    <trkpt lat="40.196729" lon="-107.119027" />
    <trkpt lat="40.196729" lon="-107.118674" />
    <trkpt lat="40.196729" lon="-107.118322" />
    <trkpt lat="40.196729" lon="-107.117969" />
    <trkpt lat="40.196729" lon="-107.117616" />
    <trkpt lat="40.196729" lon="-107.117263" />
    <trkpt lat="40.196729" lon="-107.116910" />
    <trkpt lat="40.196729" lon="-107.116558" />
    <trkpt lat="40.196729" lon="-107.116205" />
    <trkpt lat="40.196729" lon="-107.115852" />
    <trkpt lat="40.196729" lon="-107.115499" />
    <trkpt lat="40.196729" lon="-107.115146" />
    <trkpt lat="40.196729" lon="-107.114794" />
    <trkpt lat="40.196729" lon="-107.114441" />
    <trkpt lat="40.196729" lon="-107.114088" />
    <trkpt lat="40.196729" lon="-107.113735" />
    <trkpt lat="40.196729" lon="-107.113382" />
    <trkpt lat="40.196998" lon="-107.113030" />
    <trkpt lat="40.197268" lon="-107.112677" />
    <trkpt lat="40.197268" lon="-107.112324" />
    <trkpt lat="40.197537" lon="-107.111971" />
    <trkpt lat="40.197537" lon="-107.111619" />
    <trkpt lat="40.197537" lon="-107.111266" />
    <trkpt lat="40.197537" lon="-107.110913" />
    <trkpt lat="40.197537" lon="-107.110560" />
    <trkpt lat="40.197537" lon="-107.110207" />
    <trkpt lat="40.197537" lon="-107.109855" />
    <trkpt lat="40.197537" lon="-107.109502" />
    <trkpt lat="40.197537" lon="-107.109149" />
    <trkpt lat="40.197537" lon="-107.108796" />
    <trkpt lat="40.197537" lon="-107.108443" />
    <trkpt lat="40.197537" lon="-107.108091" />
    <trkpt lat="40.197537" lon="-107.107738" />
    <trkpt lat="40.197537" lon="-107.107385" />
    <trkpt lat="40.197537" lon="-107.107032" />
    <trkpt lat="40.197537" lon="-107.106708" />
  </trkseg></trk>
  <trk><name>H03D · Pinnacle Peak → source-footprint caution edge</name><trkseg>
    <trkpt lat="40.241985" lon="-107.066461" />
    <trkpt lat="40.241716" lon="-107.066461" />
    <trkpt lat="40.241447" lon="-107.066108" />
    <trkpt lat="40.241177" lon="-107.066108" />
    <trkpt lat="40.240908" lon="-107.066108" />
    <trkpt lat="40.240639" lon="-107.066108" />
    <trkpt lat="40.240370" lon="-107.066461" />
    <trkpt lat="40.240100" lon="-107.066814" />
    <trkpt lat="40.239831" lon="-107.067167" />
    <trkpt lat="40.239562" lon="-107.067519" />
    <trkpt lat="40.239292" lon="-107.067872" />
    <trkpt lat="40.239023" lon="-107.068225" />
    <trkpt lat="40.238754" lon="-107.068578" />
    <trkpt lat="40.238484" lon="-107.068930" />
    <trkpt lat="40.238215" lon="-107.069283" />
    <trkpt lat="40.237946" lon="-107.069636" />
    <trkpt lat="40.237676" lon="-107.069989" />
    <trkpt lat="40.237407" lon="-107.070342" />
    <trkpt lat="40.237138" lon="-107.070694" />
    <trkpt lat="40.236868" lon="-107.071047" />
    <trkpt lat="40.236599" lon="-107.071400" />
    <trkpt lat="40.236330" lon="-107.071753" />
    <trkpt lat="40.236061" lon="-107.072106" />
    <trkpt lat="40.235791" lon="-107.072458" />
    <trkpt lat="40.235522" lon="-107.072811" />
    <trkpt lat="40.235253" lon="-107.073164" />
    <trkpt lat="40.234983" lon="-107.073517" />
    <trkpt lat="40.234714" lon="-107.073870" />
    <trkpt lat="40.234445" lon="-107.074222" />
    <trkpt lat="40.234175" lon="-107.074575" />
    <trkpt lat="40.233906" lon="-107.074928" />
    <trkpt lat="40.233637" lon="-107.075281" />
    <trkpt lat="40.233367" lon="-107.075634" />
    <trkpt lat="40.233098" lon="-107.075986" />
    <trkpt lat="40.233098" lon="-107.076339" />
    <trkpt lat="40.232829" lon="-107.076692" />
    <trkpt lat="40.232559" lon="-107.077045" />
    <trkpt lat="40.232290" lon="-107.077398" />
    <trkpt lat="40.232021" lon="-107.077750" />
    <trkpt lat="40.231751" lon="-107.078103" />
    <trkpt lat="40.231482" lon="-107.078456" />
    <trkpt lat="40.231213" lon="-107.078809" />
    <trkpt lat="40.230943" lon="-107.079162" />
    <trkpt lat="40.230674" lon="-107.079514" />
    <trkpt lat="40.230405" lon="-107.079867" />
    <trkpt lat="40.230135" lon="-107.080220" />
    <trkpt lat="40.229866" lon="-107.080573" />
    <trkpt lat="40.229597" lon="-107.080925" />
    <trkpt lat="40.229327" lon="-107.081278" />
    <trkpt lat="40.229058" lon="-107.081631" />
    <trkpt lat="40.228789" lon="-107.081984" />
    <trkpt lat="40.228519" lon="-107.082337" />
    <trkpt lat="40.228250" lon="-107.082689" />
    <trkpt lat="40.227980" lon="-107.083042" />
    <trkpt lat="40.227711" lon="-107.083395" />
    <trkpt lat="40.227442" lon="-107.083748" />
    <trkpt lat="40.227172" lon="-107.084101" />
    <trkpt lat="40.226903" lon="-107.084453" />
    <trkpt lat="40.226903" lon="-107.084806" />
    <trkpt lat="40.226634" lon="-107.085159" />
    <trkpt lat="40.226364" lon="-107.085512" />
    <trkpt lat="40.226095" lon="-107.085865" />
    <trkpt lat="40.225826" lon="-107.086217" />
    <trkpt lat="40.225556" lon="-107.086570" />
    <trkpt lat="40.225287" lon="-107.086923" />
    <trkpt lat="40.225018" lon="-107.087276" />
    <trkpt lat="40.224748" lon="-107.087629" />
    <trkpt lat="40.224479" lon="-107.087981" />
    <trkpt lat="40.224209" lon="-107.087981" />
    <trkpt lat="40.223940" lon="-107.087981" />
    <trkpt lat="40.223671" lon="-107.087981" />
    <trkpt lat="40.223401" lon="-107.087981" />
    <trkpt lat="40.223132" lon="-107.087981" />
    <trkpt lat="40.222863" lon="-107.087981" />
    <trkpt lat="40.222593" lon="-107.087981" />
    <trkpt lat="40.222324" lon="-107.087981" />
    <trkpt lat="40.222055" lon="-107.087981" />
    <trkpt lat="40.221785" lon="-107.087981" />
    <trkpt lat="40.221516" lon="-107.087981" />
    <trkpt lat="40.221246" lon="-107.087981" />
    <trkpt lat="40.220977" lon="-107.087981" />
    <trkpt lat="40.220708" lon="-107.087981" />
    <trkpt lat="40.220438" lon="-107.087981" />
    <trkpt lat="40.220169" lon="-107.087981" />
    <trkpt lat="40.219899" lon="-107.087981" />
    <trkpt lat="40.219630" lon="-107.087981" />
    <trkpt lat="40.219361" lon="-107.087981" />
    <trkpt lat="40.219091" lon="-107.087981" />
    <trkpt lat="40.218822" lon="-107.087981" />
    <trkpt lat="40.218553" lon="-107.087981" />
    <trkpt lat="40.218283" lon="-107.087981" />
    <trkpt lat="40.218014" lon="-107.087981" />
    <trkpt lat="40.217744" lon="-107.087981" />
    <trkpt lat="40.217475" lon="-107.087981" />
    <trkpt lat="40.217206" lon="-107.087981" />
    <trkpt lat="40.216936" lon="-107.087981" />
    <trkpt lat="40.216667" lon="-107.087981" />
    <trkpt lat="40.216397" lon="-107.087981" />
    <trkpt lat="40.216128" lon="-107.087981" />
    <trkpt lat="40.215859" lon="-107.087981" />
    <trkpt lat="40.215589" lon="-107.087981" />
    <trkpt lat="40.215320" lon="-107.087981" />
    <trkpt lat="40.215050" lon="-107.087981" />
    <trkpt lat="40.214781" lon="-107.087981" />
    <trkpt lat="40.214512" lon="-107.087981" />
    <trkpt lat="40.214242" lon="-107.087981" />
    <trkpt lat="40.213973" lon="-107.087981" />
    <trkpt lat="40.213703" lon="-107.087981" />
    <trkpt lat="40.213434" lon="-107.087981" />
    <trkpt lat="40.213165" lon="-107.087981" />
    <trkpt lat="40.212933" lon="-107.087981" />
  </trkseg></trk>
  <trk><name>H03E · Killarney Reservoir → source-footprint caution edge</name><trkseg>
    <trkpt lat="40.154677" lon="-107.079867" />
    <trkpt lat="40.154947" lon="-107.079514" />
    <trkpt lat="40.155217" lon="-107.079162" />
    <trkpt lat="40.155486" lon="-107.079162" />
    <trkpt lat="40.155756" lon="-107.079162" />
    <trkpt lat="40.156026" lon="-107.079162" />
    <trkpt lat="40.156295" lon="-107.079162" />
    <trkpt lat="40.156565" lon="-107.079162" />
    <trkpt lat="40.156834" lon="-107.079162" />
    <trkpt lat="40.157104" lon="-107.079162" />
    <trkpt lat="40.157374" lon="-107.079162" />
    <trkpt lat="40.157643" lon="-107.079162" />
    <trkpt lat="40.157913" lon="-107.079162" />
    <trkpt lat="40.158183" lon="-107.079162" />
    <trkpt lat="40.158452" lon="-107.079162" />
    <trkpt lat="40.158722" lon="-107.079162" />
    <trkpt lat="40.158992" lon="-107.079162" />
    <trkpt lat="40.159261" lon="-107.078809" />
    <trkpt lat="40.159531" lon="-107.078809" />
    <trkpt lat="40.159800" lon="-107.078809" />
    <trkpt lat="40.160070" lon="-107.078809" />
    <trkpt lat="40.160340" lon="-107.078809" />
    <trkpt lat="40.160609" lon="-107.078809" />
    <trkpt lat="40.160879" lon="-107.078809" />
    <trkpt lat="40.161148" lon="-107.078809" />
    <trkpt lat="40.161418" lon="-107.078809" />
    <trkpt lat="40.161688" lon="-107.078809" />
    <trkpt lat="40.161957" lon="-107.078809" />
    <trkpt lat="40.162227" lon="-107.078809" />
    <trkpt lat="40.162497" lon="-107.078809" />
    <trkpt lat="40.162766" lon="-107.078809" />
    <trkpt lat="40.163036" lon="-107.078809" />
    <trkpt lat="40.163305" lon="-107.078809" />
    <trkpt lat="40.163575" lon="-107.078809" />
    <trkpt lat="40.163845" lon="-107.078809" />
    <trkpt lat="40.164114" lon="-107.078809" />
    <trkpt lat="40.164384" lon="-107.078809" />
    <trkpt lat="40.164653" lon="-107.078809" />
    <trkpt lat="40.164923" lon="-107.078809" />
    <trkpt lat="40.165193" lon="-107.078809" />
    <trkpt lat="40.165462" lon="-107.078809" />
    <trkpt lat="40.165732" lon="-107.078809" />
    <trkpt lat="40.166001" lon="-107.078809" />
    <trkpt lat="40.166271" lon="-107.078809" />
    <trkpt lat="40.166541" lon="-107.078456" />
    <trkpt lat="40.166810" lon="-107.078103" />
    <trkpt lat="40.167080" lon="-107.078103" />
    <trkpt lat="40.167349" lon="-107.078103" />
    <trkpt lat="40.167619" lon="-107.078103" />
    <trkpt lat="40.167889" lon="-107.078103" />
    <trkpt lat="40.168158" lon="-107.078103" />
    <trkpt lat="40.168428" lon="-107.078103" />
    <trkpt lat="40.168697" lon="-107.078103" />
    <trkpt lat="40.168967" lon="-107.078103" />
    <trkpt lat="40.169237" lon="-107.078103" />
    <trkpt lat="40.169506" lon="-107.078103" />
    <trkpt lat="40.169776" lon="-107.078103" />
    <trkpt lat="40.170045" lon="-107.078103" />
    <trkpt lat="40.170315" lon="-107.078103" />
    <trkpt lat="40.170584" lon="-107.078103" />
    <trkpt lat="40.170854" lon="-107.077750" />
    <trkpt lat="40.171124" lon="-107.077750" />
    <trkpt lat="40.171393" lon="-107.077750" />
    <trkpt lat="40.171663" lon="-107.077398" />
    <trkpt lat="40.171932" lon="-107.077398" />
    <trkpt lat="40.172202" lon="-107.077045" />
    <trkpt lat="40.172471" lon="-107.077045" />
    <trkpt lat="40.172741" lon="-107.077045" />
    <trkpt lat="40.173011" lon="-107.077045" />
    <trkpt lat="40.173280" lon="-107.077045" />
    <trkpt lat="40.173550" lon="-107.077045" />
    <trkpt lat="40.173819" lon="-107.077045" />
    <trkpt lat="40.174089" lon="-107.077045" />
    <trkpt lat="40.174358" lon="-107.077045" />
    <trkpt lat="40.174628" lon="-107.077045" />
    <trkpt lat="40.174898" lon="-107.077045" />
    <trkpt lat="40.175167" lon="-107.077045" />
    <trkpt lat="40.175437" lon="-107.077045" />
    <trkpt lat="40.175706" lon="-107.077045" />
    <trkpt lat="40.175976" lon="-107.077045" />
    <trkpt lat="40.176245" lon="-107.077045" />
    <trkpt lat="40.176515" lon="-107.077045" />
    <trkpt lat="40.176784" lon="-107.077045" />
    <trkpt lat="40.177054" lon="-107.077045" />
    <trkpt lat="40.177324" lon="-107.077045" />
    <trkpt lat="40.177593" lon="-107.077045" />
    <trkpt lat="40.177863" lon="-107.077045" />
    <trkpt lat="40.178132" lon="-107.077045" />
    <trkpt lat="40.178402" lon="-107.077045" />
    <trkpt lat="40.178671" lon="-107.077045" />
    <trkpt lat="40.178941" lon="-107.077045" />
    <trkpt lat="40.179210" lon="-107.077398" />
    <trkpt lat="40.179480" lon="-107.077398" />
    <trkpt lat="40.179749" lon="-107.077750" />
    <trkpt lat="40.180019" lon="-107.078103" />
    <trkpt lat="40.180289" lon="-107.078456" />
    <trkpt lat="40.180558" lon="-107.078809" />
    <trkpt lat="40.180619" lon="-107.078809" />
  </trkseg></trk>
  <trk><name>H04A · East Marvine Creek → source-footprint caution edge</name><trkseg>
    <trkpt lat="40.027985" lon="-107.414202" />
    <trkpt lat="40.027716" lon="-107.414554" />
    <trkpt lat="40.027446" lon="-107.414554" />
    <trkpt lat="40.027177" lon="-107.414554" />
    <trkpt lat="40.026907" lon="-107.414554" />
    <trkpt lat="40.026638" lon="-107.414554" />
    <trkpt lat="40.026369" lon="-107.414554" />
    <trkpt lat="40.026099" lon="-107.414554" />
    <trkpt lat="40.025830" lon="-107.414554" />
    <trkpt lat="40.025560" lon="-107.414554" />
    <trkpt lat="40.025291" lon="-107.414554" />
    <trkpt lat="40.025021" lon="-107.414554" />
    <trkpt lat="40.024752" lon="-107.414554" />
    <trkpt lat="40.024483" lon="-107.414906" />
    <trkpt lat="40.024213" lon="-107.415257" />
    <trkpt lat="40.023944" lon="-107.415609" />
    <trkpt lat="40.023674" lon="-107.415609" />
    <trkpt lat="40.023405" lon="-107.415609" />
    <trkpt lat="40.023135" lon="-107.415609" />
    <trkpt lat="40.022866" lon="-107.415609" />
    <trkpt lat="40.022596" lon="-107.415609" />
    <trkpt lat="40.022327" lon="-107.415609" />
    <trkpt lat="40.022058" lon="-107.415609" />
    <trkpt lat="40.021788" lon="-107.415609" />
    <trkpt lat="40.021519" lon="-107.415609" />
    <trkpt lat="40.021249" lon="-107.415609" />
    <trkpt lat="40.020980" lon="-107.415609" />
    <trkpt lat="40.020710" lon="-107.415961" />
    <trkpt lat="40.020441" lon="-107.416313" />
    <trkpt lat="40.020171" lon="-107.416665" />
    <trkpt lat="40.019902" lon="-107.417017" />
    <trkpt lat="40.019633" lon="-107.417369" />
    <trkpt lat="40.019363" lon="-107.417720" />
    <trkpt lat="40.019094" lon="-107.418072" />
    <trkpt lat="40.018824" lon="-107.418424" />
    <trkpt lat="40.018555" lon="-107.418776" />
    <trkpt lat="40.018285" lon="-107.419128" />
    <trkpt lat="40.018016" lon="-107.419480" />
    <trkpt lat="40.018016" lon="-107.419832" />
    <trkpt lat="40.018016" lon="-107.420183" />
  </trkseg></trk>
  <trk><name>H04B · Slide Lake → source-footprint caution edge</name><trkseg>
    <trkpt lat="39.973001" lon="-107.409980" />
    <trkpt lat="39.973271" lon="-107.409980" />
    <trkpt lat="39.973540" lon="-107.409980" />
    <trkpt lat="39.973810" lon="-107.409980" />
    <trkpt lat="39.974080" lon="-107.409980" />
    <trkpt lat="39.974349" lon="-107.409980" />
    <trkpt lat="39.974619" lon="-107.409980" />
    <trkpt lat="39.974888" lon="-107.409980" />
    <trkpt lat="39.975158" lon="-107.409980" />
    <trkpt lat="39.975428" lon="-107.409980" />
    <trkpt lat="39.975697" lon="-107.409980" />
    <trkpt lat="39.975967" lon="-107.409980" />
    <trkpt lat="39.976237" lon="-107.409980" />
    <trkpt lat="39.976506" lon="-107.409980" />
    <trkpt lat="39.976776" lon="-107.409980" />
    <trkpt lat="39.977045" lon="-107.409980" />
    <trkpt lat="39.977315" lon="-107.409980" />
    <trkpt lat="39.977585" lon="-107.409980" />
    <trkpt lat="39.977854" lon="-107.409980" />
    <trkpt lat="39.978124" lon="-107.409980" />
    <trkpt lat="39.978394" lon="-107.409980" />
    <trkpt lat="39.978663" lon="-107.409980" />
    <trkpt lat="39.978933" lon="-107.409980" />
    <trkpt lat="39.979202" lon="-107.409980" />
    <trkpt lat="39.979472" lon="-107.409980" />
    <trkpt lat="39.979742" lon="-107.409980" />
    <trkpt lat="39.980011" lon="-107.409980" />
    <trkpt lat="39.980281" lon="-107.409980" />
    <trkpt lat="39.980550" lon="-107.409980" />
    <trkpt lat="39.980820" lon="-107.409980" />
    <trkpt lat="39.981090" lon="-107.409980" />
    <trkpt lat="39.981359" lon="-107.409980" />
    <trkpt lat="39.981629" lon="-107.409980" />
    <trkpt lat="39.981899" lon="-107.409980" />
    <trkpt lat="39.982168" lon="-107.409980" />
    <trkpt lat="39.982438" lon="-107.409980" />
    <trkpt lat="39.982707" lon="-107.409980" />
    <trkpt lat="39.982977" lon="-107.409980" />
    <trkpt lat="39.983247" lon="-107.409980" />
    <trkpt lat="39.983516" lon="-107.409980" />
    <trkpt lat="39.983786" lon="-107.409980" />
    <trkpt lat="39.984055" lon="-107.409980" />
    <trkpt lat="39.984325" lon="-107.409980" />
    <trkpt lat="39.984594" lon="-107.409980" />
    <trkpt lat="39.984864" lon="-107.409980" />
    <trkpt lat="39.985134" lon="-107.409980" />
    <trkpt lat="39.985403" lon="-107.410332" />
    <trkpt lat="39.985673" lon="-107.410332" />
    <trkpt lat="39.985942" lon="-107.410683" />
    <trkpt lat="39.986212" lon="-107.411035" />
    <trkpt lat="39.986482" lon="-107.411035" />
    <trkpt lat="39.986751" lon="-107.411035" />
    <trkpt lat="39.987021" lon="-107.411035" />
    <trkpt lat="39.987290" lon="-107.411035" />
    <trkpt lat="39.987560" lon="-107.411035" />
    <trkpt lat="39.987830" lon="-107.411035" />
    <trkpt lat="39.988099" lon="-107.411035" />
    <trkpt lat="39.988369" lon="-107.411035" />
    <trkpt lat="39.988638" lon="-107.411035" />
    <trkpt lat="39.988908" lon="-107.411387" />
    <trkpt lat="39.989177" lon="-107.411739" />
    <trkpt lat="39.989447" lon="-107.412091" />
    <trkpt lat="39.989717" lon="-107.412443" />
    <trkpt lat="39.989986" lon="-107.412795" />
    <trkpt lat="39.990256" lon="-107.413146" />
    <trkpt lat="39.990525" lon="-107.413498" />
    <trkpt lat="39.990795" lon="-107.413850" />
    <trkpt lat="39.991064" lon="-107.413850" />
    <trkpt lat="39.991334" lon="-107.413850" />
    <trkpt lat="39.991604" lon="-107.413850" />
    <trkpt lat="39.991873" lon="-107.414202" />
    <trkpt lat="39.992143" lon="-107.414554" />
    <trkpt lat="39.992412" lon="-107.414554" />
    <trkpt lat="39.992682" lon="-107.414906" />
    <trkpt lat="39.992951" lon="-107.414906" />
    <trkpt lat="39.993221" lon="-107.414906" />
    <trkpt lat="39.993490" lon="-107.414906" />
    <trkpt lat="39.993760" lon="-107.414906" />
    <trkpt lat="39.994030" lon="-107.414906" />
    <trkpt lat="39.994299" lon="-107.414906" />
    <trkpt lat="39.994569" lon="-107.415257" />
    <trkpt lat="39.994838" lon="-107.415257" />
    <trkpt lat="39.995108" lon="-107.415609" />
    <trkpt lat="39.995377" lon="-107.415961" />
    <trkpt lat="39.995647" lon="-107.416313" />
    <trkpt lat="39.995916" lon="-107.416665" />
    <trkpt lat="39.996186" lon="-107.417017" />
    <trkpt lat="39.996456" lon="-107.417369" />
    <trkpt lat="39.996725" lon="-107.417720" />
    <trkpt lat="39.996995" lon="-107.418072" />
    <trkpt lat="39.997264" lon="-107.418424" />
    <trkpt lat="39.997534" lon="-107.418776" />
    <trkpt lat="39.997803" lon="-107.419128" />
    <trkpt lat="39.998073" lon="-107.419480" />
    <trkpt lat="39.998342" lon="-107.419832" />
    <trkpt lat="39.998612" lon="-107.419832" />
    <trkpt lat="39.998881" lon="-107.420183" />
    <trkpt lat="39.999151" lon="-107.420535" />
    <trkpt lat="39.999420" lon="-107.420887" />
  </trkseg></trk>
  <trk><name>H04C · West Marvine Creek → source-footprint caution edge</name><trkseg>
    <trkpt lat="40.029602" lon="-107.436368" />
    <trkpt lat="40.029332" lon="-107.436368" />
    <trkpt lat="40.029063" lon="-107.436368" />
    <trkpt lat="40.028793" lon="-107.436368" />
    <trkpt lat="40.028524" lon="-107.436368" />
    <trkpt lat="40.028255" lon="-107.436368" />
    <trkpt lat="40.027985" lon="-107.436368" />
    <trkpt lat="40.027716" lon="-107.436368" />
    <trkpt lat="40.027446" lon="-107.436368" />
    <trkpt lat="40.027177" lon="-107.436368" />
    <trkpt lat="40.026907" lon="-107.436368" />
    <trkpt lat="40.026638" lon="-107.436368" />
    <trkpt lat="40.026369" lon="-107.436368" />
    <trkpt lat="40.026099" lon="-107.436368" />
    <trkpt lat="40.025830" lon="-107.436368" />
    <trkpt lat="40.025560" lon="-107.436368" />
    <trkpt lat="40.025291" lon="-107.436368" />
    <trkpt lat="40.025021" lon="-107.436368" />
    <trkpt lat="40.024752" lon="-107.436368" />
    <trkpt lat="40.024483" lon="-107.436368" />
    <trkpt lat="40.024213" lon="-107.436368" />
    <trkpt lat="40.023944" lon="-107.436368" />
    <trkpt lat="40.023674" lon="-107.436017" />
    <trkpt lat="40.023405" lon="-107.435665" />
    <trkpt lat="40.023135" lon="-107.435313" />
    <trkpt lat="40.022866" lon="-107.434961" />
    <trkpt lat="40.022596" lon="-107.434609" />
    <trkpt lat="40.022596" lon="-107.434257" />
    <trkpt lat="40.022327" lon="-107.433905" />
    <trkpt lat="40.022058" lon="-107.433554" />
    <trkpt lat="40.021788" lon="-107.433202" />
    <trkpt lat="40.021519" lon="-107.432850" />
    <trkpt lat="40.021249" lon="-107.432498" />
    <trkpt lat="40.021249" lon="-107.432146" />
    <trkpt lat="40.020980" lon="-107.431794" />
    <trkpt lat="40.020980" lon="-107.431443" />
    <trkpt lat="40.020980" lon="-107.431091" />
    <trkpt lat="40.020980" lon="-107.430739" />
    <trkpt lat="40.020710" lon="-107.430387" />
    <trkpt lat="40.020710" lon="-107.430035" />
    <trkpt lat="40.020441" lon="-107.429683" />
    <trkpt lat="40.020171" lon="-107.429331" />
  </trkseg></trk>
  <trk><name>H04D · Camel Peak → source-footprint caution edge</name><trkseg>
    <trkpt lat="39.991604" lon="-107.461702" />
    <trkpt lat="39.991604" lon="-107.461350" />
    <trkpt lat="39.991604" lon="-107.460998" />
    <trkpt lat="39.991604" lon="-107.460646" />
    <trkpt lat="39.991604" lon="-107.460294" />
    <trkpt lat="39.991604" lon="-107.459942" />
    <trkpt lat="39.991604" lon="-107.459590" />
    <trkpt lat="39.991604" lon="-107.459239" />
    <trkpt lat="39.991873" lon="-107.458887" />
    <trkpt lat="39.991873" lon="-107.458535" />
    <trkpt lat="39.991873" lon="-107.458183" />
    <trkpt lat="39.991873" lon="-107.457831" />
    <trkpt lat="39.991873" lon="-107.457479" />
    <trkpt lat="39.991873" lon="-107.457127" />
    <trkpt lat="39.991873" lon="-107.456776" />
    <trkpt lat="39.991873" lon="-107.456424" />
    <trkpt lat="39.991873" lon="-107.456072" />
    <trkpt lat="39.991873" lon="-107.455720" />
    <trkpt lat="39.991873" lon="-107.455368" />
    <trkpt lat="39.991873" lon="-107.455016" />
    <trkpt lat="39.991873" lon="-107.454665" />
    <trkpt lat="39.991873" lon="-107.454313" />
    <trkpt lat="39.991873" lon="-107.453961" />
    <trkpt lat="39.991873" lon="-107.453609" />
    <trkpt lat="39.991873" lon="-107.453257" />
    <trkpt lat="39.991873" lon="-107.452905" />
    <trkpt lat="39.991873" lon="-107.452553" />
    <trkpt lat="39.991873" lon="-107.452202" />
    <trkpt lat="39.991873" lon="-107.451850" />
    <trkpt lat="39.991873" lon="-107.451498" />
    <trkpt lat="39.991873" lon="-107.451146" />
    <trkpt lat="39.991873" lon="-107.450794" />
    <trkpt lat="39.991873" lon="-107.450442" />
    <trkpt lat="39.992143" lon="-107.450091" />
    <trkpt lat="39.992412" lon="-107.449739" />
    <trkpt lat="39.992682" lon="-107.449387" />
    <trkpt lat="39.992682" lon="-107.449035" />
    <trkpt lat="39.992682" lon="-107.448683" />
    <trkpt lat="39.992682" lon="-107.448331" />
    <trkpt lat="39.992682" lon="-107.447979" />
    <trkpt lat="39.992682" lon="-107.447628" />
    <trkpt lat="39.992682" lon="-107.447276" />
    <trkpt lat="39.992682" lon="-107.446924" />
    <trkpt lat="39.992682" lon="-107.446572" />
    <trkpt lat="39.992682" lon="-107.446220" />
    <trkpt lat="39.992682" lon="-107.445868" />
    <trkpt lat="39.992682" lon="-107.445516" />
    <trkpt lat="39.992682" lon="-107.445165" />
    <trkpt lat="39.992682" lon="-107.444813" />
    <trkpt lat="39.992682" lon="-107.444461" />
    <trkpt lat="39.992682" lon="-107.444109" />
    <trkpt lat="39.992682" lon="-107.443757" />
    <trkpt lat="39.992682" lon="-107.443405" />
    <trkpt lat="39.992682" lon="-107.443054" />
    <trkpt lat="39.992682" lon="-107.442702" />
    <trkpt lat="39.992682" lon="-107.442350" />
    <trkpt lat="39.992682" lon="-107.441998" />
    <trkpt lat="39.992682" lon="-107.441646" />
    <trkpt lat="39.992682" lon="-107.441294" />
    <trkpt lat="39.992682" lon="-107.440942" />
    <trkpt lat="39.992682" lon="-107.440591" />
    <trkpt lat="39.992682" lon="-107.440239" />
    <trkpt lat="39.992682" lon="-107.439887" />
    <trkpt lat="39.992682" lon="-107.439535" />
    <trkpt lat="39.992682" lon="-107.439183" />
    <trkpt lat="39.992682" lon="-107.438831" />
    <trkpt lat="39.992682" lon="-107.438480" />
    <trkpt lat="39.992682" lon="-107.438128" />
    <trkpt lat="39.992682" lon="-107.437776" />
    <trkpt lat="39.992951" lon="-107.437424" />
    <trkpt lat="39.993221" lon="-107.437072" />
    <trkpt lat="39.993490" lon="-107.436720" />
    <trkpt lat="39.993760" lon="-107.436368" />
    <trkpt lat="39.994030" lon="-107.436017" />
    <trkpt lat="39.994299" lon="-107.435665" />
    <trkpt lat="39.994569" lon="-107.435313" />
    <trkpt lat="39.994838" lon="-107.434961" />
    <trkpt lat="39.995108" lon="-107.434609" />
    <trkpt lat="39.995377" lon="-107.434257" />
    <trkpt lat="39.995647" lon="-107.433905" />
    <trkpt lat="39.995916" lon="-107.433554" />
    <trkpt lat="39.996186" lon="-107.433202" />
    <trkpt lat="39.996456" lon="-107.432850" />
    <trkpt lat="39.996725" lon="-107.432498" />
    <trkpt lat="39.996995" lon="-107.432146" />
    <trkpt lat="39.997264" lon="-107.431794" />
    <trkpt lat="39.997534" lon="-107.431443" />
    <trkpt lat="39.997803" lon="-107.431091" />
    <trkpt lat="39.998073" lon="-107.430739" />
    <trkpt lat="39.998342" lon="-107.430387" />
    <trkpt lat="39.998612" lon="-107.430035" />
    <trkpt lat="39.998881" lon="-107.429683" />
  </trkseg></trk>
  <trk><name>H04E · Johnson Lake → source-footprint caution edge</name><trkseg>
    <trkpt lat="40.000499" lon="-107.390628" />
    <trkpt lat="40.000499" lon="-107.390980" />
    <trkpt lat="40.000499" lon="-107.391332" />
    <trkpt lat="40.000499" lon="-107.391684" />
    <trkpt lat="40.000768" lon="-107.392035" />
    <trkpt lat="40.000768" lon="-107.392387" />
    <trkpt lat="40.000768" lon="-107.392739" />
    <trkpt lat="40.001038" lon="-107.393091" />
    <trkpt lat="40.001038" lon="-107.393443" />
    <trkpt lat="40.001038" lon="-107.393795" />
    <trkpt lat="40.001038" lon="-107.394147" />
    <trkpt lat="40.001038" lon="-107.394498" />
    <trkpt lat="40.001038" lon="-107.394850" />
    <trkpt lat="40.001307" lon="-107.395202" />
    <trkpt lat="40.001307" lon="-107.395554" />
    <trkpt lat="40.001307" lon="-107.395906" />
    <trkpt lat="40.001577" lon="-107.396258" />
    <trkpt lat="40.001577" lon="-107.396610" />
    <trkpt lat="40.001577" lon="-107.396961" />
    <trkpt lat="40.001846" lon="-107.397313" />
    <trkpt lat="40.001846" lon="-107.397665" />
    <trkpt lat="40.001846" lon="-107.398017" />
    <trkpt lat="40.002116" lon="-107.398369" />
    <trkpt lat="40.002116" lon="-107.398721" />
    <trkpt lat="40.002116" lon="-107.399072" />
    <trkpt lat="40.002116" lon="-107.399424" />
    <trkpt lat="40.002116" lon="-107.399776" />
    <trkpt lat="40.002116" lon="-107.400128" />
    <trkpt lat="40.002116" lon="-107.400480" />
    <trkpt lat="40.002116" lon="-107.400832" />
    <trkpt lat="40.002116" lon="-107.401184" />
    <trkpt lat="40.002116" lon="-107.401535" />
    <trkpt lat="40.002116" lon="-107.401887" />
    <trkpt lat="40.002116" lon="-107.402239" />
    <trkpt lat="40.002116" lon="-107.402591" />
    <trkpt lat="40.002116" lon="-107.402943" />
    <trkpt lat="40.002116" lon="-107.403295" />
    <trkpt lat="40.002116" lon="-107.403646" />
    <trkpt lat="40.002116" lon="-107.403998" />
    <trkpt lat="40.002116" lon="-107.404350" />
    <trkpt lat="40.002116" lon="-107.404702" />
    <trkpt lat="40.002116" lon="-107.405054" />
    <trkpt lat="40.002385" lon="-107.405406" />
    <trkpt lat="40.002385" lon="-107.405758" />
    <trkpt lat="40.002385" lon="-107.406109" />
    <trkpt lat="40.002385" lon="-107.406461" />
    <trkpt lat="40.002385" lon="-107.406813" />
    <trkpt lat="40.002655" lon="-107.407165" />
    <trkpt lat="40.002924" lon="-107.407517" />
    <trkpt lat="40.003194" lon="-107.407869" />
    <trkpt lat="40.003463" lon="-107.408221" />
    <trkpt lat="40.003463" lon="-107.408572" />
    <trkpt lat="40.003463" lon="-107.408924" />
    <trkpt lat="40.003463" lon="-107.409276" />
    <trkpt lat="40.003463" lon="-107.409628" />
    <trkpt lat="40.003463" lon="-107.409980" />
    <trkpt lat="40.003463" lon="-107.410332" />
    <trkpt lat="40.003463" lon="-107.410683" />
    <trkpt lat="40.003463" lon="-107.411035" />
    <trkpt lat="40.003463" lon="-107.411387" />
    <trkpt lat="40.003733" lon="-107.411739" />
    <trkpt lat="40.004002" lon="-107.412091" />
    <trkpt lat="40.004272" lon="-107.412443" />
    <trkpt lat="40.004541" lon="-107.412795" />
    <trkpt lat="40.004811" lon="-107.413146" />
    <trkpt lat="40.005080" lon="-107.413498" />
    <trkpt lat="40.005080" lon="-107.413850" />
    <trkpt lat="40.005080" lon="-107.414202" />
    <trkpt lat="40.005080" lon="-107.414554" />
    <trkpt lat="40.005080" lon="-107.414906" />
    <trkpt lat="40.005350" lon="-107.415257" />
  </trkseg></trk>
  <trk><name>H05A · Coal Creek → source-footprint caution edge</name><trkseg>
    <trkpt lat="40.057708" lon="-107.037850" />
    <trkpt lat="40.057439" lon="-107.038202" />
    <trkpt lat="40.057439" lon="-107.038554" />
    <trkpt lat="40.057439" lon="-107.038906" />
    <trkpt lat="40.057439" lon="-107.039258" />
    <trkpt lat="40.057439" lon="-107.039610" />
    <trkpt lat="40.057169" lon="-107.039962" />
    <trkpt lat="40.056900" lon="-107.040314" />
    <trkpt lat="40.056630" lon="-107.040666" />
    <trkpt lat="40.056361" lon="-107.041018" />
    <trkpt lat="40.056091" lon="-107.041370" />
    <trkpt lat="40.055822" lon="-107.041722" />
    <trkpt lat="40.055552" lon="-107.042074" />
    <trkpt lat="40.055283" lon="-107.042426" />
    <trkpt lat="40.055013" lon="-107.042778" />
    <trkpt lat="40.054744" lon="-107.043130" />
    <trkpt lat="40.054475" lon="-107.043482" />
    <trkpt lat="40.054205" lon="-107.043834" />
    <trkpt lat="40.053936" lon="-107.044186" />
    <trkpt lat="40.053666" lon="-107.044538" />
    <trkpt lat="40.053397" lon="-107.044890" />
    <trkpt lat="40.053127" lon="-107.045242" />
    <trkpt lat="40.052858" lon="-107.045594" />
    <trkpt lat="40.052588" lon="-107.045946" />
    <trkpt lat="40.052319" lon="-107.046298" />
    <trkpt lat="40.052049" lon="-107.046651" />
    <trkpt lat="40.051780" lon="-107.047003" />
    <trkpt lat="40.051510" lon="-107.047355" />
    <trkpt lat="40.051241" lon="-107.047707" />
    <trkpt lat="40.050971" lon="-107.048059" />
    <trkpt lat="40.050702" lon="-107.048411" />
    <trkpt lat="40.050433" lon="-107.048763" />
    <trkpt lat="40.050433" lon="-107.049115" />
    <trkpt lat="40.050433" lon="-107.049467" />
    <trkpt lat="40.050433" lon="-107.049819" />
    <trkpt lat="40.050163" lon="-107.050171" />
    <trkpt lat="40.049894" lon="-107.050523" />
    <trkpt lat="40.049624" lon="-107.050875" />
    <trkpt lat="40.049624" lon="-107.051227" />
    <trkpt lat="40.049355" lon="-107.051579" />
    <trkpt lat="40.049355" lon="-107.051931" />
    <trkpt lat="40.049355" lon="-107.052283" />
    <trkpt lat="40.049355" lon="-107.052635" />
    <trkpt lat="40.049355" lon="-107.052987" />
    <trkpt lat="40.049355" lon="-107.053339" />
    <trkpt lat="40.049355" lon="-107.053691" />
    <trkpt lat="40.049085" lon="-107.054043" />
    <trkpt lat="40.049085" lon="-107.054395" />
    <trkpt lat="40.049085" lon="-107.054747" />
    <trkpt lat="40.049085" lon="-107.055099" />
    <trkpt lat="40.048816" lon="-107.055451" />
    <trkpt lat="40.048546" lon="-107.055803" />
    <trkpt lat="40.048277" lon="-107.056156" />
    <trkpt lat="40.048007" lon="-107.056508" />
    <trkpt lat="40.047738" lon="-107.056860" />
    <trkpt lat="40.047468" lon="-107.057212" />
    <trkpt lat="40.047199" lon="-107.057564" />
    <trkpt lat="40.046929" lon="-107.057916" />
    <trkpt lat="40.046660" lon="-107.058268" />
    <trkpt lat="40.046390" lon="-107.058620" />
    <trkpt lat="40.046190" lon="-107.058881" />
  </trkseg></trk>
  <trk><name>H05B · East Coal Creek → source-footprint caution edge</name><trkseg>
    <trkpt lat="40.059055" lon="-107.055803" />
    <trkpt lat="40.058786" lon="-107.056156" />
    <trkpt lat="40.058786" lon="-107.056508" />
    <trkpt lat="40.058786" lon="-107.056860" />
    <trkpt lat="40.058786" lon="-107.057212" />
    <trkpt lat="40.058516" lon="-107.057564" />
    <trkpt lat="40.058516" lon="-107.057916" />
    <trkpt lat="40.058247" lon="-107.058268" />
    <trkpt lat="40.058247" lon="-107.058620" />
    <trkpt lat="40.057977" lon="-107.058972" />
    <trkpt lat="40.057708" lon="-107.059324" />
    <trkpt lat="40.057439" lon="-107.059676" />
    <trkpt lat="40.057169" lon="-107.060028" />
    <trkpt lat="40.056900" lon="-107.060380" />
    <trkpt lat="40.056630" lon="-107.060732" />
    <trkpt lat="40.056361" lon="-107.061084" />
    <trkpt lat="40.056091" lon="-107.061436" />
    <trkpt lat="40.055822" lon="-107.061788" />
    <trkpt lat="40.055822" lon="-107.062140" />
    <trkpt lat="40.055822" lon="-107.062492" />
    <trkpt lat="40.055552" lon="-107.062844" />
    <trkpt lat="40.055552" lon="-107.063196" />
    <trkpt lat="40.055552" lon="-107.063548" />
    <trkpt lat="40.055283" lon="-107.063900" />
    <trkpt lat="40.055013" lon="-107.064252" />
    <trkpt lat="40.054744" lon="-107.064604" />
    <trkpt lat="40.054475" lon="-107.064956" />
    <trkpt lat="40.054205" lon="-107.065308" />
    <trkpt lat="40.053936" lon="-107.065661" />
    <trkpt lat="40.053696" lon="-107.065973" />
  </trkseg></trk>
  <trk><name>H05C · East Coal Creek → source-footprint caution edge</name><trkseg>
    <trkpt lat="40.073334" lon="-107.071293" />
    <trkpt lat="40.073065" lon="-107.071645" />
    <trkpt lat="40.072795" lon="-107.071997" />
    <trkpt lat="40.072526" lon="-107.072349" />
    <trkpt lat="40.072257" lon="-107.072701" />
    <trkpt lat="40.071987" lon="-107.072701" />
    <trkpt lat="40.071718" lon="-107.072701" />
    <trkpt lat="40.071448" lon="-107.072701" />
    <trkpt lat="40.071179" lon="-107.072701" />
    <trkpt lat="40.070910" lon="-107.072701" />
    <trkpt lat="40.070640" lon="-107.072701" />
    <trkpt lat="40.070371" lon="-107.072701" />
    <trkpt lat="40.070101" lon="-107.072701" />
    <trkpt lat="40.069832" lon="-107.072701" />
    <trkpt lat="40.069563" lon="-107.072701" />
    <trkpt lat="40.069293" lon="-107.072701" />
    <trkpt lat="40.069024" lon="-107.072349" />
    <trkpt lat="40.068754" lon="-107.071997" />
    <trkpt lat="40.068485" lon="-107.071997" />
    <trkpt lat="40.068216" lon="-107.071997" />
    <trkpt lat="40.067946" lon="-107.071997" />
    <trkpt lat="40.067677" lon="-107.071997" />
    <trkpt lat="40.067407" lon="-107.071997" />
    <trkpt lat="40.067138" lon="-107.071997" />
    <trkpt lat="40.066869" lon="-107.071997" />
    <trkpt lat="40.066599" lon="-107.071997" />
    <trkpt lat="40.066330" lon="-107.071997" />
    <trkpt lat="40.066060" lon="-107.071997" />
    <trkpt lat="40.065791" lon="-107.071997" />
    <trkpt lat="40.065522" lon="-107.071997" />
    <trkpt lat="40.065252" lon="-107.071997" />
    <trkpt lat="40.064983" lon="-107.071997" />
    <trkpt lat="40.064713" lon="-107.071997" />
    <trkpt lat="40.064444" lon="-107.071997" />
    <trkpt lat="40.064174" lon="-107.071997" />
    <trkpt lat="40.063905" lon="-107.071997" />
    <trkpt lat="40.063636" lon="-107.071997" />
    <trkpt lat="40.063366" lon="-107.071997" />
    <trkpt lat="40.063097" lon="-107.071997" />
    <trkpt lat="40.062827" lon="-107.071997" />
    <trkpt lat="40.062558" lon="-107.071997" />
    <trkpt lat="40.062288" lon="-107.071997" />
    <trkpt lat="40.062019" lon="-107.071997" />
    <trkpt lat="40.061750" lon="-107.071997" />
    <trkpt lat="40.061480" lon="-107.071997" />
    <trkpt lat="40.061211" lon="-107.071997" />
    <trkpt lat="40.060941" lon="-107.071997" />
    <trkpt lat="40.060672" lon="-107.071997" />
    <trkpt lat="40.060402" lon="-107.071997" />
    <trkpt lat="40.060133" lon="-107.071997" />
    <trkpt lat="40.059864" lon="-107.071997" />
    <trkpt lat="40.059594" lon="-107.071997" />
    <trkpt lat="40.059325" lon="-107.071997" />
    <trkpt lat="40.059055" lon="-107.071997" />
    <trkpt lat="40.058786" lon="-107.071997" />
    <trkpt lat="40.058516" lon="-107.071997" />
    <trkpt lat="40.058247" lon="-107.071997" />
    <trkpt lat="40.057977" lon="-107.071997" />
    <trkpt lat="40.057708" lon="-107.071997" />
    <trkpt lat="40.057439" lon="-107.071997" />
    <trkpt lat="40.057169" lon="-107.071997" />
    <trkpt lat="40.056900" lon="-107.071997" />
    <trkpt lat="40.056630" lon="-107.071997" />
    <trkpt lat="40.056361" lon="-107.071997" />
    <trkpt lat="40.056091" lon="-107.071997" />
    <trkpt lat="40.055822" lon="-107.071997" />
    <trkpt lat="40.055552" lon="-107.071997" />
    <trkpt lat="40.055283" lon="-107.071997" />
    <trkpt lat="40.055013" lon="-107.071997" />
    <trkpt lat="40.054744" lon="-107.071997" />
    <trkpt lat="40.054475" lon="-107.071997" />
    <trkpt lat="40.054205" lon="-107.071997" />
  </trkseg></trk>
  <trk><name>H05D · Mandall Creek → source-footprint caution edge</name><trkseg>
    <trkpt lat="40.048546" lon="-107.092415" />
    <trkpt lat="40.048277" lon="-107.092063" />
    <trkpt lat="40.048007" lon="-107.091711" />
    <trkpt lat="40.047738" lon="-107.091359" />
    <trkpt lat="40.047468" lon="-107.091007" />
    <trkpt lat="40.047468" lon="-107.090655" />
    <trkpt lat="40.047468" lon="-107.090303" />
    <trkpt lat="40.047199" lon="-107.089951" />
    <trkpt lat="40.046929" lon="-107.089599" />
    <trkpt lat="40.046660" lon="-107.089247" />
    <trkpt lat="40.046660" lon="-107.088895" />
    <trkpt lat="40.046660" lon="-107.088543" />
    <trkpt lat="40.046390" lon="-107.088191" />
    <trkpt lat="40.046390" lon="-107.087839" />
    <trkpt lat="40.046390" lon="-107.087487" />
    <trkpt lat="40.046390" lon="-107.087135" />
    <trkpt lat="40.046390" lon="-107.086783" />
    <trkpt lat="40.046390" lon="-107.086431" />
    <trkpt lat="40.046390" lon="-107.086079" />
    <trkpt lat="40.046390" lon="-107.085727" />
    <trkpt lat="40.046390" lon="-107.085375" />
    <trkpt lat="40.046390" lon="-107.085023" />
    <trkpt lat="40.046390" lon="-107.084671" />
    <trkpt lat="40.046390" lon="-107.084319" />
    <trkpt lat="40.046390" lon="-107.083966" />
    <trkpt lat="40.046390" lon="-107.083614" />
    <trkpt lat="40.046660" lon="-107.083262" />
    <trkpt lat="40.046929" lon="-107.082910" />
    <trkpt lat="40.046929" lon="-107.082558" />
    <trkpt lat="40.046929" lon="-107.082206" />
    <trkpt lat="40.046929" lon="-107.081854" />
    <trkpt lat="40.046929" lon="-107.081502" />
    <trkpt lat="40.046929" lon="-107.081150" />
    <trkpt lat="40.046929" lon="-107.080798" />
  </trkseg></trk>
  <trk><name>H05E · Flat Top Mountain → source-footprint caution edge</name><trkseg>
    <trkpt lat="40.019975" lon="-107.092063" />
    <trkpt lat="40.020244" lon="-107.091711" />
    <trkpt lat="40.020514" lon="-107.091359" />
    <trkpt lat="40.020784" lon="-107.091007" />
    <trkpt lat="40.021053" lon="-107.090655" />
    <trkpt lat="40.021323" lon="-107.090303" />
    <trkpt lat="40.021592" lon="-107.089951" />
    <trkpt lat="40.021862" lon="-107.089599" />
    <trkpt lat="40.022132" lon="-107.089247" />
    <trkpt lat="40.022401" lon="-107.088895" />
    <trkpt lat="40.022671" lon="-107.088895" />
    <trkpt lat="40.022940" lon="-107.088895" />
    <trkpt lat="40.023210" lon="-107.088895" />
    <trkpt lat="40.023479" lon="-107.088543" />
    <trkpt lat="40.023749" lon="-107.088191" />
    <trkpt lat="40.024019" lon="-107.087839" />
    <trkpt lat="40.024288" lon="-107.087487" />
    <trkpt lat="40.024558" lon="-107.087487" />
    <trkpt lat="40.024827" lon="-107.087487" />
    <trkpt lat="40.025097" lon="-107.087487" />
    <trkpt lat="40.025367" lon="-107.087135" />
    <trkpt lat="40.025636" lon="-107.086783" />
    <trkpt lat="40.025906" lon="-107.086431" />
    <trkpt lat="40.026175" lon="-107.086079" />
    <trkpt lat="40.026445" lon="-107.085727" />
    <trkpt lat="40.026714" lon="-107.085375" />
    <trkpt lat="40.026984" lon="-107.085023" />
    <trkpt lat="40.027254" lon="-107.084671" />
    <trkpt lat="40.027523" lon="-107.084319" />
    <trkpt lat="40.027793" lon="-107.083966" />
    <trkpt lat="40.028062" lon="-107.083614" />
    <trkpt lat="40.028332" lon="-107.083262" />
    <trkpt lat="40.028601" lon="-107.082910" />
    <trkpt lat="40.028871" lon="-107.082558" />
    <trkpt lat="40.029141" lon="-107.082206" />
    <trkpt lat="40.029141" lon="-107.081854" />
    <trkpt lat="40.029410" lon="-107.081502" />
    <trkpt lat="40.029680" lon="-107.081150" />
    <trkpt lat="40.029949" lon="-107.080798" />
    <trkpt lat="40.029949" lon="-107.080446" />
    <trkpt lat="40.029949" lon="-107.080094" />
    <trkpt lat="40.029949" lon="-107.079742" />
    <trkpt lat="40.029949" lon="-107.079390" />
    <trkpt lat="40.030219" lon="-107.079038" />
    <trkpt lat="40.030488" lon="-107.078686" />
    <trkpt lat="40.030758" lon="-107.078334" />
    <trkpt lat="40.031027" lon="-107.077982" />
    <trkpt lat="40.031027" lon="-107.077630" />
    <trkpt lat="40.031297" lon="-107.077278" />
    <trkpt lat="40.031567" lon="-107.076926" />
    <trkpt lat="40.031836" lon="-107.076574" />
    <trkpt lat="40.032106" lon="-107.076222" />
    <trkpt lat="40.032375" lon="-107.075870" />
    <trkpt lat="40.032645" lon="-107.075518" />
    <trkpt lat="40.032914" lon="-107.075166" />
    <trkpt lat="40.033184" lon="-107.074814" />
    <trkpt lat="40.033453" lon="-107.074461" />
    <trkpt lat="40.033723" lon="-107.074109" />
    <trkpt lat="40.033992" lon="-107.073757" />
    <trkpt lat="40.034262" lon="-107.073405" />
    <trkpt lat="40.034532" lon="-107.073405" />
    <trkpt lat="40.034801" lon="-107.073053" />
    <trkpt lat="40.035071" lon="-107.073053" />
    <trkpt lat="40.035340" lon="-107.073053" />
    <trkpt lat="40.035610" lon="-107.072701" />
    <trkpt lat="40.035879" lon="-107.072701" />
    <trkpt lat="40.036149" lon="-107.072349" />
    <trkpt lat="40.036418" lon="-107.072349" />
    <trkpt lat="40.036688" lon="-107.072349" />
    <trkpt lat="40.036957" lon="-107.072349" />
    <trkpt lat="40.037227" lon="-107.072349" />
    <trkpt lat="40.037496" lon="-107.072349" />
  </trkseg></trk>
  <trk><name>H06A · Hack Lake → source-footprint caution edge</name><trkseg>
    <trkpt lat="39.827271" lon="-107.145659" />
    <trkpt lat="39.827002" lon="-107.146009" />
    <trkpt lat="39.827002" lon="-107.146360" />
    <trkpt lat="39.826732" lon="-107.146711" />
    <trkpt lat="39.826463" lon="-107.147062" />
    <trkpt lat="39.826194" lon="-107.147412" />
    <trkpt lat="39.825924" lon="-107.147763" />
    <trkpt lat="39.825655" lon="-107.148114" />
    <trkpt lat="39.825385" lon="-107.148114" />
    <trkpt lat="39.825116" lon="-107.148114" />
    <trkpt lat="39.824847" lon="-107.148465" />
    <trkpt lat="39.824577" lon="-107.148465" />
    <trkpt lat="39.824308" lon="-107.148465" />
    <trkpt lat="39.824038" lon="-107.148465" />
    <trkpt lat="39.823769" lon="-107.148465" />
    <trkpt lat="39.823500" lon="-107.148465" />
    <trkpt lat="39.823230" lon="-107.148465" />
    <trkpt lat="39.822961" lon="-107.148465" />
    <trkpt lat="39.822692" lon="-107.148465" />
    <trkpt lat="39.822422" lon="-107.148465" />
    <trkpt lat="39.822153" lon="-107.148465" />
    <trkpt lat="39.821883" lon="-107.148465" />
    <trkpt lat="39.821614" lon="-107.148465" />
    <trkpt lat="39.821345" lon="-107.148465" />
    <trkpt lat="39.821075" lon="-107.148465" />
    <trkpt lat="39.820806" lon="-107.148465" />
    <trkpt lat="39.820536" lon="-107.148465" />
    <trkpt lat="39.820267" lon="-107.148465" />
    <trkpt lat="39.819998" lon="-107.148465" />
    <trkpt lat="39.819728" lon="-107.148465" />
    <trkpt lat="39.819459" lon="-107.148465" />
    <trkpt lat="39.819189" lon="-107.148465" />
    <trkpt lat="39.818920" lon="-107.148465" />
    <trkpt lat="39.818650" lon="-107.148465" />
    <trkpt lat="39.818381" lon="-107.148465" />
    <trkpt lat="39.818112" lon="-107.148465" />
    <trkpt lat="39.817842" lon="-107.148465" />
    <trkpt lat="39.817573" lon="-107.148816" />
    <trkpt lat="39.817303" lon="-107.148816" />
    <trkpt lat="39.817034" lon="-107.149166" />
    <trkpt lat="39.816765" lon="-107.149166" />
    <trkpt lat="39.816495" lon="-107.149517" />
    <trkpt lat="39.816226" lon="-107.149517" />
    <trkpt lat="39.815956" lon="-107.149868" />
    <trkpt lat="39.815687" lon="-107.149868" />
    <trkpt lat="39.815417" lon="-107.149868" />
    <trkpt lat="39.815148" lon="-107.150219" />
    <trkpt lat="39.814879" lon="-107.150219" />
    <trkpt lat="39.814609" lon="-107.150569" />
    <trkpt lat="39.814340" lon="-107.150569" />
    <trkpt lat="39.814070" lon="-107.150920" />
    <trkpt lat="39.813801" lon="-107.150920" />
    <trkpt lat="39.813531" lon="-107.151271" />
    <trkpt lat="39.813262" lon="-107.151622" />
    <trkpt lat="39.812993" lon="-107.151622" />
    <trkpt lat="39.812723" lon="-107.151622" />
    <trkpt lat="39.812454" lon="-107.151972" />
    <trkpt lat="39.812184" lon="-107.152323" />
    <trkpt lat="39.811915" lon="-107.152323" />
    <trkpt lat="39.811645" lon="-107.152674" />
    <trkpt lat="39.811376" lon="-107.152674" />
    <trkpt lat="39.811107" lon="-107.152674" />
    <trkpt lat="39.810837" lon="-107.152674" />
    <trkpt lat="39.810568" lon="-107.152674" />
    <trkpt lat="39.810298" lon="-107.152674" />
    <trkpt lat="39.810029" lon="-107.152674" />
    <trkpt lat="39.809759" lon="-107.152674" />
    <trkpt lat="39.809490" lon="-107.152674" />
    <trkpt lat="39.809220" lon="-107.152674" />
    <trkpt lat="39.808951" lon="-107.152674" />
    <trkpt lat="39.808682" lon="-107.152674" />
    <trkpt lat="39.808412" lon="-107.152674" />
    <trkpt lat="39.808143" lon="-107.152674" />
    <trkpt lat="39.807873" lon="-107.152674" />
    <trkpt lat="39.807604" lon="-107.152674" />
    <trkpt lat="39.807334" lon="-107.152674" />
    <trkpt lat="39.807065" lon="-107.152674" />
    <trkpt lat="39.806795" lon="-107.152674" />
    <trkpt lat="39.806526" lon="-107.152674" />
  </trkseg></trk>
  <trk><name>H06B · Cross Creek → source-footprint caution edge</name><trkseg>
    <trkpt lat="39.836160" lon="-107.200377" />
    <trkpt lat="39.835891" lon="-107.200377" />
    <trkpt lat="39.835621" lon="-107.200377" />
    <trkpt lat="39.835352" lon="-107.200377" />
    <trkpt lat="39.835083" lon="-107.200377" />
    <trkpt lat="39.834813" lon="-107.200027" />
    <trkpt lat="39.834544" lon="-107.200027" />
    <trkpt lat="39.834275" lon="-107.200027" />
    <trkpt lat="39.834005" lon="-107.199676" />
    <trkpt lat="39.833736" lon="-107.199325" />
    <trkpt lat="39.833466" lon="-107.199325" />
    <trkpt lat="39.833197" lon="-107.198974" />
    <trkpt lat="39.832928" lon="-107.198624" />
    <trkpt lat="39.832658" lon="-107.198624" />
    <trkpt lat="39.832389" lon="-107.198273" />
    <trkpt lat="39.832120" lon="-107.197922" />
    <trkpt lat="39.831850" lon="-107.197571" />
    <trkpt lat="39.831581" lon="-107.197221" />
    <trkpt lat="39.831312" lon="-107.196870" />
    <trkpt lat="39.831042" lon="-107.196519" />
    <trkpt lat="39.831042" lon="-107.196168" />
    <trkpt lat="39.831042" lon="-107.195817" />
    <trkpt lat="39.830773" lon="-107.195467" />
    <trkpt lat="39.830504" lon="-107.195116" />
    <trkpt lat="39.830504" lon="-107.194765" />
    <trkpt lat="39.830504" lon="-107.194414" />
    <trkpt lat="39.830234" lon="-107.194064" />
    <trkpt lat="39.830234" lon="-107.193713" />
    <trkpt lat="39.829965" lon="-107.193362" />
    <trkpt lat="39.829695" lon="-107.193011" />
    <trkpt lat="39.829426" lon="-107.192661" />
    <trkpt lat="39.829157" lon="-107.192310" />
    <trkpt lat="39.828887" lon="-107.191959" />
    <trkpt lat="39.828618" lon="-107.191608" />
    <trkpt lat="39.828349" lon="-107.191258" />
    <trkpt lat="39.828079" lon="-107.190907" />
    <trkpt lat="39.827810" lon="-107.190556" />
    <trkpt lat="39.827540" lon="-107.190205" />
    <trkpt lat="39.827271" lon="-107.189855" />
    <trkpt lat="39.827002" lon="-107.189504" />
    <trkpt lat="39.826732" lon="-107.189504" />
    <trkpt lat="39.826463" lon="-107.189153" />
    <trkpt lat="39.826194" lon="-107.189153" />
    <trkpt lat="39.825924" lon="-107.189153" />
    <trkpt lat="39.825655" lon="-107.189153" />
    <trkpt lat="39.825385" lon="-107.188802" />
    <trkpt lat="39.825116" lon="-107.188451" />
    <trkpt lat="39.825116" lon="-107.188101" />
    <trkpt lat="39.824847" lon="-107.187750" />
    <trkpt lat="39.824577" lon="-107.187399" />
    <trkpt lat="39.824308" lon="-107.187048" />
    <trkpt lat="39.824038" lon="-107.186698" />
    <trkpt lat="39.823769" lon="-107.186347" />
    <trkpt lat="39.823500" lon="-107.185996" />
    <trkpt lat="39.823230" lon="-107.185996" />
    <trkpt lat="39.822961" lon="-107.185996" />
    <trkpt lat="39.822692" lon="-107.185645" />
    <trkpt lat="39.822422" lon="-107.185645" />
    <trkpt lat="39.822153" lon="-107.185645" />
    <trkpt lat="39.821883" lon="-107.185295" />
    <trkpt lat="39.821614" lon="-107.184944" />
    <trkpt lat="39.821345" lon="-107.184593" />
    <trkpt lat="39.821075" lon="-107.184242" />
    <trkpt lat="39.820806" lon="-107.183892" />
    <trkpt lat="39.820536" lon="-107.183541" />
    <trkpt lat="39.820267" lon="-107.183190" />
    <trkpt lat="39.819998" lon="-107.182839" />
    <trkpt lat="39.819728" lon="-107.182489" />
    <trkpt lat="39.819459" lon="-107.182138" />
    <trkpt lat="39.819189" lon="-107.181787" />
    <trkpt lat="39.818920" lon="-107.181436" />
    <trkpt lat="39.818650" lon="-107.181086" />
    <trkpt lat="39.818381" lon="-107.180735" />
    <trkpt lat="39.818112" lon="-107.180735" />
    <trkpt lat="39.817842" lon="-107.180384" />
    <trkpt lat="39.817573" lon="-107.180384" />
    <trkpt lat="39.817303" lon="-107.180384" />
    <trkpt lat="39.817034" lon="-107.180384" />
    <trkpt lat="39.816765" lon="-107.180384" />
    <trkpt lat="39.816495" lon="-107.180033" />
    <trkpt lat="39.816226" lon="-107.179682" />
    <trkpt lat="39.815956" lon="-107.179682" />
    <trkpt lat="39.815687" lon="-107.179332" />
    <trkpt lat="39.815417" lon="-107.178981" />
    <trkpt lat="39.815148" lon="-107.178630" />
    <trkpt lat="39.814879" lon="-107.178279" />
    <trkpt lat="39.814609" lon="-107.177929" />
    <trkpt lat="39.814340" lon="-107.177578" />
    <trkpt lat="39.814070" lon="-107.177227" />
    <trkpt lat="39.813801" lon="-107.176876" />
    <trkpt lat="39.813531" lon="-107.176876" />
    <trkpt lat="39.813262" lon="-107.176526" />
    <trkpt lat="39.812993" lon="-107.176175" />
    <trkpt lat="39.812723" lon="-107.175824" />
    <trkpt lat="39.812454" lon="-107.175473" />
    <trkpt lat="39.812184" lon="-107.175123" />
    <trkpt lat="39.811915" lon="-107.174772" />
    <trkpt lat="39.811645" lon="-107.174421" />
    <trkpt lat="39.811376" lon="-107.174070" />
    <trkpt lat="39.811107" lon="-107.173720" />
    <trkpt lat="39.810837" lon="-107.173369" />
    <trkpt lat="39.810568" lon="-107.173018" />
    <trkpt lat="39.810298" lon="-107.172667" />
    <trkpt lat="39.810029" lon="-107.172316" />
    <trkpt lat="39.809759" lon="-107.171966" />
    <trkpt lat="39.809490" lon="-107.171615" />
    <trkpt lat="39.809490" lon="-107.171264" />
    <trkpt lat="39.809220" lon="-107.170913" />
    <trkpt lat="39.808951" lon="-107.170563" />
    <trkpt lat="39.808682" lon="-107.170212" />
    <trkpt lat="39.808412" lon="-107.169861" />
  </trkseg></trk>
  <trk><name>H06C · Cross Creek → source-footprint caution edge</name><trkseg>
    <trkpt lat="39.815148" lon="-107.204586" />
    <trkpt lat="39.815148" lon="-107.204236" />
    <trkpt lat="39.815148" lon="-107.203885" />
    <trkpt lat="39.815148" lon="-107.203534" />
    <trkpt lat="39.815148" lon="-107.203183" />
    <trkpt lat="39.815148" lon="-107.202833" />
    <trkpt lat="39.815148" lon="-107.202482" />
    <trkpt lat="39.815148" lon="-107.202131" />
    <trkpt lat="39.815148" lon="-107.201780" />
    <trkpt lat="39.814879" lon="-107.201430" />
    <trkpt lat="39.814879" lon="-107.201079" />
    <trkpt lat="39.814879" lon="-107.200728" />
    <trkpt lat="39.814879" lon="-107.200377" />
    <trkpt lat="39.814879" lon="-107.200027" />
    <trkpt lat="39.814879" lon="-107.199676" />
    <trkpt lat="39.814879" lon="-107.199325" />
    <trkpt lat="39.814879" lon="-107.198974" />
    <trkpt lat="39.814609" lon="-107.198624" />
    <trkpt lat="39.814609" lon="-107.198273" />
    <trkpt lat="39.814609" lon="-107.197922" />
    <trkpt lat="39.814609" lon="-107.197571" />
    <trkpt lat="39.814340" lon="-107.197221" />
    <trkpt lat="39.814070" lon="-107.196870" />
    <trkpt lat="39.813801" lon="-107.196519" />
    <trkpt lat="39.813801" lon="-107.196168" />
    <trkpt lat="39.813531" lon="-107.195817" />
    <trkpt lat="39.813262" lon="-107.195467" />
    <trkpt lat="39.812993" lon="-107.195116" />
    <trkpt lat="39.812723" lon="-107.194765" />
    <trkpt lat="39.812454" lon="-107.194414" />
    <trkpt lat="39.812454" lon="-107.194064" />
    <trkpt lat="39.812454" lon="-107.193713" />
    <trkpt lat="39.812184" lon="-107.193362" />
    <trkpt lat="39.812184" lon="-107.193011" />
    <trkpt lat="39.811915" lon="-107.192661" />
    <trkpt lat="39.811915" lon="-107.192310" />
    <trkpt lat="39.811645" lon="-107.191959" />
    <trkpt lat="39.811645" lon="-107.191608" />
    <trkpt lat="39.811645" lon="-107.191258" />
    <trkpt lat="39.811645" lon="-107.190907" />
    <trkpt lat="39.811645" lon="-107.190556" />
    <trkpt lat="39.811645" lon="-107.190205" />
    <trkpt lat="39.811645" lon="-107.189855" />
    <trkpt lat="39.811645" lon="-107.189504" />
    <trkpt lat="39.811645" lon="-107.189153" />
    <trkpt lat="39.811645" lon="-107.188802" />
    <trkpt lat="39.811645" lon="-107.188451" />
    <trkpt lat="39.811645" lon="-107.188101" />
    <trkpt lat="39.811645" lon="-107.187750" />
    <trkpt lat="39.811645" lon="-107.187399" />
    <trkpt lat="39.811645" lon="-107.187048" />
    <trkpt lat="39.811645" lon="-107.186698" />
    <trkpt lat="39.811376" lon="-107.186347" />
    <trkpt lat="39.811107" lon="-107.185996" />
    <trkpt lat="39.810837" lon="-107.185645" />
    <trkpt lat="39.810568" lon="-107.185295" />
    <trkpt lat="39.810298" lon="-107.184944" />
    <trkpt lat="39.810029" lon="-107.184593" />
    <trkpt lat="39.809759" lon="-107.184242" />
    <trkpt lat="39.809490" lon="-107.183892" />
    <trkpt lat="39.809220" lon="-107.183541" />
    <trkpt lat="39.808951" lon="-107.183190" />
    <trkpt lat="39.808682" lon="-107.182839" />
    <trkpt lat="39.808412" lon="-107.182489" />
    <trkpt lat="39.808143" lon="-107.182138" />
    <trkpt lat="39.807873" lon="-107.181787" />
    <trkpt lat="39.807604" lon="-107.181436" />
    <trkpt lat="39.807334" lon="-107.181086" />
    <trkpt lat="39.807065" lon="-107.180735" />
    <trkpt lat="39.806795" lon="-107.180384" />
    <trkpt lat="39.806526" lon="-107.180033" />
    <trkpt lat="39.806256" lon="-107.179682" />
    <trkpt lat="39.805987" lon="-107.179332" />
    <trkpt lat="39.805718" lon="-107.178981" />
    <trkpt lat="39.805718" lon="-107.178630" />
    <trkpt lat="39.805448" lon="-107.178279" />
    <trkpt lat="39.805179" lon="-107.177929" />
    <trkpt lat="39.805179" lon="-107.177578" />
    <trkpt lat="39.805179" lon="-107.177227" />
    <trkpt lat="39.804909" lon="-107.176876" />
    <trkpt lat="39.804909" lon="-107.176526" />
    <trkpt lat="39.804909" lon="-107.176175" />
    <trkpt lat="39.804640" lon="-107.175824" />
    <trkpt lat="39.804370" lon="-107.175473" />
    <trkpt lat="39.804370" lon="-107.175123" />
  </trkseg></trk>
  <trk><name>H06D · Johnny Meyers Lake → source-footprint caution edge</name><trkseg>
    <trkpt lat="39.823500" lon="-107.164600" />
    <trkpt lat="39.823230" lon="-107.164249" />
    <trkpt lat="39.822961" lon="-107.164249" />
    <trkpt lat="39.822692" lon="-107.164249" />
    <trkpt lat="39.822422" lon="-107.164249" />
    <trkpt lat="39.822153" lon="-107.164249" />
    <trkpt lat="39.821883" lon="-107.164249" />
    <trkpt lat="39.821614" lon="-107.164249" />
    <trkpt lat="39.821345" lon="-107.164249" />
    <trkpt lat="39.821075" lon="-107.164249" />
    <trkpt lat="39.820806" lon="-107.164249" />
    <trkpt lat="39.820536" lon="-107.164249" />
    <trkpt lat="39.820267" lon="-107.164249" />
    <trkpt lat="39.819998" lon="-107.164249" />
    <trkpt lat="39.819728" lon="-107.164249" />
    <trkpt lat="39.819459" lon="-107.164249" />
    <trkpt lat="39.819189" lon="-107.164249" />
    <trkpt lat="39.818920" lon="-107.164249" />
    <trkpt lat="39.818650" lon="-107.164249" />
    <trkpt lat="39.818381" lon="-107.164249" />
    <trkpt lat="39.818112" lon="-107.164249" />
    <trkpt lat="39.817842" lon="-107.164249" />
    <trkpt lat="39.817573" lon="-107.164249" />
    <trkpt lat="39.817303" lon="-107.164249" />
    <trkpt lat="39.817034" lon="-107.164249" />
    <trkpt lat="39.816765" lon="-107.164249" />
    <trkpt lat="39.816495" lon="-107.164249" />
    <trkpt lat="39.816226" lon="-107.164249" />
    <trkpt lat="39.815956" lon="-107.164249" />
    <trkpt lat="39.815687" lon="-107.164249" />
    <trkpt lat="39.815417" lon="-107.164249" />
    <trkpt lat="39.815148" lon="-107.164249" />
    <trkpt lat="39.814879" lon="-107.164249" />
    <trkpt lat="39.814609" lon="-107.164249" />
    <trkpt lat="39.814340" lon="-107.164249" />
    <trkpt lat="39.814070" lon="-107.164249" />
    <trkpt lat="39.813801" lon="-107.164600" />
    <trkpt lat="39.813531" lon="-107.164600" />
    <trkpt lat="39.813262" lon="-107.164600" />
    <trkpt lat="39.812993" lon="-107.164600" />
    <trkpt lat="39.812723" lon="-107.164951" />
    <trkpt lat="39.812454" lon="-107.165301" />
    <trkpt lat="39.812184" lon="-107.165301" />
    <trkpt lat="39.811915" lon="-107.165301" />
    <trkpt lat="39.811645" lon="-107.165301" />
    <trkpt lat="39.811376" lon="-107.165301" />
    <trkpt lat="39.811107" lon="-107.165301" />
    <trkpt lat="39.810837" lon="-107.165301" />
    <trkpt lat="39.810568" lon="-107.165301" />
    <trkpt lat="39.810298" lon="-107.165301" />
    <trkpt lat="39.810029" lon="-107.165301" />
  </trkseg></trk>
  <trk><name>H06E · Darnell Creek → source-footprint caution edge</name><trkseg>
    <trkpt lat="39.784157" lon="-107.179332" />
    <trkpt lat="39.784157" lon="-107.178981" />
    <trkpt lat="39.784427" lon="-107.178630" />
    <trkpt lat="39.784696" lon="-107.178279" />
    <trkpt lat="39.784966" lon="-107.177929" />
    <trkpt lat="39.785235" lon="-107.177578" />
    <trkpt lat="39.785505" lon="-107.177227" />
    <trkpt lat="39.785775" lon="-107.176876" />
    <trkpt lat="39.786044" lon="-107.176526" />
    <trkpt lat="39.786044" lon="-107.176175" />
    <trkpt lat="39.786314" lon="-107.175824" />
    <trkpt lat="39.786314" lon="-107.175473" />
    <trkpt lat="39.786314" lon="-107.175123" />
    <trkpt lat="39.786583" lon="-107.174772" />
    <trkpt lat="39.786853" lon="-107.174421" />
    <trkpt lat="39.786853" lon="-107.174070" />
    <trkpt lat="39.787122" lon="-107.173720" />
    <trkpt lat="39.787122" lon="-107.173369" />
    <trkpt lat="39.787122" lon="-107.173018" />
    <trkpt lat="39.787122" lon="-107.172667" />
    <trkpt lat="39.787122" lon="-107.172316" />
    <trkpt lat="39.787122" lon="-107.171966" />
    <trkpt lat="39.787122" lon="-107.171615" />
    <trkpt lat="39.787122" lon="-107.171264" />
    <trkpt lat="39.787122" lon="-107.170913" />
    <trkpt lat="39.787122" lon="-107.170563" />
    <trkpt lat="39.787122" lon="-107.170212" />
    <trkpt lat="39.787392" lon="-107.169861" />
    <trkpt lat="39.787661" lon="-107.169510" />
    <trkpt lat="39.787931" lon="-107.169160" />
    <trkpt lat="39.788200" lon="-107.168809" />
    <trkpt lat="39.788470" lon="-107.168458" />
    <trkpt lat="39.788739" lon="-107.168107" />
    <trkpt lat="39.789009" lon="-107.167757" />
    <trkpt lat="39.789278" lon="-107.167406" />
    <trkpt lat="39.789548" lon="-107.167055" />
    <trkpt lat="39.789817" lon="-107.166704" />
    <trkpt lat="39.790081" lon="-107.166361" />
  </trkseg></trk>
  <trk><name>H07A · Elk Draw → source-footprint caution edge</name><trkseg>
    <trkpt lat="40.238373" lon="-107.398227" />
    <trkpt lat="40.238643" lon="-107.398580" />
    <trkpt lat="40.238912" lon="-107.398580" />
    <trkpt lat="40.239182" lon="-107.398580" />
    <trkpt lat="40.239452" lon="-107.398933" />
    <trkpt lat="40.239721" lon="-107.398933" />
    <trkpt lat="40.239991" lon="-107.398933" />
    <trkpt lat="40.240260" lon="-107.398933" />
    <trkpt lat="40.240530" lon="-107.399286" />
    <trkpt lat="40.240800" lon="-107.399286" />
    <trkpt lat="40.241069" lon="-107.399286" />
    <trkpt lat="40.241339" lon="-107.399640" />
    <trkpt lat="40.241608" lon="-107.399993" />
    <trkpt lat="40.241878" lon="-107.400346" />
    <trkpt lat="40.242148" lon="-107.400699" />
    <trkpt lat="40.242417" lon="-107.401052" />
    <trkpt lat="40.242687" lon="-107.401406" />
    <trkpt lat="40.242956" lon="-107.401759" />
    <trkpt lat="40.243226" lon="-107.402112" />
    <trkpt lat="40.243496" lon="-107.402465" />
    <trkpt lat="40.243765" lon="-107.402818" />
    <trkpt lat="40.244035" lon="-107.403172" />
    <trkpt lat="40.244304" lon="-107.403525" />
    <trkpt lat="40.244574" lon="-107.403878" />
    <trkpt lat="40.244844" lon="-107.404231" />
    <trkpt lat="40.245113" lon="-107.404584" />
    <trkpt lat="40.245383" lon="-107.404938" />
    <trkpt lat="40.245652" lon="-107.404938" />
    <trkpt lat="40.245922" lon="-107.404938" />
    <trkpt lat="40.246192" lon="-107.405291" />
    <trkpt lat="40.246461" lon="-107.405644" />
    <trkpt lat="40.246731" lon="-107.405997" />
    <trkpt lat="40.247000" lon="-107.406350" />
    <trkpt lat="40.247270" lon="-107.406704" />
    <trkpt lat="40.247540" lon="-107.407057" />
    <trkpt lat="40.247809" lon="-107.407410" />
    <trkpt lat="40.248079" lon="-107.407410" />
    <trkpt lat="40.248348" lon="-107.407763" />
    <trkpt lat="40.248618" lon="-107.408116" />
    <trkpt lat="40.248887" lon="-107.408470" />
    <trkpt lat="40.248887" lon="-107.408823" />
    <trkpt lat="40.249157" lon="-107.409176" />
    <trkpt lat="40.249427" lon="-107.409529" />
    <trkpt lat="40.249696" lon="-107.409882" />
    <trkpt lat="40.249966" lon="-107.409882" />
    <trkpt lat="40.250235" lon="-107.410236" />
    <trkpt lat="40.250505" lon="-107.410236" />
    <trkpt lat="40.250774" lon="-107.410236" />
    <trkpt lat="40.251044" lon="-107.410236" />
    <trkpt lat="40.251314" lon="-107.410589" />
    <trkpt lat="40.251583" lon="-107.410589" />
    <trkpt lat="40.251853" lon="-107.410942" />
    <trkpt lat="40.252122" lon="-107.410942" />
    <trkpt lat="40.252392" lon="-107.411295" />
    <trkpt lat="40.252661" lon="-107.411295" />
    <trkpt lat="40.252931" lon="-107.411648" />
    <trkpt lat="40.253201" lon="-107.412002" />
    <trkpt lat="40.253470" lon="-107.412002" />
    <trkpt lat="40.253740" lon="-107.412355" />
    <trkpt lat="40.254009" lon="-107.412708" />
    <trkpt lat="40.254279" lon="-107.412708" />
    <trkpt lat="40.254548" lon="-107.413061" />
    <trkpt lat="40.254818" lon="-107.413061" />
    <trkpt lat="40.255087" lon="-107.413414" />
    <trkpt lat="40.255357" lon="-107.413414" />
    <trkpt lat="40.255627" lon="-107.413768" />
    <trkpt lat="40.255896" lon="-107.413768" />
    <trkpt lat="40.256166" lon="-107.413768" />
    <trkpt lat="40.256435" lon="-107.414121" />
    <trkpt lat="40.256705" lon="-107.414474" />
    <trkpt lat="40.256974" lon="-107.414827" />
    <trkpt lat="40.257244" lon="-107.415180" />
    <trkpt lat="40.257513" lon="-107.415534" />
    <trkpt lat="40.257783" lon="-107.415887" />
    <trkpt lat="40.258052" lon="-107.416240" />
    <trkpt lat="40.258322" lon="-107.416240" />
    <trkpt lat="40.258592" lon="-107.416593" />
    <trkpt lat="40.258861" lon="-107.416946" />
    <trkpt lat="40.259131" lon="-107.417300" />
    <trkpt lat="40.259400" lon="-107.417300" />
    <trkpt lat="40.259670" lon="-107.417653" />
    <trkpt lat="40.259939" lon="-107.417653" />
  </trkseg></trk>
  <trk><name>H07B · Sagebrush Reservoir Number 1 → source-footprint caution edge</name><trkseg>
    <trkpt lat="40.269911" lon="-107.391163" />
    <trkpt lat="40.270181" lon="-107.391516" />
    <trkpt lat="40.270450" lon="-107.391869" />
    <trkpt lat="40.270720" lon="-107.392222" />
    <trkpt lat="40.270720" lon="-107.392576" />
    <trkpt lat="40.270720" lon="-107.392929" />
    <trkpt lat="40.270720" lon="-107.393282" />
    <trkpt lat="40.270720" lon="-107.393635" />
    <trkpt lat="40.270720" lon="-107.393988" />
    <trkpt lat="40.270720" lon="-107.394342" />
    <trkpt lat="40.270720" lon="-107.394695" />
    <trkpt lat="40.270720" lon="-107.395048" />
    <trkpt lat="40.270720" lon="-107.395401" />
    <trkpt lat="40.270720" lon="-107.395754" />
    <trkpt lat="40.270720" lon="-107.396108" />
    <trkpt lat="40.270720" lon="-107.396461" />
    <trkpt lat="40.270720" lon="-107.396814" />
    <trkpt lat="40.270720" lon="-107.397167" />
    <trkpt lat="40.270720" lon="-107.397520" />
    <trkpt lat="40.270720" lon="-107.397874" />
    <trkpt lat="40.270720" lon="-107.398227" />
    <trkpt lat="40.270720" lon="-107.398580" />
    <trkpt lat="40.270720" lon="-107.398933" />
    <trkpt lat="40.270720" lon="-107.399286" />
    <trkpt lat="40.270720" lon="-107.399640" />
    <trkpt lat="40.270720" lon="-107.399993" />
    <trkpt lat="40.270720" lon="-107.400346" />
    <trkpt lat="40.270720" lon="-107.400699" />
    <trkpt lat="40.270720" lon="-107.401052" />
    <trkpt lat="40.270720" lon="-107.401406" />
    <trkpt lat="40.270720" lon="-107.401759" />
    <trkpt lat="40.270720" lon="-107.402112" />
    <trkpt lat="40.270720" lon="-107.402465" />
    <trkpt lat="40.270720" lon="-107.402818" />
    <trkpt lat="40.270720" lon="-107.403172" />
    <trkpt lat="40.270720" lon="-107.403525" />
    <trkpt lat="40.270720" lon="-107.403878" />
    <trkpt lat="40.270720" lon="-107.404231" />
    <trkpt lat="40.270720" lon="-107.404584" />
    <trkpt lat="40.270720" lon="-107.404938" />
    <trkpt lat="40.270720" lon="-107.405291" />
    <trkpt lat="40.270720" lon="-107.405644" />
    <trkpt lat="40.270720" lon="-107.405997" />
    <trkpt lat="40.270720" lon="-107.406350" />
    <trkpt lat="40.270720" lon="-107.406704" />
    <trkpt lat="40.270720" lon="-107.407057" />
    <trkpt lat="40.270720" lon="-107.407410" />
    <trkpt lat="40.270720" lon="-107.407763" />
    <trkpt lat="40.270720" lon="-107.408116" />
    <trkpt lat="40.270720" lon="-107.408470" />
    <trkpt lat="40.270720" lon="-107.408823" />
    <trkpt lat="40.270720" lon="-107.409176" />
    <trkpt lat="40.270720" lon="-107.409423" />
  </trkseg></trk>
  <trk><name>H07C · Coal Creek → source-footprint caution edge</name><trkseg>
    <trkpt lat="40.262635" lon="-107.451913" />
    <trkpt lat="40.262365" lon="-107.451560" />
    <trkpt lat="40.262365" lon="-107.451207" />
    <trkpt lat="40.262365" lon="-107.450854" />
    <trkpt lat="40.262365" lon="-107.450500" />
    <trkpt lat="40.262365" lon="-107.450147" />
    <trkpt lat="40.262365" lon="-107.449794" />
    <trkpt lat="40.262365" lon="-107.449441" />
    <trkpt lat="40.262365" lon="-107.449088" />
    <trkpt lat="40.262365" lon="-107.448734" />
    <trkpt lat="40.262365" lon="-107.448381" />
    <trkpt lat="40.262365" lon="-107.448028" />
    <trkpt lat="40.262365" lon="-107.447675" />
    <trkpt lat="40.262365" lon="-107.447322" />
    <trkpt lat="40.262635" lon="-107.446968" />
    <trkpt lat="40.262904" lon="-107.446615" />
    <trkpt lat="40.263174" lon="-107.446262" />
    <trkpt lat="40.263443" lon="-107.445909" />
    <trkpt lat="40.263713" lon="-107.445556" />
    <trkpt lat="40.263982" lon="-107.445202" />
    <trkpt lat="40.264252" lon="-107.444849" />
    <trkpt lat="40.264521" lon="-107.444496" />
    <trkpt lat="40.264791" lon="-107.444143" />
    <trkpt lat="40.265060" lon="-107.443790" />
    <trkpt lat="40.265330" lon="-107.443436" />
    <trkpt lat="40.265330" lon="-107.443083" />
    <trkpt lat="40.265330" lon="-107.442730" />
    <trkpt lat="40.265330" lon="-107.442377" />
    <trkpt lat="40.265330" lon="-107.442024" />
    <trkpt lat="40.265330" lon="-107.441670" />
    <trkpt lat="40.265330" lon="-107.441317" />
    <trkpt lat="40.265330" lon="-107.440964" />
    <trkpt lat="40.265330" lon="-107.440611" />
    <trkpt lat="40.265330" lon="-107.440258" />
    <trkpt lat="40.265330" lon="-107.440191" />
  </trkseg></trk>
  <trk><name>H07D · Pine Creek → source-footprint caution edge</name><trkseg>
    <trkpt lat="40.226509" lon="-107.420125" />
    <trkpt lat="40.226778" lon="-107.420478" />
    <trkpt lat="40.227048" lon="-107.420832" />
    <trkpt lat="40.227318" lon="-107.421185" />
    <trkpt lat="40.227587" lon="-107.421538" />
    <trkpt lat="40.227857" lon="-107.421538" />
    <trkpt lat="40.228127" lon="-107.421891" />
    <trkpt lat="40.228396" lon="-107.422244" />
    <trkpt lat="40.228666" lon="-107.422244" />
    <trkpt lat="40.228936" lon="-107.422598" />
    <trkpt lat="40.229205" lon="-107.422951" />
    <trkpt lat="40.229475" lon="-107.422951" />
    <trkpt lat="40.229745" lon="-107.423304" />
    <trkpt lat="40.230014" lon="-107.423304" />
    <trkpt lat="40.230284" lon="-107.423657" />
    <trkpt lat="40.230554" lon="-107.423657" />
    <trkpt lat="40.230823" lon="-107.423657" />
    <trkpt lat="40.231093" lon="-107.424010" />
    <trkpt lat="40.231363" lon="-107.424010" />
    <trkpt lat="40.231632" lon="-107.424010" />
    <trkpt lat="40.231902" lon="-107.424010" />
    <trkpt lat="40.232172" lon="-107.424010" />
    <trkpt lat="40.232441" lon="-107.423657" />
    <trkpt lat="40.232711" lon="-107.423657" />
    <trkpt lat="40.232980" lon="-107.423657" />
    <trkpt lat="40.233250" lon="-107.423657" />
    <trkpt lat="40.233520" lon="-107.423657" />
    <trkpt lat="40.233789" lon="-107.423657" />
    <trkpt lat="40.234059" lon="-107.423657" />
    <trkpt lat="40.234329" lon="-107.423657" />
    <trkpt lat="40.234598" lon="-107.423657" />
    <trkpt lat="40.234868" lon="-107.423657" />
    <trkpt lat="40.235138" lon="-107.423657" />
    <trkpt lat="40.235407" lon="-107.423657" />
    <trkpt lat="40.235677" lon="-107.423657" />
    <trkpt lat="40.235946" lon="-107.423657" />
    <trkpt lat="40.236216" lon="-107.423657" />
    <trkpt lat="40.236486" lon="-107.423657" />
    <trkpt lat="40.236755" lon="-107.423304" />
    <trkpt lat="40.237025" lon="-107.423304" />
    <trkpt lat="40.237295" lon="-107.423304" />
    <trkpt lat="40.237564" lon="-107.423304" />
    <trkpt lat="40.237834" lon="-107.422951" />
    <trkpt lat="40.238103" lon="-107.422951" />
    <trkpt lat="40.238373" lon="-107.422951" />
    <trkpt lat="40.238643" lon="-107.422951" />
    <trkpt lat="40.238912" lon="-107.422951" />
    <trkpt lat="40.239182" lon="-107.422951" />
    <trkpt lat="40.239452" lon="-107.422598" />
    <trkpt lat="40.239721" lon="-107.422598" />
    <trkpt lat="40.239991" lon="-107.422598" />
    <trkpt lat="40.240260" lon="-107.422598" />
    <trkpt lat="40.240530" lon="-107.422598" />
    <trkpt lat="40.240800" lon="-107.422244" />
    <trkpt lat="40.241069" lon="-107.421891" />
    <trkpt lat="40.241339" lon="-107.421538" />
    <trkpt lat="40.241608" lon="-107.421185" />
    <trkpt lat="40.241878" lon="-107.420832" />
    <trkpt lat="40.242148" lon="-107.420478" />
    <trkpt lat="40.242417" lon="-107.420125" />
    <trkpt lat="40.242687" lon="-107.420125" />
    <trkpt lat="40.242956" lon="-107.420125" />
    <trkpt lat="40.243226" lon="-107.420125" />
    <trkpt lat="40.243496" lon="-107.420125" />
    <trkpt lat="40.243765" lon="-107.420125" />
    <trkpt lat="40.244035" lon="-107.420125" />
    <trkpt lat="40.244304" lon="-107.420478" />
    <trkpt lat="40.244574" lon="-107.420832" />
    <trkpt lat="40.244844" lon="-107.421185" />
    <trkpt lat="40.245113" lon="-107.421538" />
    <trkpt lat="40.245383" lon="-107.421891" />
    <trkpt lat="40.245652" lon="-107.422244" />
    <trkpt lat="40.245922" lon="-107.422598" />
    <trkpt lat="40.246192" lon="-107.422951" />
    <trkpt lat="40.246461" lon="-107.423304" />
    <trkpt lat="40.246731" lon="-107.423304" />
    <trkpt lat="40.247000" lon="-107.423304" />
    <trkpt lat="40.247270" lon="-107.423657" />
    <trkpt lat="40.247540" lon="-107.424010" />
    <trkpt lat="40.247809" lon="-107.424010" />
    <trkpt lat="40.248079" lon="-107.424010" />
    <trkpt lat="40.248348" lon="-107.424364" />
    <trkpt lat="40.248618" lon="-107.424364" />
    <trkpt lat="40.248887" lon="-107.424717" />
    <trkpt lat="40.249157" lon="-107.424717" />
    <trkpt lat="40.249427" lon="-107.424717" />
    <trkpt lat="40.249696" lon="-107.425070" />
    <trkpt lat="40.249966" lon="-107.425070" />
    <trkpt lat="40.250235" lon="-107.425070" />
    <trkpt lat="40.250505" lon="-107.425423" />
    <trkpt lat="40.250774" lon="-107.425423" />
    <trkpt lat="40.251044" lon="-107.425423" />
    <trkpt lat="40.251314" lon="-107.425423" />
    <trkpt lat="40.251583" lon="-107.425423" />
    <trkpt lat="40.251853" lon="-107.425423" />
    <trkpt lat="40.252122" lon="-107.425423" />
    <trkpt lat="40.252392" lon="-107.425423" />
    <trkpt lat="40.252661" lon="-107.425423" />
    <trkpt lat="40.252931" lon="-107.425423" />
    <trkpt lat="40.253201" lon="-107.425423" />
    <trkpt lat="40.253470" lon="-107.425423" />
    <trkpt lat="40.253740" lon="-107.425423" />
    <trkpt lat="40.254009" lon="-107.425423" />
    <trkpt lat="40.254279" lon="-107.425423" />
    <trkpt lat="40.254548" lon="-107.425423" />
    <trkpt lat="40.254818" lon="-107.425070" />
    <trkpt lat="40.255087" lon="-107.424717" />
    <trkpt lat="40.255357" lon="-107.424717" />
    <trkpt lat="40.255627" lon="-107.424364" />
    <trkpt lat="40.255896" lon="-107.424364" />
    <trkpt lat="40.256166" lon="-107.424364" />
    <trkpt lat="40.256435" lon="-107.424010" />
    <trkpt lat="40.256705" lon="-107.423657" />
    <trkpt lat="40.256974" lon="-107.423657" />
    <trkpt lat="40.257244" lon="-107.423657" />
    <trkpt lat="40.257513" lon="-107.423657" />
    <trkpt lat="40.257783" lon="-107.423657" />
    <trkpt lat="40.258052" lon="-107.424010" />
    <trkpt lat="40.258322" lon="-107.424010" />
    <trkpt lat="40.258592" lon="-107.424010" />
    <trkpt lat="40.258861" lon="-107.424010" />
    <trkpt lat="40.259131" lon="-107.424010" />
    <trkpt lat="40.259400" lon="-107.424010" />
    <trkpt lat="40.259670" lon="-107.424010" />
    <trkpt lat="40.259939" lon="-107.424010" />
    <trkpt lat="40.260209" lon="-107.424010" />
    <trkpt lat="40.260231" lon="-107.424039" />
  </trkseg></trk>
  <trk><name>H07E · Sagebrush Reservoir Number 1 → source-footprint caution edge</name><trkseg>
    <trkpt lat="40.282307" lon="-107.401406" />
    <trkpt lat="40.282037" lon="-107.401406" />
    <trkpt lat="40.281768" lon="-107.401406" />
    <trkpt lat="40.281498" lon="-107.401406" />
    <trkpt lat="40.281229" lon="-107.401406" />
    <trkpt lat="40.280960" lon="-107.401406" />
    <trkpt lat="40.280690" lon="-107.401406" />
    <trkpt lat="40.280421" lon="-107.401406" />
    <trkpt lat="40.280151" lon="-107.401406" />
    <trkpt lat="40.279882" lon="-107.401406" />
    <trkpt lat="40.279612" lon="-107.401759" />
    <trkpt lat="40.279343" lon="-107.401759" />
    <trkpt lat="40.279073" lon="-107.402112" />
    <trkpt lat="40.278804" lon="-107.402465" />
    <trkpt lat="40.278535" lon="-107.402818" />
    <trkpt lat="40.278265" lon="-107.403172" />
    <trkpt lat="40.277996" lon="-107.403525" />
    <trkpt lat="40.277726" lon="-107.403878" />
    <trkpt lat="40.277457" lon="-107.404231" />
    <trkpt lat="40.277187" lon="-107.404584" />
    <trkpt lat="40.276918" lon="-107.404938" />
    <trkpt lat="40.276648" lon="-107.405291" />
    <trkpt lat="40.276379" lon="-107.405644" />
    <trkpt lat="40.276109" lon="-107.405997" />
    <trkpt lat="40.275840" lon="-107.406350" />
    <trkpt lat="40.275570" lon="-107.406704" />
    <trkpt lat="40.275301" lon="-107.407057" />
    <trkpt lat="40.275031" lon="-107.407410" />
    <trkpt lat="40.274762" lon="-107.407763" />
    <trkpt lat="40.274492" lon="-107.408116" />
    <trkpt lat="40.274223" lon="-107.408470" />
    <trkpt lat="40.273954" lon="-107.408823" />
    <trkpt lat="40.273684" lon="-107.409176" />
    <trkpt lat="40.273415" lon="-107.409529" />
    <trkpt lat="40.273145" lon="-107.409882" />
    <trkpt lat="40.272876" lon="-107.410236" />
  </trkseg></trk>
  <trk><name>H08A · Quarry Mountain → source-footprint caution edge</name><trkseg>
    <trkpt lat="40.449929" lon="-106.886785" />
    <trkpt lat="40.449660" lon="-106.886431" />
    <trkpt lat="40.449660" lon="-106.886077" />
    <trkpt lat="40.449660" lon="-106.885723" />
    <trkpt lat="40.449660" lon="-106.885369" />
    <trkpt lat="40.449660" lon="-106.885015" />
    <trkpt lat="40.449391" lon="-106.884661" />
    <trkpt lat="40.449121" lon="-106.884306" />
    <trkpt lat="40.449121" lon="-106.883952" />
    <trkpt lat="40.448852" lon="-106.883598" />
    <trkpt lat="40.448582" lon="-106.883244" />
    <trkpt lat="40.448313" lon="-106.882890" />
    <trkpt lat="40.448043" lon="-106.882536" />
    <trkpt lat="40.447774" lon="-106.882182" />
    <trkpt lat="40.447774" lon="-106.881828" />
    <trkpt lat="40.447504" lon="-106.881474" />
    <trkpt lat="40.447504" lon="-106.881120" />
    <trkpt lat="40.447235" lon="-106.880766" />
    <trkpt lat="40.447235" lon="-106.880411" />
    <trkpt lat="40.446965" lon="-106.880057" />
    <trkpt lat="40.446965" lon="-106.879703" />
    <trkpt lat="40.446965" lon="-106.879349" />
    <trkpt lat="40.446965" lon="-106.878995" />
    <trkpt lat="40.446965" lon="-106.878641" />
    <trkpt lat="40.446965" lon="-106.878287" />
    <trkpt lat="40.446965" lon="-106.877933" />
    <trkpt lat="40.446696" lon="-106.877579" />
    <trkpt lat="40.446426" lon="-106.877225" />
    <trkpt lat="40.446157" lon="-106.876871" />
    <trkpt lat="40.446157" lon="-106.876516" />
    <trkpt lat="40.445888" lon="-106.876162" />
    <trkpt lat="40.445618" lon="-106.875808" />
    <trkpt lat="40.445618" lon="-106.875454" />
    <trkpt lat="40.445618" lon="-106.875100" />
    <trkpt lat="40.445349" lon="-106.874746" />
    <trkpt lat="40.445079" lon="-106.874392" />
    <trkpt lat="40.445079" lon="-106.874038" />
    <trkpt lat="40.445079" lon="-106.873684" />
    <trkpt lat="40.445079" lon="-106.873330" />
    <trkpt lat="40.445079" lon="-106.872976" />
    <trkpt lat="40.445079" lon="-106.872621" />
    <trkpt lat="40.445079" lon="-106.872267" />
    <trkpt lat="40.445079" lon="-106.871913" />
    <trkpt lat="40.445079" lon="-106.871559" />
    <trkpt lat="40.445079" lon="-106.871205" />
    <trkpt lat="40.445079" lon="-106.870851" />
    <trkpt lat="40.445079" lon="-106.870497" />
    <trkpt lat="40.445079" lon="-106.870143" />
    <trkpt lat="40.445079" lon="-106.869789" />
    <trkpt lat="40.445079" lon="-106.869435" />
    <trkpt lat="40.445079" lon="-106.869081" />
    <trkpt lat="40.445079" lon="-106.868726" />
    <trkpt lat="40.445079" lon="-106.868372" />
    <trkpt lat="40.445079" lon="-106.868018" />
    <trkpt lat="40.445079" lon="-106.867664" />
    <trkpt lat="40.445079" lon="-106.867310" />
    <trkpt lat="40.445079" lon="-106.866956" />
    <trkpt lat="40.445079" lon="-106.866602" />
    <trkpt lat="40.445079" lon="-106.866248" />
    <trkpt lat="40.445079" lon="-106.865894" />
    <trkpt lat="40.445079" lon="-106.865540" />
    <trkpt lat="40.445079" lon="-106.865186" />
    <trkpt lat="40.445079" lon="-106.864832" />
    <trkpt lat="40.445079" lon="-106.864477" />
    <trkpt lat="40.445079" lon="-106.864123" />
    <trkpt lat="40.445079" lon="-106.863769" />
    <trkpt lat="40.445079" lon="-106.863415" />
    <trkpt lat="40.445079" lon="-106.863061" />
    <trkpt lat="40.445079" lon="-106.862707" />
    <trkpt lat="40.445079" lon="-106.862353" />
    <trkpt lat="40.445079" lon="-106.861999" />
    <trkpt lat="40.445079" lon="-106.861645" />
    <trkpt lat="40.445079" lon="-106.861291" />
    <trkpt lat="40.445079" lon="-106.860937" />
    <trkpt lat="40.445079" lon="-106.860582" />
    <trkpt lat="40.445079" lon="-106.860228" />
    <trkpt lat="40.444810" lon="-106.859874" />
    <trkpt lat="40.444540" lon="-106.859520" />
    <trkpt lat="40.444271" lon="-106.859166" />
    <trkpt lat="40.444001" lon="-106.858812" />
    <trkpt lat="40.443732" lon="-106.858458" />
    <trkpt lat="40.443732" lon="-106.858104" />
    <trkpt lat="40.443732" lon="-106.857750" />
    <trkpt lat="40.443732" lon="-106.857396" />
    <trkpt lat="40.443732" lon="-106.857042" />
    <trkpt lat="40.443551" lon="-106.856804" />
  </trkseg></trk>
  <trk><name>H08B · Quarry Mountain → source-footprint caution edge</name><trkseg>
    <trkpt lat="40.465017" lon="-106.866248" />
    <trkpt lat="40.465017" lon="-106.865894" />
    <trkpt lat="40.465017" lon="-106.865540" />
    <trkpt lat="40.465017" lon="-106.865186" />
    <trkpt lat="40.465017" lon="-106.864832" />
    <trkpt lat="40.465017" lon="-106.864477" />
    <trkpt lat="40.464748" lon="-106.864123" />
    <trkpt lat="40.464478" lon="-106.863769" />
    <trkpt lat="40.464478" lon="-106.863415" />
    <trkpt lat="40.464209" lon="-106.863061" />
    <trkpt lat="40.464209" lon="-106.862707" />
    <trkpt lat="40.464209" lon="-106.862353" />
    <trkpt lat="40.464209" lon="-106.861999" />
    <trkpt lat="40.464209" lon="-106.861645" />
    <trkpt lat="40.463940" lon="-106.861291" />
    <trkpt lat="40.463670" lon="-106.860937" />
    <trkpt lat="40.463401" lon="-106.860582" />
    <trkpt lat="40.463131" lon="-106.860228" />
    <trkpt lat="40.462862" lon="-106.859874" />
    <trkpt lat="40.462593" lon="-106.859520" />
    <trkpt lat="40.462323" lon="-106.859166" />
    <trkpt lat="40.462054" lon="-106.858812" />
    <trkpt lat="40.461784" lon="-106.858458" />
    <trkpt lat="40.461515" lon="-106.858104" />
    <trkpt lat="40.461245" lon="-106.857750" />
    <trkpt lat="40.460976" lon="-106.857396" />
    <trkpt lat="40.460707" lon="-106.857042" />
    <trkpt lat="40.460437" lon="-106.856687" />
    <trkpt lat="40.460168" lon="-106.856333" />
    <trkpt lat="40.459898" lon="-106.855979" />
    <trkpt lat="40.459629" lon="-106.855625" />
    <trkpt lat="40.459360" lon="-106.855271" />
    <trkpt lat="40.459090" lon="-106.854917" />
    <trkpt lat="40.458821" lon="-106.854563" />
    <trkpt lat="40.458551" lon="-106.854209" />
    <trkpt lat="40.458282" lon="-106.853855" />
    <trkpt lat="40.458013" lon="-106.853501" />
    <trkpt lat="40.457743" lon="-106.853147" />
    <trkpt lat="40.457743" lon="-106.852792" />
    <trkpt lat="40.457743" lon="-106.852438" />
    <trkpt lat="40.457474" lon="-106.852084" />
    <trkpt lat="40.457474" lon="-106.851730" />
    <trkpt lat="40.457474" lon="-106.851376" />
    <trkpt lat="40.457474" lon="-106.851022" />
    <trkpt lat="40.457204" lon="-106.850668" />
    <trkpt lat="40.456935" lon="-106.850314" />
    <trkpt lat="40.456665" lon="-106.849960" />
    <trkpt lat="40.456396" lon="-106.849606" />
    <trkpt lat="40.456127" lon="-106.849252" />
    <trkpt lat="40.455857" lon="-106.849252" />
    <trkpt lat="40.455588" lon="-106.848897" />
    <trkpt lat="40.455318" lon="-106.848543" />
    <trkpt lat="40.455049" lon="-106.848189" />
    <trkpt lat="40.454779" lon="-106.848189" />
    <trkpt lat="40.454510" lon="-106.847835" />
    <trkpt lat="40.454241" lon="-106.847835" />
    <trkpt lat="40.453971" lon="-106.847835" />
    <trkpt lat="40.453702" lon="-106.847835" />
    <trkpt lat="40.453507" lon="-106.847579" />
  </trkseg></trk>
  <trk><name>H08C · Upper Robinson Reservoir → source-footprint caution edge</name><trkseg>
    <trkpt lat="40.429717" lon="-106.886077" />
    <trkpt lat="40.429448" lon="-106.885723" />
    <trkpt lat="40.429448" lon="-106.885369" />
    <trkpt lat="40.429448" lon="-106.885015" />
    <trkpt lat="40.429448" lon="-106.884661" />
    <trkpt lat="40.429448" lon="-106.884306" />
    <trkpt lat="40.429448" lon="-106.883952" />
    <trkpt lat="40.429448" lon="-106.883598" />
    <trkpt lat="40.429448" lon="-106.883244" />
    <trkpt lat="40.429448" lon="-106.882890" />
    <trkpt lat="40.429448" lon="-106.882536" />
    <trkpt lat="40.429448" lon="-106.882182" />
    <trkpt lat="40.429717" lon="-106.881828" />
    <trkpt lat="40.429717" lon="-106.881474" />
    <trkpt lat="40.429717" lon="-106.881120" />
    <trkpt lat="40.429987" lon="-106.880766" />
    <trkpt lat="40.429987" lon="-106.880411" />
    <trkpt lat="40.429987" lon="-106.880057" />
    <trkpt lat="40.429987" lon="-106.879703" />
    <trkpt lat="40.430256" lon="-106.879349" />
    <trkpt lat="40.430256" lon="-106.878995" />
    <trkpt lat="40.430256" lon="-106.878641" />
    <trkpt lat="40.430256" lon="-106.878287" />
    <trkpt lat="40.430526" lon="-106.877933" />
    <trkpt lat="40.430526" lon="-106.877579" />
    <trkpt lat="40.430526" lon="-106.877225" />
    <trkpt lat="40.430526" lon="-106.876871" />
    <trkpt lat="40.430526" lon="-106.876516" />
    <trkpt lat="40.430526" lon="-106.876162" />
    <trkpt lat="40.430526" lon="-106.875808" />
    <trkpt lat="40.430526" lon="-106.875454" />
    <trkpt lat="40.430526" lon="-106.875100" />
    <trkpt lat="40.430526" lon="-106.874746" />
    <trkpt lat="40.430526" lon="-106.874392" />
    <trkpt lat="40.430526" lon="-106.874038" />
    <trkpt lat="40.430526" lon="-106.873684" />
    <trkpt lat="40.430526" lon="-106.873330" />
    <trkpt lat="40.430526" lon="-106.872976" />
    <trkpt lat="40.430526" lon="-106.872621" />
    <trkpt lat="40.430526" lon="-106.872267" />
    <trkpt lat="40.430526" lon="-106.871913" />
    <trkpt lat="40.430526" lon="-106.871559" />
    <trkpt lat="40.430796" lon="-106.871205" />
    <trkpt lat="40.431065" lon="-106.870851" />
    <trkpt lat="40.431335" lon="-106.870497" />
    <trkpt lat="40.431604" lon="-106.870143" />
    <trkpt lat="40.431874" lon="-106.869789" />
    <trkpt lat="40.431874" lon="-106.869435" />
    <trkpt lat="40.431874" lon="-106.869081" />
    <trkpt lat="40.432143" lon="-106.868726" />
    <trkpt lat="40.432143" lon="-106.868372" />
    <trkpt lat="40.432143" lon="-106.868018" />
    <trkpt lat="40.432143" lon="-106.867664" />
    <trkpt lat="40.432143" lon="-106.867310" />
    <trkpt lat="40.432143" lon="-106.866956" />
    <trkpt lat="40.432143" lon="-106.866602" />
    <trkpt lat="40.432143" lon="-106.866248" />
    <trkpt lat="40.432143" lon="-106.865894" />
    <trkpt lat="40.432143" lon="-106.865540" />
    <trkpt lat="40.432143" lon="-106.865186" />
    <trkpt lat="40.432143" lon="-106.864832" />
    <trkpt lat="40.432143" lon="-106.864477" />
    <trkpt lat="40.432143" lon="-106.864123" />
    <trkpt lat="40.432143" lon="-106.863769" />
    <trkpt lat="40.432143" lon="-106.863415" />
    <trkpt lat="40.432143" lon="-106.863061" />
    <trkpt lat="40.432413" lon="-106.862707" />
    <trkpt lat="40.432413" lon="-106.862353" />
    <trkpt lat="40.432682" lon="-106.861999" />
    <trkpt lat="40.432952" lon="-106.861645" />
    <trkpt lat="40.433221" lon="-106.861291" />
    <trkpt lat="40.433221" lon="-106.860937" />
    <trkpt lat="40.433221" lon="-106.860582" />
    <trkpt lat="40.433491" lon="-106.860228" />
    <trkpt lat="40.433491" lon="-106.859874" />
    <trkpt lat="40.433491" lon="-106.859520" />
    <trkpt lat="40.433491" lon="-106.859166" />
    <trkpt lat="40.433491" lon="-106.858812" />
    <trkpt lat="40.433491" lon="-106.858458" />
    <trkpt lat="40.433491" lon="-106.858104" />
    <trkpt lat="40.433491" lon="-106.857750" />
    <trkpt lat="40.433491" lon="-106.857396" />
  </trkseg></trk>
</gpx>
