{"type":"FeatureCollection","features":[{"type":"Feature","geometry":{"type":"Polygon","coordinates":[[[-107.020924,40.485638],[-107.004366,40.485733],[-106.99983,40.486631],[-106.998193,40.486741],[-106.981665,40.48417],[-106.976696,40.484255],[-106.972121,40.485545],[-106.933719,40.499382],[-106.927398,40.500622],[-106.918493,40.501162],[-106.916615,40.50182],[-106.913801,40.503821],[-106.912332,40.504436],[-106.904267,40.505704],[-106.899693,40.505306],[-106.893469,40.508228],[-106.891683,40.508532],[-106.890441,40.50812],[-106.885844,40.505065],[-106.883433,40.505027],[-106.880746,40.506125],[-106.879003,40.506117],[-106.87823,40.505972],[-106.875026,40.504335],[-106.873443,40.503902],[-106.868768,40.503892],[-106.863986,40.502685],[-106.85991,40.502692],[-106.856945,40.502285],[-106.85618,40.501915],[-106.85515,40.500918],[-106.853791,40.497742],[-106.852777,40.496218],[-106.851129,40.494758],[-106.84958,40.494183],[-106.847138,40.493736],[-106.844282,40.491872],[-106.842094,40.491164],[-106.840139,40.489398],[-106.828477,40.482588],[-106.826631,40.480703],[-106.826427,40.48008],[-106.825963,40.476745],[-106.82612,40.468752],[-106.825086,40.462287],[-106.82388,40.460567],[-106.816953,40.45451],[-106.815872,40.453212],[-106.815785,40.452759],[-106.815652,40.431195],[-106.815279,40.429831],[-106.814778,40.429114],[-106.822991,40.428908],[-106.82407,40.428612],[-106.825131,40.427645],[-106.825642,40.381477],[-106.825559,40.38029],[-106.825056,40.378915],[-106.825685,40.371585],[-106.826638,40.370467],[-106.828432,40.369884],[-106.840374,40.369731],[-106.860699,40.360339],[-106.86596,40.35893],[-106.881807,40.357939],[-106.884144,40.358297],[-106.911772,40.353416],[-106.929315,40.352133],[-106.931677,40.35158],[-106.93473,40.349867],[-106.9399,40.346263],[-106.944337,40.340549],[-106.946061,40.339376],[-106.947514,40.337766],[-106.950824,40.336012],[-106.953028,40.333601],[-106.955083,40.33317],[-106.955742,40.332722],[-106.956808,40.330254],[-106.958009,40.328887],[-106.958472,40.327019],[-106.958857,40.320684],[-106.958644,40.318669],[-106.959053,40.316726],[-106.958787,40.314676],[-106.95928,40.312055],[-106.960415,40.310217],[-106.960493,40.309346],[-106.96164,40.306119],[-106.961442,40.304623],[-106.960621,40.303051],[-106.961141,40.301385],[-106.960668,40.299334],[-106.960842,40.298183],[-106.96063,40.296209],[-106.963531,40.292917],[-106.963536,40.291336],[-106.964226,40.290176],[-106.964164,40.289821],[-106.963156,40.28891],[-106.963191,40.288315],[-106.963391,40.288073],[-106.966315,40.287392],[-106.967553,40.285552],[-106.967163,40.284567],[-106.9655,40.28424],[-106.963873,40.283317],[-106.963744,40.28245],[-106.964442,40.281569],[-106.964174,40.279438],[-106.964976,40.278632],[-106.965007,40.27792],[-106.963456,40.27605],[-106.962567,40.275669],[-106.959168,40.276001],[-106.955341,40.275831],[-106.952625,40.272986],[-106.950528,40.271877],[-106.949097,40.270595],[-106.948562,40.269969],[-106.947075,40.266715],[-106.942368,40.261015],[-106.938051,40.252705],[-106.93791,40.25136],[-106.938303,40.250683],[-106.940577,40.248942],[-106.941523,40.245922],[-106.943355,40.237779],[-106.943263,40.229159],[-106.943095,40.228689],[-106.942116,40.227786],[-106.942097,40.227359],[-106.942887,40.226611],[-106.943116,40.225734],[-106.94387,40.224879],[-106.944042,40.222547],[-106.944485,40.221373],[-106.944506,40.220494],[-106.944913,40.220033],[-106.946272,40.219825],[-106.946807,40.218956],[-106.946942,40.216323],[-106.950227,40.21616],[-106.955042,40.213209],[-106.958014,40.210691],[-106.960881,40.209408],[-106.962756,40.20766],[-106.964404,40.206555],[-106.966855,40.204181],[-106.968335,40.203327],[-106.969423,40.201024],[-106.971113,40.198987],[-106.971339,40.198312],[-106.976337,40.198118],[-106.98002,40.199636],[-106.987093,40.20102],[-106.98978,40.201964],[-106.992425,40.201491],[-106.993487,40.200693],[-106.994251,40.200518],[-106.997237,40.200899],[-106.998275,40.20171],[-106.998936,40.201568],[-106.999518,40.201125],[-107.00074,40.20105],[-107.001346,40.201418],[-107.001986,40.202934],[-107.002526,40.203461],[-107.003434,40.203391],[-107.005081,40.20229],[-107.006717,40.202023],[-107.007441,40.202839],[-107.009632,40.203554],[-107.010643,40.204608],[-107.011174,40.204815],[-107.013246,40.205072],[-107.014934,40.20416],[-107.01654,40.20405],[-107.02238,40.205102],[-107.02764,40.206649],[-107.031997,40.209577],[-107.032953,40.209961],[-107.032753,40.210303],[-107.032969,40.215181],[-107.032712,40.215961],[-107.032677,40.218272],[-107.031731,40.219442],[-107.031322,40.220976],[-107.032829,40.22221],[-107.034358,40.22417],[-107.035453,40.224525],[-107.039698,40.224828],[-107.043718,40.224649],[-107.049442,40.225273],[-107.053993,40.225273],[-107.055491,40.225058],[-107.057178,40.225298],[-107.058572,40.225057],[-107.06058,40.224323],[-107.062198,40.223434],[-107.064295,40.221036],[-107.06566,40.219886],[-107.066661,40.21944],[-107.074991,40.219426],[-107.079297,40.22061],[-107.080186,40.221049],[-107.081349,40.222474],[-107.082279,40.223128],[-107.084399,40.223761],[-107.086752,40.224016],[-107.088135,40.224608],[-107.088555,40.225754],[-107.088693,40.227949],[-107.087749,40.230277],[-107.087507,40.231515],[-107.087663,40.232022],[-107.088424,40.232891],[-107.090225,40.233399],[-107.090063,40.236082],[-107.089433,40.237246],[-107.089692,40.237701],[-107.090434,40.237899],[-107.092603,40.23786],[-107.092648,40.238183],[-107.092343,40.238509],[-107.093562,40.239428],[-107.095575,40.238883],[-107.095483,40.240411],[-107.097298,40.241369],[-107.099263,40.241523],[-107.100961,40.242082],[-107.103315,40.242364],[-107.104522,40.242878],[-107.106937,40.242861],[-107.109979,40.24385],[-107.11048,40.246471],[-107.112083,40.247325],[-107.112175,40.248049],[-107.111952,40.248751],[-107.112113,40.249446],[-107.113177,40.251008],[-107.113987,40.251155],[-107.115346,40.250941],[-107.116207,40.2527],[-107.117414,40.253241],[-107.119068,40.253503],[-107.12063,40.253074],[-107.121478,40.253301],[-107.122446,40.254004],[-107.125715,40.259421],[-107.129073,40.262368],[-107.131004,40.263283],[-107.133999,40.265187],[-107.135673,40.265823],[-107.136912,40.2658],[-107.139212,40.266645],[-107.139573,40.26626],[-107.143006,40.266322],[-107.144552,40.26683],[-107.145451,40.267795],[-107.145993,40.267943],[-107.146087,40.268292],[-107.14727,40.269095],[-107.148932,40.269347],[-107.150854,40.269978],[-107.15435,40.2733],[-107.157326,40.274574],[-107.160926,40.277263],[-107.163101,40.279312],[-107.163505,40.280318],[-107.16451,40.280714],[-107.164548,40.281898],[-107.164289,40.282596],[-107.163539,40.283227],[-107.16303,40.284327],[-107.162359,40.28624],[-107.161738,40.28913],[-107.161311,40.289885],[-107.161325,40.290318],[-107.161555,40.290471],[-107.161414,40.291325],[-107.161141,40.2916],[-107.161299,40.29243],[-107.160911,40.293217],[-107.161079,40.294966],[-107.160515,40.295508],[-107.160426,40.296834],[-107.16022,40.296865],[-107.160035,40.297544],[-107.160088,40.298016],[-107.160488,40.298211],[-107.160445,40.298613],[-107.160836,40.299096],[-107.162005,40.299259],[-107.163079,40.299973],[-107.163258,40.300875],[-107.162931,40.301228],[-107.163208,40.301682],[-107.163242,40.302745],[-107.162838,40.303599],[-107.163205,40.303925],[-107.163126,40.3044],[-107.163642,40.304678],[-107.163481,40.305501],[-107.163829,40.306427],[-107.163441,40.30661],[-107.16338,40.307053],[-107.162726,40.30774],[-107.162279,40.309028],[-107.161726,40.309372],[-107.161729,40.310034],[-107.160985,40.310867],[-107.161197,40.312787],[-107.160967,40.313223],[-107.159687,40.313707],[-107.15764,40.315456],[-107.157523,40.315932],[-107.157834,40.316273],[-107.157405,40.316943],[-107.157792,40.317291],[-107.157966,40.318049],[-107.15702,40.318414],[-107.157111,40.318903],[-107.156847,40.318876],[-107.156512,40.319558],[-107.15586,40.319746],[-107.155793,40.319977],[-107.156042,40.32013],[-107.155681,40.320583],[-107.156254,40.320901],[-107.155705,40.321357],[-107.15514,40.321282],[-107.155579,40.322107],[-107.155252,40.322455],[-107.155212,40.322961],[-107.154636,40.32316],[-107.154278,40.323726],[-107.154421,40.324673],[-107.154042,40.325167],[-107.154644,40.325187],[-107.154268,40.325766],[-107.154285,40.326874],[-107.154006,40.326978],[-107.15462,40.327372],[-107.15501,40.327234],[-107.155294,40.328495],[-107.154976,40.329131],[-107.155339,40.329313],[-107.155241,40.329775],[-107.155647,40.329564],[-107.156103,40.329714],[-107.155718,40.330023],[-107.156479,40.330342],[-107.156698,40.330698],[-107.156187,40.331194],[-107.156262,40.331751],[-107.155755,40.33176],[-107.155934,40.332077],[-107.154548,40.332188],[-107.154652,40.331943],[-107.15433,40.331846],[-107.154227,40.332149],[-107.153487,40.33192],[-107.153479,40.332267],[-107.153049,40.332315],[-107.152201,40.331642],[-107.152513,40.331406],[-107.152429,40.331147],[-107.151583,40.331095],[-107.150954,40.331408],[-107.150704,40.331827],[-107.150824,40.332055],[-107.150467,40.332062],[-107.149621,40.333802],[-107.149217,40.334071],[-107.149208,40.33499],[-107.148674,40.334725],[-107.148272,40.335093],[-107.147981,40.334783],[-107.147128,40.335141],[-107.146882,40.334502],[-107.146619,40.334493],[-107.146497,40.334797],[-107.14621,40.334627],[-107.146273,40.334252],[-107.145669,40.334151],[-107.143777,40.334298],[-107.143486,40.334605],[-107.141513,40.335174],[-107.140083,40.334497],[-107.139845,40.334101],[-107.137969,40.33419],[-107.137326,40.334634],[-107.136962,40.335605],[-107.135723,40.335614],[-107.134975,40.33633],[-107.135229,40.336641],[-107.133851,40.337013],[-107.133154,40.337571],[-107.132825,40.338442],[-107.132308,40.33874],[-107.1317,40.338517],[-107.131747,40.338804],[-107.131361,40.339086],[-107.131389,40.33936],[-107.131688,40.339337],[-107.131029,40.33988],[-107.131323,40.340267],[-107.131108,40.340573],[-107.130598,40.340496],[-107.131033,40.341177],[-107.130636,40.341703],[-107.13079,40.34243],[-107.130455,40.342521],[-107.130107,40.34342],[-107.12955,40.343605],[-107.129739,40.344246],[-107.130376,40.344194],[-107.130387,40.344536],[-107.129589,40.344852],[-107.129393,40.345203],[-107.128885,40.345154],[-107.128956,40.345643],[-107.128473,40.345796],[-107.129188,40.346441],[-107.128044,40.346493],[-107.127992,40.347224],[-107.127164,40.347789],[-107.124903,40.348173],[-107.124485,40.348626],[-107.123938,40.348564],[-107.123778,40.348238],[-107.123421,40.348862],[-107.123813,40.349373],[-107.122922,40.349101],[-107.122684,40.349308],[-107.122418,40.349214],[-107.121631,40.349872],[-107.122074,40.350224],[-107.122012,40.350658],[-107.121382,40.350913],[-107.121482,40.351127],[-107.120943,40.351898],[-107.119101,40.351873],[-107.118021,40.352181],[-107.117515,40.352853],[-107.117092,40.353131],[-107.116507,40.353042],[-107.116016,40.353583],[-107.115676,40.353504],[-107.115794,40.353069],[-107.115245,40.352935],[-107.115041,40.353646],[-107.114493,40.354129],[-107.114193,40.354148],[-107.113702,40.353468],[-107.113704,40.352923],[-107.113042,40.352777],[-107.112842,40.35301],[-107.112346,40.352776],[-107.111826,40.352943],[-107.111982,40.353139],[-107.111686,40.353288],[-107.111881,40.353501],[-107.111609,40.353821],[-107.111213,40.353801],[-107.110885,40.354109],[-107.109286,40.354066],[-107.109283,40.354571],[-107.10803,40.354751],[-107.107799,40.354566],[-107.107008,40.35513],[-107.106573,40.355021],[-107.106504,40.354621],[-107.106197,40.354424],[-107.105213,40.354771],[-107.105392,40.355088],[-107.104736,40.35514],[-107.105093,40.355751],[-107.103254,40.357023],[-107.103177,40.358173],[-107.10264,40.358426],[-107.101826,40.358242],[-107.102046,40.358684],[-107.101615,40.358733],[-107.101601,40.35948],[-107.101166,40.359993],[-107.100718,40.3601],[-107.101274,40.36045],[-107.100489,40.360564],[-107.100633,40.360966],[-107.099631,40.361372],[-107.099308,40.361882],[-107.09941,40.362754],[-107.099135,40.362975],[-107.099093,40.363422],[-107.098644,40.364092],[-107.098145,40.364358],[-107.098338,40.36453],[-107.098215,40.364816],[-107.098553,40.36481],[-107.098478,40.365415],[-107.097845,40.365602],[-107.098025,40.365941],[-107.098398,40.365862],[-107.097685,40.366497],[-107.098042,40.367094],[-107.097453,40.367506],[-107.097391,40.367926],[-107.097923,40.368128],[-107.097797,40.368896],[-107.09838,40.368912],[-107.098557,40.368562],[-107.098944,40.368915],[-107.098512,40.36954],[-107.098613,40.369768],[-107.097936,40.370357],[-107.097817,40.37076],[-107.097124,40.370845],[-107.097284,40.371144],[-107.096867,40.371615],[-107.096986,40.371843],[-107.096502,40.371977],[-107.097568,40.3718],[-107.097338,40.372264],[-107.097795,40.372485],[-107.0977,40.373037],[-107.097951,40.373248],[-107.097616,40.373367],[-107.097662,40.373627],[-107.09723,40.373635],[-107.097188,40.374109],[-107.096668,40.373713],[-107.096008,40.373639],[-107.095886,40.373943],[-107.09613,40.373939],[-107.096272,40.374283],[-107.095674,40.374393],[-107.095776,40.374639],[-107.095484,40.374901],[-107.095159,40.374722],[-107.094958,40.374911],[-107.095829,40.375138],[-107.095931,40.375397],[-107.096267,40.375306],[-107.096198,40.376122],[-107.095603,40.376336],[-107.095391,40.376155],[-107.095515,40.375905],[-107.095025,40.375887],[-107.094779,40.376423],[-107.093975,40.376568],[-107.093916,40.377087],[-107.093676,40.377235],[-107.093195,40.37687],[-107.092668,40.376848],[-107.092805,40.376418],[-107.093252,40.376279],[-107.093168,40.375992],[-107.092746,40.375712],[-107.092363,40.376106],[-107.092072,40.375823],[-107.09165,40.376133],[-107.091641,40.377056],[-107.091364,40.377232],[-107.091251,40.377824],[-107.091559,40.378062],[-107.090845,40.378075],[-107.090802,40.378495],[-107.089971,40.378982],[-107.088635,40.378921],[-107.088772,40.3785],[-107.0879,40.378862],[-107.087648,40.378606],[-107.08782,40.378089],[-107.087611,40.378034],[-107.087179,40.378646],[-107.086769,40.378739],[-107.086596,40.378643],[-107.086851,40.378363],[-107.086691,40.378051],[-107.086209,40.378289],[-107.08501,40.377779],[-107.084362,40.378106],[-107.08409,40.377823],[-107.08344,40.378078],[-107.083145,40.377655],[-107.082794,40.37786],[-107.082096,40.377787],[-107.082012,40.377473],[-107.08116,40.377299],[-107.081226,40.376969],[-107.080521,40.376667],[-107.080389,40.37543],[-107.079823,40.375369],[-107.079486,40.374803],[-107.079107,40.374692],[-107.078721,40.374974],[-107.078712,40.375303],[-107.078031,40.375761],[-107.078187,40.375947],[-107.077934,40.376267],[-107.07752,40.376248],[-107.076994,40.376888],[-107.076543,40.376896],[-107.076555,40.377297],[-107.075115,40.376894],[-107.074776,40.376265],[-107.074001,40.376122],[-107.073255,40.376293],[-107.073242,40.376509],[-107.073719,40.37673],[-107.072891,40.376718],[-107.072568,40.377827],[-107.071959,40.378172],[-107.07223,40.378442],[-107.071605,40.378881],[-107.071315,40.378629],[-107.070702,40.378856],[-107.071141,40.379092],[-107.069634,40.378975],[-107.068885,40.378443],[-107.068492,40.378522],[-107.068033,40.378256],[-107.06781,40.378332],[-107.067821,40.378678],[-107.06582,40.379029],[-107.064551,40.379926],[-107.064559,40.380817],[-107.06531,40.380804],[-107.065286,40.381237],[-107.064785,40.381462],[-107.06511,40.381627],[-107.064984,40.381805],[-107.064167,40.381532],[-107.06417,40.382234],[-107.063471,40.382116],[-107.06388,40.381983],[-107.063663,40.381653],[-107.063071,40.381966],[-107.062822,40.381812],[-107.062685,40.382247],[-107.062469,40.381949],[-107.062132,40.381982],[-107.061549,40.382596],[-107.061618,40.383],[-107.061344,40.383275],[-107.060553,40.383204],[-107.061127,40.383554],[-107.061153,40.383797],[-107.059724,40.383764],[-107.059598,40.383955],[-107.059939,40.384652],[-107.058982,40.384714],[-107.058934,40.384971],[-107.058649,40.384891],[-107.058864,40.384527],[-107.058652,40.384373],[-107.058082,40.384788],[-107.058182,40.384381],[-107.057947,40.384057],[-107.057898,40.384301],[-107.057562,40.384392],[-107.057793,40.384564],[-107.057709,40.384867],[-107.057348,40.384743],[-107.057105,40.384184],[-107.056528,40.384357],[-107.0569,40.383616],[-107.056381,40.383251],[-107.055759,40.383177],[-107.055632,40.382733],[-107.055113,40.382959],[-107.054563,40.382793],[-107.054611,40.383125],[-107.053458,40.382943],[-107.05322,40.383132],[-107.053382,40.383521],[-107.052897,40.383642],[-107.051855,40.382742],[-107.051075,40.383084],[-107.051567,40.383193],[-107.05164,40.383723],[-107.052092,40.38376],[-107.052338,40.384431],[-107.051835,40.384566],[-107.052186,40.385006],[-107.051938,40.385483],[-107.051402,40.385177],[-107.05131,40.385855],[-107.050755,40.386153],[-107.048973,40.38627],[-107.047631,40.386037],[-107.046675,40.385491],[-107.047274,40.385426],[-107.047484,40.384918],[-107.046528,40.385007],[-107.046586,40.38443],[-107.046292,40.384664],[-107.046249,40.385098],[-107.045906,40.384946],[-107.045853,40.384416],[-107.045315,40.384668],[-107.045551,40.385024],[-107.044354,40.385203],[-107.044216,40.385003],[-107.044744,40.384449],[-107.044287,40.384227],[-107.04462,40.384063],[-107.043998,40.384016],[-107.043986,40.383602],[-107.043785,40.38379],[-107.041757,40.383853],[-107.041798,40.383352],[-107.041436,40.383201],[-107.041714,40.383079],[-107.041557,40.382865],[-107.041211,40.383218],[-107.04072,40.383141],[-107.04071,40.383443],[-107.041078,40.383811],[-107.04065,40.383944],[-107.040862,40.384098],[-107.040775,40.384334],[-107.039789,40.384045],[-107.039597,40.384526],[-107.039754,40.384753],[-107.038353,40.384431],[-107.038854,40.384206],[-107.038773,40.384009],[-107.038228,40.384019],[-107.038069,40.38435],[-107.03732,40.383819],[-107.037061,40.383967],[-107.037217,40.384163],[-107.036679,40.384388],[-107.03631,40.38398],[-107.036061,40.384458],[-107.036277,40.384783],[-107.036836,40.384615],[-107.036759,40.385797],[-107.035883,40.386042],[-107.036025,40.385751],[-107.035008,40.385093],[-107.035133,40.385479],[-107.034955,40.385828],[-107.035358,40.386083],[-107.034505,40.385863],[-107.034419,40.386113],[-107.033657,40.386396],[-107.033681,40.38595],[-107.033398,40.385941],[-107.032959,40.386323],[-107.033249,40.386593],[-107.033012,40.38684],[-107.032345,40.38655],[-107.032223,40.386867],[-107.031737,40.386948],[-107.031302,40.386253],[-107.030686,40.386377],[-107.030955,40.385944],[-107.031577,40.386019],[-107.031622,40.385612],[-107.031231,40.385119],[-107.030687,40.385169],[-107.030511,40.384929],[-107.030748,40.384695],[-107.030555,40.384528],[-107.028879,40.385057],[-107.028814,40.385391],[-107.028151,40.385214],[-107.027918,40.385605],[-107.026986,40.385234],[-107.026984,40.385784],[-107.02744,40.385961],[-107.027262,40.386279],[-107.02744,40.386578],[-107.025949,40.386406],[-107.024973,40.387067],[-107.023412,40.387657],[-107.023475,40.38853],[-107.023093,40.388928],[-107.021482,40.388493],[-107.021415,40.388782],[-107.021924,40.389462],[-107.021442,40.389687],[-107.021546,40.39],[-107.021049,40.389752],[-107.020792,40.389946],[-107.020805,40.390374],[-107.019859,40.390174],[-107.019722,40.390622],[-107.01999,40.390793],[-107.020775,40.390649],[-107.021081,40.390815],[-107.022218,40.390466],[-107.02237,40.39118],[-107.022958,40.391327],[-107.023086,40.391829],[-107.022557,40.392383],[-107.021941,40.392538],[-107.021818,40.392842],[-107.022194,40.393471],[-107.021772,40.393807],[-107.020824,40.393535],[-107.020646,40.393237],[-107.02103,40.392856],[-107.020149,40.39234],[-107.01974,40.392491],[-107.02001,40.392716],[-107.019866,40.392921],[-107.019082,40.392489],[-107.019137,40.393065],[-107.018453,40.392847],[-107.01853,40.393521],[-107.017923,40.39396],[-107.01958,40.394048],[-107.019174,40.394312],[-107.019554,40.394449],[-107.019678,40.394821],[-107.019381,40.39493],[-107.019259,40.394644],[-107.018825,40.394579],[-107.018502,40.395116],[-107.018949,40.394964],[-107.0192,40.39519],[-107.018059,40.395354],[-107.017412,40.395104],[-107.016993,40.396179],[-107.017841,40.395632],[-107.018323,40.396038],[-107.017579,40.396294],[-107.017571,40.396655],[-107.017008,40.396696],[-107.01721,40.397166],[-107.016887,40.397676],[-107.015882,40.397392],[-107.015307,40.397645],[-107.015155,40.398219],[-107.015739,40.397637],[-107.016005,40.397718],[-107.01581,40.398136],[-107.016613,40.397951],[-107.016311,40.398546],[-107.016251,40.399682],[-107.015525,40.39928],[-107.015464,40.399754],[-107.014896,40.399647],[-107.01445,40.399196],[-107.013512,40.399874],[-107.012845,40.399584],[-107.012687,40.399961],[-107.012098,40.399741],[-107.011564,40.400138],[-107.01147,40.400743],[-107.011757,40.400941],[-107.01151,40.401476],[-107.012394,40.401474],[-107.012617,40.402034],[-107.012386,40.402466],[-107.012821,40.402562],[-107.012514,40.402981],[-107.012902,40.40338],[-107.012118,40.404209],[-107.010296,40.404286],[-107.010499,40.404773],[-107.01014,40.404707],[-107.010034,40.404966],[-107.010504,40.405561],[-107.010843,40.4056],[-107.011223,40.406368],[-107.010835,40.406578],[-107.011407,40.406838],[-107.011362,40.407244],[-107.011954,40.407549],[-107.013166,40.407181],[-107.013861,40.406552],[-107.014653,40.406637],[-107.014735,40.406825],[-107.014364,40.407034],[-107.014645,40.407615],[-107.01538,40.408278],[-107.015585,40.408234],[-107.015368,40.407904],[-107.015725,40.407871],[-107.015883,40.408143],[-107.015603,40.40885],[-107.016099,40.409071],[-107.016088,40.408711],[-107.016368,40.408634],[-107.016561,40.40882],[-107.016445,40.40934],[-107.017486,40.409552],[-107.017382,40.409855],[-107.016842,40.410036],[-107.016969,40.410507],[-107.016762,40.411132],[-107.016298,40.411325],[-107.015861,40.410557],[-107.015376,40.410701],[-107.015737,40.411442],[-107.014962,40.411312],[-107.013642,40.413073],[-107.013726,40.413374],[-107.014588,40.413273],[-107.014376,40.413709],[-107.014682,40.413889],[-107.014501,40.414139],[-107.014628,40.41461],[-107.013921,40.415483],[-107.013665,40.4151],[-107.012719,40.415535],[-107.013221,40.415986],[-107.013032,40.417223],[-107.012248,40.416764],[-107.011196,40.416827],[-107.01087,40.417234],[-107.011611,40.41814],[-107.010162,40.418093],[-107.009296,40.418685],[-107.008634,40.417921],[-107.00852,40.418527],[-107.007966,40.418865],[-107.007137,40.418177],[-107.007222,40.417901],[-107.007857,40.417732],[-107.007444,40.417136],[-107.007125,40.417141],[-107.006913,40.417605],[-107.005433,40.417171],[-107.005866,40.415911],[-107.003688,40.416052],[-107.003298,40.416217],[-107.003032,40.416767],[-107.002252,40.416451],[-107.001461,40.417037],[-107.001093,40.416701],[-107.000407,40.417015],[-107.000343,40.41739],[-107.000727,40.417653],[-107.000401,40.418091],[-107.000608,40.418736],[-107.000233,40.41877],[-106.999519,40.419431],[-106.997786,40.419317],[-106.995516,40.419527],[-106.994329,40.420714],[-106.993326,40.421146],[-106.991493,40.421506],[-106.988984,40.421221],[-106.988022,40.420489],[-106.987702,40.420481],[-106.987377,40.420946],[-106.986855,40.420469],[-106.986519,40.42056],[-106.986385,40.421121],[-106.987057,40.421582],[-106.986802,40.421848],[-106.986903,40.422103],[-106.985967,40.42288],[-106.985457,40.422835],[-106.98543,40.423164],[-106.985839,40.423662],[-106.98548,40.42424],[-106.984181,40.424839],[-106.983055,40.424917],[-106.983184,40.425491],[-106.982885,40.426172],[-106.981839,40.426419],[-106.98166,40.426738],[-106.980596,40.426927],[-106.980942,40.427273],[-106.981639,40.427319],[-106.981879,40.427806],[-106.982745,40.427805],[-106.981959,40.428579],[-106.982188,40.429967],[-106.982686,40.430923],[-106.984437,40.432275],[-106.983385,40.433613],[-106.983345,40.434163],[-106.982952,40.43421],[-106.982105,40.433549],[-106.979832,40.433674],[-106.980162,40.434646],[-106.979827,40.434769],[-106.979331,40.434547],[-106.978649,40.435018],[-106.978698,40.436067],[-106.978235,40.436305],[-106.978574,40.436974],[-106.97926,40.436602],[-106.979382,40.436272],[-106.979905,40.436145],[-106.980144,40.436601],[-106.980197,40.437766],[-106.980912,40.437781],[-106.981044,40.437162],[-106.981583,40.437585],[-106.982075,40.437649],[-106.982929,40.438553],[-106.982145,40.438769],[-106.982066,40.43927],[-106.9833,40.439682],[-106.982504,40.440114],[-106.981492,40.440244],[-106.981176,40.440997],[-106.981508,40.441424],[-106.981255,40.44177],[-106.981602,40.442039],[-106.98201,40.44314],[-106.981686,40.443632],[-106.981444,40.443709],[-106.981097,40.443426],[-106.980763,40.44359],[-106.980965,40.444091],[-106.98058,40.445048],[-106.98129,40.445522],[-106.980562,40.44571],[-106.980437,40.445942],[-106.981481,40.446253],[-106.982979,40.446024],[-106.983616,40.446576],[-106.985015,40.446796],[-106.98493,40.447099],[-106.985433,40.447581],[-106.985566,40.448899],[-106.985046,40.449772],[-106.986252,40.451103],[-106.987122,40.451259],[-106.987454,40.451672],[-106.987425,40.451943],[-106.986926,40.452253],[-106.985243,40.452629],[-106.985715,40.45331],[-106.985068,40.453695],[-106.985787,40.454489],[-106.987445,40.455177],[-106.987285,40.456774],[-106.986056,40.457214],[-106.984169,40.457062],[-106.983658,40.457584],[-106.983121,40.457264],[-106.983523,40.456838],[-106.982896,40.456637],[-106.982575,40.457891],[-106.983418,40.459029],[-106.983126,40.459336],[-106.982314,40.459233],[-106.982188,40.459429],[-106.98243,40.459969],[-106.983107,40.459976],[-106.983028,40.460464],[-106.981971,40.460383],[-106.982615,40.461173],[-106.982608,40.461565],[-106.983105,40.461827],[-106.983417,40.461552],[-106.983514,40.461018],[-106.98383,40.460882],[-106.984456,40.461043],[-106.984749,40.461398],[-106.985974,40.461463],[-106.987082,40.462651],[-106.986908,40.463789],[-106.987875,40.464047],[-106.987807,40.464291],[-106.987188,40.46436],[-106.987213,40.464563],[-106.987757,40.465125],[-106.988122,40.464745],[-106.988256,40.464846],[-106.98841,40.466209],[-106.987639,40.467528],[-106.986969,40.467756],[-106.987036,40.468128],[-106.986272,40.470312],[-106.990158,40.470592],[-106.9909,40.470881],[-106.991188,40.47171],[-106.992325,40.47196],[-106.992646,40.471986],[-106.99357,40.471421],[-106.993991,40.472278],[-106.996299,40.473329],[-106.997733,40.473434],[-106.999097,40.473096],[-106.999544,40.473574],[-106.999957,40.473527],[-107.000244,40.473062],[-107.000916,40.47351],[-107.001058,40.473233],[-107.000705,40.472739],[-107.000961,40.472487],[-107.001637,40.472421],[-107.003896,40.473057],[-107.004662,40.472882],[-107.005577,40.472006],[-107.007393,40.4717],[-107.009473,40.47201],[-107.010328,40.471635],[-107.010729,40.471196],[-107.011328,40.471086],[-107.011706,40.471458],[-107.011607,40.47672],[-107.015851,40.482659],[-107.016377,40.483074],[-107.017671,40.48347],[-107.020935,40.483552],[-107.020924,40.485638]]]},"properties":{"kind":"hunt-boundary","huntCode":"BE012O1R","gmu":131}},{"type":"Feature","geometry":{"type":"Polygon","coordinates":[[[-107.56662,40.37184],[-107.565318,40.371869],[-107.558839,40.372972],[-107.54678,40.370838],[-107.543845,40.369831],[-107.54151,40.3694],[-107.538955,40.369533],[-107.535455,40.3702],[-107.518111,40.370061],[-107.515535,40.369639],[-107.513608,40.368461],[-107.51239,40.368154],[-107.508764,40.368084],[-107.507113,40.367827],[-107.499777,40.364032],[-107.496446,40.362775],[-107.488585,40.361724],[-107.475318,40.358131],[-107.468616,40.357094],[-107.466777,40.356985],[-107.459387,40.35825],[-107.457493,40.357957],[-107.443087,40.353498],[-107.441221,40.35265],[-107.432426,40.349768],[-107.430748,40.348736],[-107.426323,40.345172],[-107.423955,40.345109],[-107.419835,40.341943],[-107.417785,40.341324],[-107.417273,40.340519],[-107.417755,40.339145],[-107.416716,40.338428],[-107.414538,40.335555],[-107.414287,40.333934],[-107.414827,40.330153],[-107.415849,40.326326],[-107.41391,40.323375],[-107.41233,40.322372],[-107.408134,40.32246],[-107.402734,40.325347],[-107.398721,40.326497],[-107.395255,40.328123],[-107.394009,40.32837],[-107.38875,40.328442],[-107.385078,40.326964],[-107.383425,40.326629],[-107.381591,40.326631],[-107.379777,40.325822],[-107.376423,40.326517],[-107.374716,40.326034],[-107.373534,40.326725],[-107.372286,40.326935],[-107.371259,40.326528],[-107.371175,40.325534],[-107.370872,40.325135],[-107.369871,40.32412],[-107.368787,40.323475],[-107.36097,40.322158],[-107.357697,40.321009],[-107.355949,40.320711],[-107.355131,40.3208],[-107.354056,40.320416],[-107.348689,40.32012],[-107.346048,40.320507],[-107.345315,40.320261],[-107.344817,40.319793],[-107.342623,40.319171],[-107.337524,40.316838],[-107.332745,40.315416],[-107.33029,40.315578],[-107.329345,40.314787],[-107.326751,40.313731],[-107.323019,40.313252],[-107.321437,40.313541],[-107.320789,40.314364],[-107.32059,40.314184],[-107.320607,40.31326],[-107.320169,40.313161],[-107.31974,40.313318],[-107.318667,40.314407],[-107.316983,40.314553],[-107.315656,40.313841],[-107.313281,40.313555],[-107.311476,40.312965],[-107.309553,40.313189],[-107.306796,40.312982],[-107.304116,40.312225],[-107.301796,40.310717],[-107.300628,40.310412],[-107.300078,40.309549],[-107.301171,40.309041],[-107.301101,40.306975],[-107.300547,40.3054],[-107.298953,40.302581],[-107.298619,40.300782],[-107.297894,40.299472],[-107.297841,40.295234],[-107.298096,40.293387],[-107.299285,40.290963],[-107.298927,40.289754],[-107.299039,40.289054],[-107.300018,40.28848],[-107.300408,40.287914],[-107.301239,40.285641],[-107.301105,40.284391],[-107.301292,40.281847],[-107.30241,40.277343],[-107.301565,40.273865],[-107.301134,40.27318],[-107.298504,40.270588],[-107.297633,40.269007],[-107.29639,40.265798],[-107.293475,40.262797],[-107.291991,40.261854],[-107.291481,40.260193],[-107.291852,40.259073],[-107.291943,40.257733],[-107.290948,40.256501],[-107.290205,40.254637],[-107.289914,40.252733],[-107.288523,40.251856],[-107.28833,40.251513],[-107.288396,40.250782],[-107.287753,40.249231],[-107.28679,40.248899],[-107.286274,40.248391],[-107.286254,40.247797],[-107.287371,40.245933],[-107.286818,40.244345],[-107.285909,40.24294],[-107.284715,40.242513],[-107.282862,40.241383],[-107.281953,40.241333],[-107.281235,40.240199],[-107.279978,40.239251],[-107.279824,40.238731],[-107.279025,40.237878],[-107.278579,40.236774],[-107.277873,40.235986],[-107.275746,40.234812],[-107.275357,40.234022],[-107.273028,40.23219],[-107.272171,40.230991],[-107.272193,40.230292],[-107.271418,40.228816],[-107.271121,40.226701],[-107.270641,40.225909],[-107.265173,40.223809],[-107.262088,40.221054],[-107.26164,40.219847],[-107.260442,40.219275],[-107.260342,40.219003],[-107.260729,40.218369],[-107.26014,40.217025],[-107.259469,40.213214],[-107.257973,40.211851],[-107.256219,40.210913],[-107.255447,40.210892],[-107.254204,40.210326],[-107.244991,40.208699],[-107.2424,40.207132],[-107.241528,40.206834],[-107.240504,40.20602],[-107.239362,40.205763],[-107.238512,40.204739],[-107.237551,40.204478],[-107.235513,40.203162],[-107.233865,40.202671],[-107.228387,40.200169],[-107.227845,40.19886],[-107.227184,40.198039],[-107.223389,40.195675],[-107.221526,40.194148],[-107.222327,40.195511],[-107.225662,40.197812],[-107.225808,40.198687],[-107.225355,40.199191],[-107.222339,40.200353],[-107.218794,40.203326],[-107.217196,40.203875],[-107.215522,40.203884],[-107.214595,40.204285],[-107.214415,40.205077],[-107.216899,40.207371],[-107.217914,40.208793],[-107.218329,40.209799],[-107.218253,40.211061],[-107.216537,40.21249],[-107.216283,40.212811],[-107.216272,40.213396],[-107.216828,40.214219],[-107.217986,40.214589],[-107.219572,40.214581],[-107.22259,40.216144],[-107.223522,40.216779],[-107.224242,40.218139],[-107.225049,40.218574],[-107.225891,40.218265],[-107.226201,40.216953],[-107.226838,40.216693],[-107.227698,40.216924],[-107.228145,40.218019],[-107.227765,40.218972],[-107.227221,40.219388],[-107.226146,40.219769],[-107.224028,40.219675],[-107.222286,40.220316],[-107.221394,40.219996],[-107.220581,40.21848],[-107.219806,40.218135],[-107.216796,40.218643],[-107.215226,40.218245],[-107.213278,40.217066],[-107.210649,40.217522],[-107.20649,40.216115],[-107.205435,40.21618],[-107.204598,40.216646],[-107.203691,40.216776],[-107.200688,40.215662],[-107.197968,40.216029],[-107.195765,40.215148],[-107.1925,40.215007],[-107.190358,40.214169],[-107.186689,40.214284],[-107.186007,40.214071],[-107.184355,40.212954],[-107.182464,40.212607],[-107.181703,40.211788],[-107.180671,40.209825],[-107.179102,40.208526],[-107.177453,40.206575],[-107.173284,40.203884],[-107.171661,40.203621],[-107.168901,40.20275],[-107.165275,40.202322],[-107.162248,40.201343],[-107.159923,40.201206],[-107.159022,40.201367],[-107.157971,40.200662],[-107.156906,40.200835],[-107.156226,40.201307],[-107.154084,40.200716],[-107.152613,40.199761],[-107.150467,40.197468],[-107.149157,40.196763],[-107.146898,40.193877],[-107.145229,40.193016],[-107.143708,40.191792],[-107.143381,40.190951],[-107.143791,40.189565],[-107.141929,40.187528],[-107.141536,40.186788],[-107.141919,40.185862],[-107.141541,40.185103],[-107.141504,40.183905],[-107.142257,40.182702],[-107.144959,40.179734],[-107.145333,40.178375],[-107.144522,40.176391],[-107.144959,40.175103],[-107.14427,40.172287],[-107.144146,40.169308],[-107.142877,40.166746],[-107.143195,40.165416],[-107.144611,40.162678],[-107.144247,40.161234],[-107.144698,40.159686],[-107.144634,40.159047],[-107.143025,40.155735],[-107.143093,40.154797],[-107.144008,40.152095],[-107.14405,40.150392],[-107.143534,40.147555],[-107.143588,40.146743],[-107.146328,40.143891],[-107.149239,40.141765],[-107.150436,40.141022],[-107.152689,40.140259],[-107.155956,40.13827],[-107.156536,40.137791],[-107.156933,40.136171],[-107.15622,40.133068],[-107.154897,40.130858],[-107.154058,40.130126],[-107.153156,40.128584],[-107.153053,40.127794],[-107.15486,40.125003],[-107.154822,40.124112],[-107.154142,40.122278],[-107.149789,40.118431],[-107.14762,40.115562],[-107.144623,40.112356],[-107.143992,40.110746],[-107.142338,40.108183],[-107.142091,40.107403],[-107.135535,40.098345],[-107.134271,40.096927],[-107.131244,40.094343],[-107.126249,40.091732],[-107.124976,40.090422],[-107.124234,40.089283],[-107.123292,40.088724],[-107.123714,40.08813],[-107.130177,40.084237],[-107.134993,40.083121],[-107.135533,40.082652],[-107.135299,40.082035],[-107.133005,40.079609],[-107.13226,40.078073],[-107.132448,40.073268],[-107.132988,40.068853],[-107.132592,40.066184],[-107.131463,40.063313],[-107.131553,40.06251],[-107.131292,40.061046],[-107.129756,40.059624],[-107.130269,40.056318],[-107.129379,40.052127],[-107.130002,40.050926],[-107.136154,40.045336],[-107.139838,40.043574],[-107.143306,40.041285],[-107.145785,40.040266],[-107.147458,40.039884],[-107.148407,40.039353],[-107.149079,40.038863],[-107.150409,40.03682],[-107.151345,40.035902],[-107.156422,40.031636],[-107.158021,40.030562],[-107.162784,40.028428],[-107.166216,40.026039],[-107.167007,40.02698],[-107.1704,40.029393],[-107.170326,40.030764],[-107.170669,40.032325],[-107.169546,40.034526],[-107.169704,40.035893],[-107.171087,40.037331],[-107.175659,40.039988],[-107.179797,40.040757],[-107.182468,40.042905],[-107.183828,40.044762],[-107.184692,40.045173],[-107.185388,40.046255],[-107.185547,40.047198],[-107.186741,40.048247],[-107.187346,40.049227],[-107.189809,40.05182],[-107.195791,40.05413],[-107.19755,40.054141],[-107.199768,40.055289],[-107.201457,40.055846],[-107.202472,40.055895],[-107.205069,40.057188],[-107.205917,40.056946],[-107.208116,40.057148],[-107.211921,40.056625],[-107.21483,40.055587],[-107.217167,40.055722],[-107.220862,40.054643],[-107.224765,40.054694],[-107.226366,40.05433],[-107.226555,40.055281],[-107.226226,40.056193],[-107.227939,40.057471],[-107.230406,40.057982],[-107.231695,40.058862],[-107.234339,40.059951],[-107.237147,40.062653],[-107.238327,40.064437],[-107.241763,40.067915],[-107.242561,40.068904],[-107.242814,40.069638],[-107.244999,40.072181],[-107.245735,40.074612],[-107.245421,40.075771],[-107.245703,40.076527],[-107.246729,40.077746],[-107.246691,40.07944],[-107.246411,40.080184],[-107.246664,40.081116],[-107.246091,40.081884],[-107.246915,40.08231],[-107.247621,40.083836],[-107.246719,40.085277],[-107.246635,40.085937],[-107.248338,40.088858],[-107.250378,40.088837],[-107.252111,40.089461],[-107.254023,40.09054],[-107.254691,40.09159],[-107.256747,40.092582],[-107.257723,40.094585],[-107.261453,40.095665],[-107.264526,40.097056],[-107.265339,40.096833],[-107.266914,40.0975],[-107.26914,40.099019],[-107.272038,40.10144],[-107.273122,40.102986],[-107.2734,40.104638],[-107.275583,40.106091],[-107.275871,40.106643],[-107.275978,40.108092],[-107.277119,40.108159],[-107.279453,40.107852],[-107.280894,40.1074],[-107.282022,40.107432],[-107.283327,40.107866],[-107.284271,40.109802],[-107.285253,40.110323],[-107.287136,40.109502],[-107.288116,40.109348],[-107.289135,40.109985],[-107.290559,40.109804],[-107.291918,40.110074],[-107.29373,40.110912],[-107.295016,40.111842],[-107.29634,40.112153],[-107.297206,40.112753],[-107.297777,40.113688],[-107.299231,40.114352],[-107.299458,40.115487],[-107.300837,40.116392],[-107.300973,40.116939],[-107.300597,40.117595],[-107.301868,40.118872],[-107.302704,40.123049],[-107.307302,40.124353],[-107.311084,40.124818],[-107.316273,40.126958],[-107.318221,40.128351],[-107.319141,40.129864],[-107.32117,40.131193],[-107.323909,40.131696],[-107.327926,40.133498],[-107.329853,40.13554],[-107.332315,40.137274],[-107.333033,40.138359],[-107.333528,40.139772],[-107.337355,40.139812],[-107.340315,40.140896],[-107.342908,40.141538],[-107.344793,40.141391],[-107.34564,40.141789],[-107.346612,40.142751],[-107.350264,40.142118],[-107.350847,40.141674],[-107.351963,40.141512],[-107.353361,40.140713],[-107.354396,40.139642],[-107.354519,40.138906],[-107.35589,40.136779],[-107.360273,40.133203],[-107.360728,40.132145],[-107.361602,40.131258],[-107.362077,40.130059],[-107.362557,40.12968],[-107.363529,40.129642],[-107.364648,40.128403],[-107.366518,40.128166],[-107.368958,40.129161],[-107.369523,40.127844],[-107.369385,40.126261],[-107.370286,40.125162],[-107.370114,40.123922],[-107.370978,40.123805],[-107.371614,40.12318],[-107.371993,40.122604],[-107.37183,40.121986],[-107.372037,40.121531],[-107.373646,40.120219],[-107.374187,40.119235],[-107.375112,40.119514],[-107.37666,40.118149],[-107.377947,40.116366],[-107.379232,40.115528],[-107.379035,40.114244],[-107.379415,40.113372],[-107.382061,40.114542],[-107.383343,40.112291],[-107.38434,40.111279],[-107.386022,40.11038],[-107.387416,40.109991],[-107.38859,40.108764],[-107.390867,40.107091],[-107.393543,40.106063],[-107.395232,40.105695],[-107.396761,40.104474],[-107.39795,40.103927],[-107.398862,40.102845],[-107.401023,40.102579],[-107.403371,40.102972],[-107.404031,40.103341],[-107.404784,40.10288],[-107.406804,40.10018],[-107.407718,40.099869],[-107.410496,40.099779],[-107.412505,40.101836],[-107.416123,40.103779],[-107.416199,40.104236],[-107.417182,40.105545],[-107.416084,40.106288],[-107.416219,40.107438],[-107.417662,40.108521],[-107.418177,40.109839],[-107.418813,40.110582],[-107.422496,40.112735],[-107.422916,40.114023],[-107.423694,40.114831],[-107.425912,40.115289],[-107.427207,40.116127],[-107.428676,40.1166],[-107.430743,40.116769],[-107.432275,40.116381],[-107.433312,40.116571],[-107.433982,40.116953],[-107.436118,40.119065],[-107.43618,40.119497],[-107.435641,40.12012],[-107.435607,40.120481],[-107.436644,40.120676],[-107.43832,40.121681],[-107.442709,40.122597],[-107.449488,40.122202],[-107.450912,40.117496],[-107.451671,40.116471],[-107.451906,40.115174],[-107.454389,40.111275],[-107.454536,40.110155],[-107.455514,40.108697],[-107.456959,40.107225],[-107.457977,40.106879],[-107.459807,40.106948],[-107.462417,40.106605],[-107.463062,40.106307],[-107.463419,40.105831],[-107.464255,40.105633],[-107.465252,40.104711],[-107.465954,40.103403],[-107.467185,40.102476],[-107.466626,40.101038],[-107.477803,40.100795],[-107.478253,40.100317],[-107.478905,40.100195],[-107.479955,40.099452],[-107.480256,40.098729],[-107.481404,40.098092],[-107.482486,40.096952],[-107.48341,40.096576],[-107.48328,40.095606],[-107.484939,40.093557],[-107.485204,40.093119],[-107.48518,40.092471],[-107.486583,40.093702],[-107.487683,40.094322],[-107.489449,40.093964],[-107.489979,40.094381],[-107.49009,40.094847],[-107.4909,40.095226],[-107.492365,40.095591],[-107.493394,40.095569],[-107.493923,40.095954],[-107.494242,40.096987],[-107.495737,40.09818],[-107.495854,40.098822],[-107.496705,40.100317],[-107.497913,40.101331],[-107.500068,40.101357],[-107.50295,40.102033],[-107.506329,40.103505],[-107.508777,40.103848],[-107.509365,40.104556],[-107.508831,40.105324],[-107.509128,40.105746],[-107.510088,40.106373],[-107.511639,40.10652],[-107.513249,40.106989],[-107.514791,40.108177],[-107.515943,40.110201],[-107.516717,40.110869],[-107.518668,40.111691],[-107.520415,40.112085],[-107.521343,40.113106],[-107.522973,40.114115],[-107.523803,40.11629],[-107.524711,40.116775],[-107.525783,40.116644],[-107.526273,40.115948],[-107.528132,40.115547],[-107.528746,40.114421],[-107.531508,40.113136],[-107.532349,40.111789],[-107.53308,40.111304],[-107.534073,40.111571],[-107.534583,40.111416],[-107.535108,40.110431],[-107.536441,40.109753],[-107.537193,40.109809],[-107.538102,40.11033],[-107.539657,40.109327],[-107.540646,40.10945],[-107.542004,40.108195],[-107.544349,40.107031],[-107.545497,40.108911],[-107.545167,40.11012],[-107.544675,40.110744],[-107.544788,40.111246],[-107.545372,40.111841],[-107.546374,40.112323],[-107.547159,40.113279],[-107.549564,40.112469],[-107.551075,40.112796],[-107.551368,40.113114],[-107.551593,40.114114],[-107.553458,40.113897],[-107.553806,40.114425],[-107.553793,40.115326],[-107.55408,40.1155],[-107.556599,40.113967],[-107.558689,40.112232],[-107.55892,40.111241],[-107.559769,40.110659],[-107.560504,40.109422],[-107.561998,40.108893],[-107.562314,40.109778],[-107.565833,40.111696],[-107.567569,40.11204],[-107.56919,40.113387],[-107.569678,40.114141],[-107.570446,40.11421],[-107.571159,40.113816],[-107.573251,40.115472],[-107.573808,40.115018],[-107.57411,40.113867],[-107.57483,40.113676],[-107.577188,40.114267],[-107.579298,40.114369],[-107.580814,40.114952],[-107.585218,40.112944],[-107.586846,40.112435],[-107.589553,40.110109],[-107.590916,40.1097],[-107.592602,40.108748],[-107.5929,40.108507],[-107.592984,40.107712],[-107.593356,40.107411],[-107.595785,40.106857],[-107.596971,40.10683],[-107.59799,40.107425],[-107.600496,40.107868],[-107.602655,40.107261],[-107.60332,40.106625],[-107.603663,40.10659],[-107.604018,40.106848],[-107.603873,40.108054],[-107.604418,40.108307],[-107.60775,40.107322],[-107.609064,40.107644],[-107.610165,40.107385],[-107.611178,40.107488],[-107.61251,40.107138],[-107.614455,40.107396],[-107.615068,40.108026],[-107.61581,40.108374],[-107.618017,40.108887],[-107.622974,40.109442],[-107.624173,40.109284],[-107.625622,40.109769],[-107.625976,40.110234],[-107.626978,40.11077],[-107.627226,40.111368],[-107.627283,40.113582],[-107.628147,40.114166],[-107.629237,40.115542],[-107.635122,40.116161],[-107.635876,40.116792],[-107.637644,40.117567],[-107.639564,40.117893],[-107.641272,40.119272],[-107.64313,40.119469],[-107.646662,40.120874],[-107.649009,40.122068],[-107.649239,40.122946],[-107.6502,40.124144],[-107.650544,40.124992],[-107.652116,40.125452],[-107.654635,40.125632],[-107.657751,40.127173],[-107.659594,40.127271],[-107.661736,40.128392],[-107.66351,40.12873],[-107.664395,40.129502],[-107.666297,40.130454],[-107.666656,40.131022],[-107.668451,40.131877],[-107.669104,40.132677],[-107.669999,40.133035],[-107.670603,40.133913],[-107.671426,40.133777],[-107.673617,40.134163],[-107.674549,40.134799],[-107.675149,40.134902],[-107.676154,40.134762],[-107.677059,40.134061],[-107.677881,40.133907],[-107.678915,40.134495],[-107.682085,40.134661],[-107.682793,40.13527],[-107.684545,40.135527],[-107.686646,40.136784],[-107.687427,40.136973],[-107.691686,40.137023],[-107.693563,40.137484],[-107.69459,40.138027],[-107.696558,40.139824],[-107.698763,40.140781],[-107.700119,40.140808],[-107.700678,40.141241],[-107.701146,40.142297],[-107.703633,40.142536],[-107.704525,40.143556],[-107.706775,40.144661],[-107.709258,40.143833],[-107.713061,40.14309],[-107.713495,40.142337],[-107.715484,40.140746],[-107.715805,40.141035],[-107.716118,40.142095],[-107.717772,40.1428],[-107.718528,40.1443],[-107.719173,40.144938],[-107.72029,40.14511],[-107.721217,40.144304],[-107.72181,40.144434],[-107.722234,40.144992],[-107.723629,40.145081],[-107.723841,40.145738],[-107.723678,40.146291],[-107.722691,40.147143],[-107.722812,40.147852],[-107.72414,40.148582],[-107.725733,40.148972],[-107.728331,40.148978],[-107.732937,40.148158],[-107.733159,40.148297],[-107.733295,40.149361],[-107.734722,40.14871],[-107.735892,40.147804],[-107.736005,40.146779],[-107.736384,40.146203],[-107.737717,40.146266],[-107.737661,40.147195],[-107.740014,40.148018],[-107.742255,40.146064],[-107.742974,40.144718],[-107.744243,40.143215],[-107.744493,40.14252],[-107.744588,40.14105],[-107.74416,40.13961],[-107.744426,40.137775],[-107.745117,40.136502],[-107.745351,40.133862],[-107.744666,40.132216],[-107.744834,40.128703],[-107.748103,40.125441],[-107.750864,40.12184],[-107.751629,40.120115],[-107.751563,40.118477],[-107.751758,40.11795],[-107.753103,40.116792],[-107.753945,40.115443],[-107.757131,40.111665],[-107.757833,40.109915],[-107.758943,40.109082],[-107.760431,40.108452],[-107.760085,40.109816],[-107.760589,40.112344],[-107.761739,40.113263],[-107.762969,40.116143],[-107.762742,40.118188],[-107.761604,40.119855],[-107.762273,40.121879],[-107.76198,40.123026],[-107.762326,40.124702],[-107.762182,40.127268],[-107.762797,40.127943],[-107.764855,40.129127],[-107.765609,40.130199],[-107.765949,40.130952],[-107.765846,40.132973],[-107.767029,40.13394],[-107.767442,40.135736],[-107.76904,40.137026],[-107.77147,40.137464],[-107.772699,40.137267],[-107.773517,40.138387],[-107.774333,40.138679],[-107.776584,40.138503],[-107.776985,40.137737],[-107.779812,40.13729],[-107.780836,40.137383],[-107.781918,40.138141],[-107.782421,40.137584],[-107.783462,40.138077],[-107.785072,40.138137],[-107.785669,40.138357],[-107.786387,40.13929],[-107.786517,40.140187],[-107.787214,40.14136],[-107.788489,40.141541],[-107.792214,40.143374],[-107.795012,40.145252],[-107.797427,40.146072],[-107.802714,40.1468],[-107.806198,40.146549],[-107.810062,40.145743],[-107.811037,40.146147],[-107.811653,40.147578],[-107.81197,40.147832],[-107.811781,40.148471],[-107.812023,40.15033],[-107.813082,40.151912],[-107.816646,40.155343],[-107.8217,40.158733],[-107.824458,40.160963],[-107.83132,40.170023],[-107.834492,40.178287],[-107.834282,40.179859],[-107.831486,40.184332],[-107.826888,40.19461],[-107.826321,40.199578],[-107.826201,40.205355],[-107.825726,40.206537],[-107.823483,40.209727],[-107.816203,40.215367],[-107.815462,40.216151],[-107.813885,40.218892],[-107.810356,40.222],[-107.80686,40.224575],[-107.796995,40.230575],[-107.795953,40.232127],[-107.794995,40.234924],[-107.792677,40.238232],[-107.788516,40.240773],[-107.786425,40.24235],[-107.785683,40.24313],[-107.784866,40.244762],[-107.784753,40.24739],[-107.78781,40.254356],[-107.788321,40.260262],[-107.789089,40.264143],[-107.790823,40.268673],[-107.791182,40.2707],[-107.790296,40.279121],[-107.792256,40.287326],[-107.791903,40.289423],[-107.79078,40.29142],[-107.785411,40.296318],[-107.772608,40.307317],[-107.770427,40.310801],[-107.769163,40.312354],[-107.765685,40.315274],[-107.759864,40.319057],[-107.758554,40.320867],[-107.757132,40.324328],[-107.756205,40.325589],[-107.746758,40.331908],[-107.7453,40.3326],[-107.723275,40.335039],[-107.690424,40.334503],[-107.668765,40.338293],[-107.66683,40.33831],[-107.660818,40.337453],[-107.651142,40.337734],[-107.643664,40.337572],[-107.642016,40.337799],[-107.64032,40.33841],[-107.634237,40.341386],[-107.631089,40.344426],[-107.624765,40.351217],[-107.624186,40.351992],[-107.622544,40.355767],[-107.619148,40.359136],[-107.617001,40.363765],[-107.613867,40.367183],[-107.613303,40.368339],[-107.612963,40.369577],[-107.612994,40.370378],[-107.613354,40.37109],[-107.615621,40.372901],[-107.613364,40.37286],[-107.611503,40.372199],[-107.608825,40.371634],[-107.607386,40.37063],[-107.605087,40.369872],[-107.604533,40.369294],[-107.603182,40.366811],[-107.600464,40.365211],[-107.59819,40.365113],[-107.592126,40.365655],[-107.587111,40.364587],[-107.582804,40.365607],[-107.579169,40.365278],[-107.578311,40.365558],[-107.577615,40.366312],[-107.577617,40.367641],[-107.576903,40.36917],[-107.574246,40.372963],[-107.573217,40.373837],[-107.571718,40.373794],[-107.567398,40.371972],[-107.56662,40.37184]]]},"properties":{"kind":"hunt-boundary","huntCode":"BE012O1R","gmu":12}},{"type":"Feature","geometry":{"type":"Polygon","coordinates":[[[-107.300078,40.309549],[-107.299655,40.308765],[-107.298259,40.307428],[-107.295809,40.306332],[-107.293525,40.30586],[-107.291392,40.304127],[-107.291273,40.303468],[-107.290624,40.30285],[-107.288979,40.302698],[-107.285596,40.301103],[-107.283275,40.299523],[-107.281521,40.299003],[-107.27257,40.298256],[-107.272085,40.296752],[-107.270954,40.296108],[-107.267533,40.296252],[-107.265518,40.296584],[-107.262938,40.297337],[-107.261372,40.298142],[-107.25855,40.298864],[-107.254153,40.298653],[-107.25211,40.299616],[-107.249738,40.299369],[-107.248856,40.298981],[-107.247339,40.299785],[-107.234952,40.300174],[-107.234171,40.299892],[-107.231936,40.297976],[-107.229974,40.296982],[-107.227523,40.297286],[-107.226382,40.29779],[-107.22282,40.298043],[-107.220435,40.297422],[-107.21681,40.297195],[-107.214645,40.297385],[-107.213869,40.297251],[-107.212637,40.296464],[-107.210982,40.296031],[-107.2092,40.296106],[-107.207986,40.295868],[-107.206907,40.295335],[-107.205506,40.295289],[-107.20487,40.295004],[-107.203768,40.293768],[-107.202206,40.293208],[-107.20166,40.292741],[-107.200298,40.292393],[-107.198964,40.291423],[-107.196285,40.290623],[-107.192094,40.290815],[-107.184963,40.289585],[-107.182024,40.289713],[-107.180847,40.289109],[-107.176491,40.288673],[-107.173673,40.288041],[-107.173052,40.288238],[-107.17283,40.288832],[-107.171987,40.289622],[-107.170889,40.289976],[-107.170854,40.290382],[-107.170275,40.290393],[-107.169471,40.289377],[-107.166625,40.289394],[-107.164468,40.286025],[-107.164898,40.283661],[-107.16482,40.28223],[-107.164449,40.281408],[-107.16451,40.280714],[-107.163505,40.280318],[-107.163101,40.279312],[-107.160926,40.277263],[-107.157326,40.274574],[-107.15435,40.2733],[-107.150854,40.269978],[-107.148932,40.269347],[-107.14727,40.269095],[-107.146087,40.268292],[-107.145993,40.267943],[-107.145451,40.267795],[-107.144552,40.26683],[-107.143006,40.266322],[-107.139573,40.26626],[-107.139212,40.266645],[-107.136912,40.2658],[-107.135673,40.265823],[-107.133999,40.265187],[-107.131004,40.263283],[-107.129073,40.262368],[-107.125715,40.259421],[-107.122446,40.254004],[-107.121478,40.253301],[-107.12063,40.253074],[-107.119068,40.253503],[-107.117414,40.253241],[-107.116207,40.2527],[-107.115346,40.250941],[-107.113987,40.251155],[-107.113177,40.251008],[-107.112113,40.249446],[-107.111952,40.248751],[-107.112175,40.248049],[-107.112083,40.247325],[-107.11048,40.246471],[-107.109979,40.24385],[-107.106937,40.242861],[-107.104522,40.242878],[-107.103315,40.242364],[-107.100961,40.242082],[-107.099263,40.241523],[-107.097298,40.241369],[-107.095483,40.240411],[-107.095575,40.238883],[-107.093562,40.239428],[-107.092343,40.238509],[-107.092648,40.238183],[-107.092603,40.23786],[-107.090434,40.237899],[-107.089692,40.237701],[-107.089433,40.237246],[-107.090063,40.236082],[-107.090225,40.233399],[-107.088424,40.232891],[-107.087663,40.232022],[-107.087507,40.231515],[-107.087749,40.230277],[-107.088693,40.227949],[-107.088555,40.225754],[-107.087953,40.224395],[-107.086752,40.224016],[-107.084399,40.223761],[-107.082279,40.223128],[-107.081349,40.222474],[-107.080186,40.221049],[-107.079297,40.22061],[-107.075765,40.21957],[-107.072852,40.219302],[-107.070898,40.219499],[-107.066661,40.21944],[-107.06566,40.219886],[-107.064295,40.221036],[-107.062198,40.223434],[-107.06058,40.224323],[-107.057877,40.225231],[-107.055491,40.225058],[-107.053993,40.225273],[-107.049442,40.225273],[-107.043718,40.224649],[-107.039698,40.224828],[-107.034642,40.224327],[-107.032829,40.22221],[-107.031322,40.220976],[-107.031731,40.219442],[-107.032677,40.218272],[-107.032712,40.215961],[-107.032969,40.215181],[-107.032753,40.210303],[-107.032953,40.209961],[-107.031997,40.209577],[-107.02764,40.206649],[-107.02238,40.205102],[-107.015873,40.203981],[-107.014657,40.204272],[-107.013246,40.205072],[-107.012687,40.205109],[-107.010892,40.204739],[-107.009917,40.203711],[-107.007441,40.202839],[-107.006717,40.202023],[-107.005081,40.20229],[-107.003434,40.203391],[-107.002877,40.203509],[-107.002167,40.203174],[-107.001346,40.201418],[-107.00074,40.20105],[-106.999518,40.201125],[-106.998936,40.201568],[-106.998275,40.20171],[-106.997237,40.200899],[-106.994251,40.200518],[-106.993487,40.200693],[-106.992425,40.201491],[-106.98978,40.201964],[-106.987093,40.20102],[-106.98002,40.199636],[-106.976337,40.198118],[-106.971339,40.198312],[-106.971113,40.198987],[-106.969423,40.201024],[-106.968335,40.203327],[-106.966855,40.204181],[-106.964404,40.206555],[-106.962756,40.20766],[-106.960881,40.209408],[-106.958014,40.210691],[-106.955042,40.213209],[-106.950227,40.21616],[-106.946942,40.216323],[-106.946807,40.218956],[-106.946272,40.219825],[-106.944913,40.220033],[-106.944506,40.220494],[-106.944485,40.221373],[-106.944042,40.222547],[-106.94387,40.224879],[-106.943116,40.225734],[-106.942887,40.226611],[-106.942155,40.227151],[-106.942116,40.227786],[-106.939029,40.225433],[-106.937907,40.224105],[-106.920313,40.196827],[-106.917451,40.192289],[-106.916737,40.190716],[-106.908377,40.157468],[-106.90783,40.156333],[-106.906066,40.154105],[-106.903776,40.15185],[-106.904029,40.150553],[-106.903854,40.149867],[-106.904914,40.148949],[-106.904927,40.147237],[-106.905313,40.146609],[-106.90495,40.145831],[-106.904992,40.145096],[-106.904458,40.144844],[-106.904801,40.142721],[-106.904357,40.142345],[-106.904326,40.141256],[-106.904507,40.141059],[-106.90437,40.140611],[-106.904755,40.13996],[-106.904178,40.139281],[-106.904369,40.138327],[-106.90495,40.138079],[-106.904681,40.137327],[-106.905014,40.137033],[-106.904336,40.136044],[-106.905248,40.135439],[-106.905211,40.135223],[-106.90628,40.134661],[-106.906474,40.133847],[-106.907145,40.13348],[-106.907376,40.132881],[-106.906873,40.132628],[-106.907762,40.13228],[-106.908259,40.132344],[-106.908821,40.131385],[-106.909682,40.131132],[-106.910322,40.130765],[-106.910468,40.13043],[-106.911902,40.129667],[-106.914421,40.128914],[-106.915419,40.129159],[-106.916523,40.128758],[-106.916808,40.128969],[-106.917506,40.128457],[-106.91758,40.12779],[-106.919871,40.126635],[-106.920799,40.126597],[-106.92137,40.125993],[-106.924062,40.125876],[-106.925391,40.124687],[-106.929295,40.123627],[-106.929991,40.123065],[-106.930337,40.122132],[-106.931518,40.121189],[-106.932349,40.121031],[-106.933131,40.120184],[-106.934589,40.119187],[-106.935389,40.119007],[-106.935797,40.118117],[-106.93846,40.115888],[-106.938794,40.114572],[-106.940004,40.113556],[-106.940329,40.111934],[-106.942376,40.109854],[-106.944084,40.10892],[-106.944579,40.108912],[-106.945426,40.108208],[-106.950523,40.106695],[-106.950966,40.105953],[-106.953048,40.105107],[-106.955356,40.10355],[-106.956284,40.102413],[-106.957483,40.102132],[-106.958206,40.101408],[-106.958556,40.100663],[-106.961016,40.097914],[-106.961928,40.097327],[-106.963662,40.09518],[-106.968155,40.092086],[-106.968261,40.091463],[-106.970436,40.090691],[-106.971678,40.089742],[-106.973844,40.088633],[-106.975411,40.088206],[-106.976066,40.087312],[-106.976703,40.086873],[-106.979388,40.085521],[-106.980569,40.083528],[-106.982366,40.08252],[-106.983567,40.08231],[-106.983987,40.081852],[-106.984723,40.081601],[-106.985017,40.081073],[-106.98691,40.080163],[-106.987627,40.079267],[-106.988331,40.078994],[-106.988901,40.078367],[-106.989782,40.077829],[-106.990983,40.077593],[-106.992093,40.076411],[-106.992736,40.076162],[-106.995287,40.073406],[-106.996076,40.072892],[-106.9979,40.070676],[-107.002358,40.067577],[-107.00575,40.066095],[-107.006587,40.065103],[-107.00759,40.064468],[-107.008295,40.063195],[-107.01001,40.062571],[-107.010915,40.061794],[-107.011748,40.061685],[-107.012509,40.061266],[-107.01359,40.06118],[-107.015757,40.060187],[-107.018845,40.059967],[-107.020431,40.059182],[-107.021391,40.059211],[-107.023202,40.058728],[-107.024384,40.05892],[-107.025277,40.058787],[-107.027436,40.057488],[-107.029938,40.057327],[-107.031157,40.056711],[-107.032118,40.055717],[-107.034902,40.055717],[-107.035723,40.055225],[-107.037147,40.05525],[-107.038118,40.055638],[-107.039304,40.054951],[-107.040763,40.055092],[-107.041554,40.05465],[-107.041781,40.055002],[-107.042213,40.054971],[-107.042731,40.054674],[-107.042743,40.054034],[-107.043507,40.053732],[-107.044639,40.054334],[-107.045733,40.053693],[-107.046488,40.054108],[-107.048212,40.053794],[-107.048345,40.054102],[-107.047698,40.054208],[-107.047616,40.054565],[-107.049047,40.054824],[-107.049259,40.054653],[-107.0487,40.054596],[-107.048783,40.054261],[-107.050074,40.053977],[-107.050279,40.05359],[-107.052611,40.052954],[-107.052942,40.052615],[-107.053809,40.052649],[-107.055355,40.051577],[-107.056073,40.051798],[-107.056058,40.051303],[-107.05627,40.051155],[-107.057357,40.05128],[-107.057439,40.050918],[-107.057846,40.051105],[-107.05793,40.050793],[-107.058242,40.050882],[-107.059033,40.05044],[-107.059353,40.049767],[-107.060522,40.049557],[-107.060969,40.048977],[-107.060918,40.048289],[-107.061763,40.047607],[-107.061838,40.047016],[-107.062857,40.045926],[-107.064759,40.045392],[-107.066522,40.04536],[-107.068847,40.044513],[-107.071681,40.044102],[-107.074342,40.044126],[-107.077993,40.04311],[-107.083409,40.042157],[-107.085887,40.041257],[-107.088776,40.041655],[-107.089976,40.041444],[-107.090436,40.041292],[-107.090422,40.040842],[-107.090874,40.040455],[-107.092223,40.040048],[-107.09252,40.039642],[-107.092834,40.039798],[-107.094744,40.039552],[-107.095132,40.04009],[-107.096855,40.039797],[-107.098439,40.037962],[-107.09909,40.038023],[-107.099343,40.037185],[-107.100475,40.036786],[-107.100886,40.037062],[-107.101877,40.037094],[-107.10417,40.036241],[-107.10523,40.035488],[-107.106514,40.034987],[-107.108,40.033032],[-107.11194,40.031415],[-107.112874,40.030615],[-107.113315,40.029845],[-107.11498,40.029698],[-107.116526,40.02867],[-107.118795,40.028034],[-107.121327,40.027893],[-107.122675,40.02749],[-107.124272,40.026325],[-107.128148,40.022443],[-107.130684,40.020491],[-107.132388,40.019582],[-107.134374,40.018806],[-107.137291,40.018113],[-107.139292,40.01663],[-107.140766,40.016526],[-107.142109,40.015957],[-107.142371,40.015452],[-107.142891,40.015248],[-107.14303,40.01475],[-107.142518,40.01421],[-107.142376,40.013618],[-107.143864,40.012735],[-107.144506,40.011512],[-107.145049,40.011096],[-107.144527,40.010205],[-107.144608,40.009843],[-107.146493,40.008813],[-107.147785,40.008622],[-107.148723,40.007961],[-107.148801,40.006509],[-107.149352,40.006332],[-107.149618,40.005948],[-107.148958,40.005578],[-107.149849,40.005395],[-107.149719,40.005208],[-107.150147,40.00506],[-107.150018,40.004869],[-107.15067,40.003979],[-107.149827,40.003733],[-107.150488,40.003104],[-107.150443,40.002677],[-107.150198,40.002753],[-107.150068,40.002539],[-107.150484,40.001987],[-107.150226,40.001658],[-107.150703,40.001077],[-107.150444,40.000726],[-107.151511,40.000256],[-107.152127,39.999195],[-107.15292,39.998847],[-107.152235,39.99672],[-107.152205,39.99577],[-107.152618,39.994159],[-107.152058,39.992075],[-107.152084,39.990935],[-107.152742,39.990233],[-107.152665,39.989735],[-107.152924,39.989135],[-107.153709,39.988526],[-107.154398,39.986851],[-107.154978,39.986624],[-107.155168,39.985765],[-107.156321,39.985099],[-107.156611,39.984477],[-107.157223,39.984299],[-107.159318,39.98112],[-107.160501,39.980409],[-107.162432,39.979887],[-107.16458,39.977446],[-107.165598,39.975431],[-107.166021,39.973162],[-107.167164,39.972749],[-107.169197,39.972603],[-107.169211,39.973715],[-107.167084,39.975674],[-107.166594,39.976476],[-107.167032,39.977386],[-107.166477,39.979545],[-107.166386,39.981011],[-107.165526,39.982333],[-107.165826,39.983679],[-107.165446,39.984992],[-107.165846,39.985435],[-107.163862,39.987878],[-107.163793,39.988284],[-107.166184,39.989465],[-107.16516,39.99225],[-107.165592,39.992944],[-107.166458,39.992937],[-107.167535,39.993304],[-107.167022,39.994107],[-107.166987,39.995585],[-107.166378,39.996326],[-107.166376,39.99665],[-107.168382,39.997775],[-107.169696,40.000498],[-107.170556,40.001392],[-107.171188,40.003974],[-107.170911,40.004844],[-107.171379,40.005926],[-107.171718,40.007739],[-107.172586,40.008988],[-107.17414,40.009883],[-107.174734,40.012349],[-107.176521,40.014027],[-107.176682,40.014294],[-107.17651,40.015045],[-107.171861,40.020024],[-107.16846,40.022529],[-107.166747,40.024678],[-107.165731,40.025517],[-107.166216,40.026039],[-107.162784,40.028428],[-107.158021,40.030562],[-107.156422,40.031636],[-107.151345,40.035902],[-107.150409,40.03682],[-107.149079,40.038863],[-107.148407,40.039353],[-107.147458,40.039884],[-107.145785,40.040266],[-107.143306,40.041285],[-107.139838,40.043574],[-107.136154,40.045336],[-107.130002,40.050926],[-107.129379,40.052127],[-107.130269,40.056318],[-107.129756,40.059624],[-107.131292,40.061046],[-107.131553,40.06251],[-107.131463,40.063313],[-107.132592,40.066184],[-107.132988,40.068853],[-107.132448,40.073268],[-107.13226,40.078073],[-107.133005,40.079609],[-107.135299,40.082035],[-107.135533,40.082652],[-107.134993,40.083121],[-107.130177,40.084237],[-107.123714,40.08813],[-107.123292,40.088724],[-107.124234,40.089283],[-107.124976,40.090422],[-107.126249,40.091732],[-107.131244,40.094343],[-107.134837,40.097556],[-107.142091,40.107403],[-107.142338,40.108183],[-107.143992,40.110746],[-107.144623,40.112356],[-107.14762,40.115562],[-107.149789,40.118431],[-107.154142,40.122278],[-107.154822,40.124112],[-107.15486,40.125003],[-107.153053,40.127794],[-107.153548,40.129361],[-107.154897,40.130858],[-107.156455,40.133667],[-107.156933,40.136171],[-107.156536,40.137791],[-107.152689,40.140259],[-107.150436,40.141022],[-107.149239,40.141765],[-107.146328,40.143891],[-107.143588,40.146743],[-107.143534,40.147555],[-107.14405,40.150392],[-107.144008,40.152095],[-107.143093,40.154797],[-107.143025,40.155735],[-107.144634,40.159047],[-107.144698,40.159686],[-107.144247,40.161234],[-107.144611,40.162678],[-107.143195,40.165416],[-107.142877,40.166746],[-107.144146,40.169308],[-107.14427,40.172287],[-107.144959,40.175103],[-107.144522,40.176391],[-107.145333,40.178375],[-107.144959,40.179734],[-107.142257,40.182702],[-107.141504,40.183905],[-107.141541,40.185103],[-107.141919,40.185862],[-107.141536,40.186788],[-107.141929,40.187528],[-107.143791,40.189565],[-107.143381,40.190951],[-107.143708,40.191792],[-107.145229,40.193016],[-107.146898,40.193877],[-107.149157,40.196763],[-107.150467,40.197468],[-107.153204,40.200201],[-107.154964,40.201114],[-107.156226,40.201307],[-107.156906,40.200835],[-107.157971,40.200662],[-107.159022,40.201367],[-107.161363,40.201224],[-107.162956,40.201465],[-107.165275,40.202322],[-107.168901,40.20275],[-107.171661,40.203621],[-107.173284,40.203884],[-107.177453,40.206575],[-107.179102,40.208526],[-107.180671,40.209825],[-107.181703,40.211788],[-107.182464,40.212607],[-107.184355,40.212954],[-107.186007,40.214071],[-107.186689,40.214284],[-107.190358,40.214169],[-107.1925,40.215007],[-107.195765,40.215148],[-107.197968,40.216029],[-107.200688,40.215662],[-107.203691,40.216776],[-107.204598,40.216646],[-107.205435,40.21618],[-107.20649,40.216115],[-107.210649,40.217522],[-107.213278,40.217066],[-107.215226,40.218245],[-107.216796,40.218643],[-107.219806,40.218135],[-107.220581,40.21848],[-107.221394,40.219996],[-107.222286,40.220316],[-107.224028,40.219675],[-107.226146,40.219769],[-107.227221,40.219388],[-107.227765,40.218972],[-107.228145,40.218019],[-107.227698,40.216924],[-107.226838,40.216693],[-107.226201,40.216953],[-107.225891,40.218265],[-107.225049,40.218574],[-107.224242,40.218139],[-107.223522,40.216779],[-107.22259,40.216144],[-107.219572,40.214581],[-107.217986,40.214589],[-107.216828,40.214219],[-107.216272,40.213396],[-107.216283,40.212811],[-107.216537,40.21249],[-107.218253,40.211061],[-107.218329,40.209799],[-107.217914,40.208793],[-107.216899,40.207371],[-107.214415,40.205077],[-107.214595,40.204285],[-107.215522,40.203884],[-107.217196,40.203875],[-107.218794,40.203326],[-107.222339,40.200353],[-107.225355,40.199191],[-107.225808,40.198687],[-107.225662,40.197812],[-107.222327,40.195511],[-107.221526,40.194148],[-107.223389,40.195675],[-107.227184,40.198039],[-107.227845,40.19886],[-107.228387,40.200169],[-107.233865,40.202671],[-107.235513,40.203162],[-107.237551,40.204478],[-107.238512,40.204739],[-107.239362,40.205763],[-107.240504,40.20602],[-107.241528,40.206834],[-107.2424,40.207132],[-107.244991,40.208699],[-107.254204,40.210326],[-107.255447,40.210892],[-107.256219,40.210913],[-107.257973,40.211851],[-107.259469,40.213214],[-107.26014,40.217025],[-107.260729,40.218369],[-107.260342,40.219003],[-107.260442,40.219275],[-107.26164,40.219847],[-107.262088,40.221054],[-107.265173,40.223809],[-107.270641,40.225909],[-107.271121,40.226701],[-107.271418,40.228816],[-107.272193,40.230292],[-107.272171,40.230991],[-107.273028,40.23219],[-107.275357,40.234022],[-107.275746,40.234812],[-107.277873,40.235986],[-107.278579,40.236774],[-107.279025,40.237878],[-107.279824,40.238731],[-107.279978,40.239251],[-107.281235,40.240199],[-107.281953,40.241333],[-107.282862,40.241383],[-107.284715,40.242513],[-107.285909,40.24294],[-107.286818,40.244345],[-107.287371,40.245933],[-107.286254,40.247797],[-107.286274,40.248391],[-107.28679,40.248899],[-107.287753,40.249231],[-107.288396,40.250782],[-107.28833,40.251513],[-107.288523,40.251856],[-107.289914,40.252733],[-107.290205,40.254637],[-107.290948,40.256501],[-107.291943,40.257733],[-107.291852,40.259073],[-107.291481,40.260193],[-107.291991,40.261854],[-107.293475,40.262797],[-107.29639,40.265798],[-107.297633,40.269007],[-107.298504,40.270588],[-107.301134,40.27318],[-107.301565,40.273865],[-107.30241,40.277343],[-107.301292,40.281847],[-107.301105,40.284391],[-107.301239,40.285641],[-107.300408,40.287914],[-107.300018,40.28848],[-107.299039,40.289054],[-107.298927,40.289754],[-107.299285,40.290963],[-107.298096,40.293387],[-107.297841,40.295234],[-107.297894,40.299472],[-107.298619,40.300782],[-107.298953,40.302581],[-107.300547,40.3054],[-107.301101,40.306975],[-107.301171,40.309041],[-107.300078,40.309549]]]},"properties":{"kind":"hunt-boundary","huntCode":"BE012O1R","gmu":231}},{"type":"Feature","geometry":{"type":"Polygon","coordinates":[[[-107.810343,40.145808],[-107.806198,40.146549],[-107.802714,40.1468],[-107.797427,40.146072],[-107.795012,40.145252],[-107.792214,40.143374],[-107.788489,40.141541],[-107.787214,40.14136],[-107.786517,40.140187],[-107.786387,40.13929],[-107.785669,40.138357],[-107.785072,40.138137],[-107.783462,40.138077],[-107.782421,40.137584],[-107.781918,40.138141],[-107.780836,40.137383],[-107.779812,40.13729],[-107.776985,40.137737],[-107.776584,40.138503],[-107.774923,40.138736],[-107.773741,40.138571],[-107.772699,40.137267],[-107.77147,40.137464],[-107.768788,40.136911],[-107.767345,40.135639],[-107.767029,40.13394],[-107.765846,40.132973],[-107.765949,40.130952],[-107.764984,40.129264],[-107.762797,40.127943],[-107.762182,40.127268],[-107.762326,40.124702],[-107.76198,40.123026],[-107.762273,40.121879],[-107.761604,40.119855],[-107.762742,40.118188],[-107.762969,40.116143],[-107.761739,40.113263],[-107.760589,40.112344],[-107.760085,40.109816],[-107.760431,40.108452],[-107.758943,40.109082],[-107.757833,40.109915],[-107.757131,40.111665],[-107.753945,40.115443],[-107.753103,40.116792],[-107.751758,40.11795],[-107.751563,40.118477],[-107.751629,40.120115],[-107.750864,40.12184],[-107.748103,40.125441],[-107.744834,40.128703],[-107.744666,40.132216],[-107.745308,40.133579],[-107.745302,40.134957],[-107.745117,40.136502],[-107.744298,40.138444],[-107.744175,40.139992],[-107.744588,40.14105],[-107.744493,40.14252],[-107.743981,40.143627],[-107.742974,40.144718],[-107.742255,40.146064],[-107.740409,40.147842],[-107.740014,40.148018],[-107.737851,40.147308],[-107.737625,40.147052],[-107.737717,40.146266],[-107.736628,40.146125],[-107.736005,40.146779],[-107.735892,40.147804],[-107.734722,40.14871],[-107.733295,40.149361],[-107.733159,40.148297],[-107.732937,40.148158],[-107.728331,40.148978],[-107.725733,40.148972],[-107.723637,40.148377],[-107.722812,40.147852],[-107.722669,40.147382],[-107.723015,40.14673],[-107.723678,40.146291],[-107.723841,40.145738],[-107.723629,40.145081],[-107.722234,40.144992],[-107.72181,40.144434],[-107.721217,40.144304],[-107.72029,40.14511],[-107.719173,40.144938],[-107.718528,40.1443],[-107.717772,40.1428],[-107.716118,40.142095],[-107.715805,40.141035],[-107.715484,40.140746],[-107.713495,40.142337],[-107.713061,40.14309],[-107.709258,40.143833],[-107.706775,40.144661],[-107.704525,40.143556],[-107.703633,40.142536],[-107.701146,40.142297],[-107.700678,40.141241],[-107.700119,40.140808],[-107.698763,40.140781],[-107.696558,40.139824],[-107.69459,40.138027],[-107.693563,40.137484],[-107.691686,40.137023],[-107.687427,40.136973],[-107.686646,40.136784],[-107.684545,40.135527],[-107.682793,40.13527],[-107.682085,40.134661],[-107.678915,40.134495],[-107.677881,40.133907],[-107.677059,40.134061],[-107.676154,40.134762],[-107.675149,40.134902],[-107.674549,40.134799],[-107.673617,40.134163],[-107.671426,40.133777],[-107.670603,40.133913],[-107.669999,40.133035],[-107.669104,40.132677],[-107.668451,40.131877],[-107.666656,40.131022],[-107.666297,40.130454],[-107.664395,40.129502],[-107.66351,40.12873],[-107.661736,40.128392],[-107.659594,40.127271],[-107.657751,40.127173],[-107.654635,40.125632],[-107.652116,40.125452],[-107.650544,40.124992],[-107.6502,40.124144],[-107.649239,40.122946],[-107.649009,40.122068],[-107.646662,40.120874],[-107.64313,40.119469],[-107.641272,40.119272],[-107.639564,40.117893],[-107.637644,40.117567],[-107.635876,40.116792],[-107.635122,40.116161],[-107.629237,40.115542],[-107.628147,40.114166],[-107.627283,40.113582],[-107.627226,40.111368],[-107.626978,40.11077],[-107.625976,40.110234],[-107.625622,40.109769],[-107.624173,40.109284],[-107.622974,40.109442],[-107.618017,40.108887],[-107.61581,40.108374],[-107.615068,40.108026],[-107.614455,40.107396],[-107.61251,40.107138],[-107.611178,40.107488],[-107.610165,40.107385],[-107.609064,40.107644],[-107.60775,40.107322],[-107.604418,40.108307],[-107.603873,40.108054],[-107.604018,40.106848],[-107.603663,40.10659],[-107.60332,40.106625],[-107.602655,40.107261],[-107.600496,40.107868],[-107.59799,40.107425],[-107.596971,40.10683],[-107.595785,40.106857],[-107.593356,40.107411],[-107.592984,40.107712],[-107.5929,40.108507],[-107.592602,40.108748],[-107.590916,40.1097],[-107.589553,40.110109],[-107.586846,40.112435],[-107.585218,40.112944],[-107.580814,40.114952],[-107.579298,40.114369],[-107.577188,40.114267],[-107.57483,40.113676],[-107.57411,40.113867],[-107.573808,40.115018],[-107.573251,40.115472],[-107.571159,40.113816],[-107.570446,40.11421],[-107.569678,40.114141],[-107.56919,40.113387],[-107.567569,40.11204],[-107.565327,40.111473],[-107.562154,40.109575],[-107.56205,40.10878],[-107.564465,40.108303],[-107.565111,40.106221],[-107.566584,40.104567],[-107.566714,40.103407],[-107.567525,40.101853],[-107.567246,40.101372],[-107.567197,40.100081],[-107.569722,40.099448],[-107.57115,40.099682],[-107.572601,40.098204],[-107.573703,40.097491],[-107.57341,40.095871],[-107.57243,40.094447],[-107.572307,40.093495],[-107.574147,40.091608],[-107.576754,40.090081],[-107.577113,40.089632],[-107.578321,40.085556],[-107.578527,40.084128],[-107.577919,40.080273],[-107.579489,40.078166],[-107.580861,40.077694],[-107.581721,40.075161],[-107.581707,40.074783],[-107.580442,40.073496],[-107.579073,40.070194],[-107.579016,40.069461],[-107.580097,40.068189],[-107.579858,40.067217],[-107.579516,40.066599],[-107.578013,40.065902],[-107.576164,40.064453],[-107.576267,40.064117],[-107.57725,40.064073],[-107.5777,40.063729],[-107.577627,40.06333],[-107.577055,40.062739],[-107.577455,40.061843],[-107.575205,40.059758],[-107.575003,40.058984],[-107.575376,40.058151],[-107.574323,40.056305],[-107.573033,40.052798],[-107.573411,40.051299],[-107.573849,40.050623],[-107.573836,40.048772],[-107.575179,40.045269],[-107.575727,40.044681],[-107.577257,40.044057],[-107.577844,40.041373],[-107.578687,40.040777],[-107.580332,40.040092],[-107.581857,40.039878],[-107.584992,40.041168],[-107.586466,40.041135],[-107.587331,40.040629],[-107.58755,40.039129],[-107.589416,40.038047],[-107.593454,40.037232],[-107.593912,40.036857],[-107.593386,40.036476],[-107.596241,40.036025],[-107.597321,40.035627],[-107.598486,40.034043],[-107.599732,40.033789],[-107.599917,40.032722],[-107.600684,40.032556],[-107.600833,40.032256],[-107.600469,40.031151],[-107.601178,40.030316],[-107.602099,40.029948],[-107.603709,40.029939],[-107.604271,40.028638],[-107.606224,40.027482],[-107.607126,40.0258],[-107.606938,40.025088],[-107.608224,40.024167],[-107.608671,40.023242],[-107.609457,40.022729],[-107.609943,40.021133],[-107.61264,40.019212],[-107.614198,40.018686],[-107.614876,40.017878],[-107.616475,40.017594],[-107.616914,40.017287],[-107.618447,40.01527],[-107.618833,40.014419],[-107.620622,40.01319],[-107.621174,40.012461],[-107.623155,40.011227],[-107.624301,40.009192],[-107.625985,40.006929],[-107.625658,40.005968],[-107.62569,40.004283],[-107.625251,40.003753],[-107.625116,40.001053],[-107.626606,39.99961],[-107.626887,39.99854],[-107.627835,39.997253],[-107.627516,39.996468],[-107.628038,39.995812],[-107.628537,39.993724],[-107.628447,39.993055],[-107.627968,39.992323],[-107.628293,39.99155],[-107.628825,39.991164],[-107.628732,39.9904],[-107.630267,39.98846],[-107.63074,39.987382],[-107.629225,39.985633],[-107.629453,39.983204],[-107.629628,39.982727],[-107.631357,39.980805],[-107.630795,39.980444],[-107.630661,39.979979],[-107.63461,39.977515],[-107.63534,39.976409],[-107.635236,39.976213],[-107.634922,39.976418],[-107.631637,39.978894],[-107.627837,39.980516],[-107.624571,39.983464],[-107.617969,39.986401],[-107.616368,39.982748],[-107.616262,39.981733],[-107.617283,39.979985],[-107.620856,39.977445],[-107.623662,39.977043],[-107.624228,39.976742],[-107.62448,39.976214],[-107.624353,39.972006],[-107.625525,39.97156],[-107.627512,39.971988],[-107.628458,39.971836],[-107.62882,39.971539],[-107.629525,39.970424],[-107.62912,39.970488],[-107.6289,39.970961],[-107.627894,39.971299],[-107.627179,39.971261],[-107.626757,39.970906],[-107.627731,39.970596],[-107.627633,39.969814],[-107.628295,39.969353],[-107.628475,39.968723],[-107.629385,39.968545],[-107.630403,39.967608],[-107.630568,39.966608],[-107.630942,39.9666],[-107.631035,39.967278],[-107.631418,39.967508],[-107.63218,39.966991],[-107.633228,39.966863],[-107.635458,39.967416],[-107.635821,39.967142],[-107.636104,39.965649],[-107.635973,39.964891],[-107.635078,39.963709],[-107.635056,39.960493],[-107.634412,39.959648],[-107.634716,39.9587],[-107.633944,39.957199],[-107.632431,39.955824],[-107.631874,39.95458],[-107.630461,39.953198],[-107.630605,39.951627],[-107.631194,39.950163],[-107.630906,39.947949],[-107.631116,39.946346],[-107.629864,39.944703],[-107.629528,39.9439],[-107.628039,39.944037],[-107.628752,39.943161],[-107.629722,39.942747],[-107.630742,39.941913],[-107.63105,39.941068],[-107.631247,39.939127],[-107.630934,39.938927],[-107.629389,39.939381],[-107.629042,39.939204],[-107.630233,39.938366],[-107.63014,39.937715],[-107.629762,39.937593],[-107.629151,39.938494],[-107.628784,39.93866],[-107.627837,39.938785],[-107.627175,39.938332],[-107.627518,39.937541],[-107.62824,39.936871],[-107.627622,39.935813],[-107.627462,39.935186],[-107.627611,39.934633],[-107.627191,39.934305],[-107.625964,39.934229],[-107.62541,39.933039],[-107.625455,39.931547],[-107.626803,39.930391],[-107.627192,39.929022],[-107.629213,39.925918],[-107.629243,39.92226],[-107.628435,39.919792],[-107.628355,39.915924],[-107.628401,39.915347],[-107.629537,39.913988],[-107.629586,39.913491],[-107.628411,39.910302],[-107.628963,39.909636],[-107.628596,39.90891],[-107.628523,39.907894],[-107.627644,39.907103],[-107.627267,39.906117],[-107.626227,39.905568],[-107.625873,39.904292],[-107.6253,39.903522],[-107.623717,39.902958],[-107.622774,39.902273],[-107.620602,39.902268],[-107.619477,39.901275],[-107.619877,39.900194],[-107.619752,39.899571],[-107.618834,39.899538],[-107.618479,39.899127],[-107.61942,39.897092],[-107.620142,39.89645],[-107.620145,39.894747],[-107.61864,39.893556],[-107.618377,39.892882],[-107.61935,39.890792],[-107.62021,39.890197],[-107.62056,39.88959],[-107.620239,39.889178],[-107.618442,39.889246],[-107.617822,39.888998],[-107.617279,39.886317],[-107.616046,39.88603],[-107.613659,39.884831],[-107.610459,39.884588],[-107.606815,39.883364],[-107.605115,39.881492],[-107.604729,39.879357],[-107.604076,39.87916],[-107.602218,39.87936],[-107.599406,39.877698],[-107.597878,39.877682],[-107.596266,39.877245],[-107.59469,39.87592],[-107.59456,39.874279],[-107.59373,39.873879],[-107.593221,39.873863],[-107.59374,39.87414],[-107.593786,39.87445],[-107.592929,39.875122],[-107.593012,39.876431],[-107.592893,39.876875],[-107.59227,39.877438],[-107.592265,39.878222],[-107.592067,39.878357],[-107.591461,39.877587],[-107.591397,39.876805],[-107.59111,39.876392],[-107.587643,39.874434],[-107.587528,39.874094],[-107.587968,39.873143],[-107.58795,39.872675],[-107.586948,39.872197],[-107.585114,39.869441],[-107.585128,39.868004],[-107.586352,39.867166],[-107.581333,39.860913],[-107.580266,39.858685],[-107.581112,39.851401],[-107.579779,39.850228],[-107.579558,39.84976],[-107.579126,39.845455],[-107.578216,39.843804],[-107.578545,39.842616],[-107.577909,39.841955],[-107.577845,39.841146],[-107.57633,39.83872],[-107.576269,39.838014],[-107.575752,39.836877],[-107.575999,39.836218],[-107.576017,39.834907],[-107.57717,39.83308],[-107.577059,39.831934],[-107.577459,39.830826],[-107.577147,39.829734],[-107.578557,39.828446],[-107.580199,39.827932],[-107.581497,39.828097],[-107.581909,39.827894],[-107.58223,39.827297],[-107.582461,39.824179],[-107.583018,39.823095],[-107.583664,39.822301],[-107.585855,39.820505],[-107.58604,39.819983],[-107.584299,39.817418],[-107.584246,39.816861],[-107.584975,39.81366],[-107.585801,39.812263],[-107.5865,39.812221],[-107.586842,39.812812],[-107.587993,39.81302],[-107.589485,39.813766],[-107.591136,39.81359],[-107.593895,39.812308],[-107.595303,39.809961],[-107.59665,39.808818],[-107.597025,39.808837],[-107.59863,39.809837],[-107.60162,39.809684],[-107.602681,39.808985],[-107.605006,39.808671],[-107.606405,39.807915],[-107.610265,39.806634],[-107.611001,39.806226],[-107.611836,39.805288],[-107.613942,39.800448],[-107.61439,39.800051],[-107.615278,39.799837],[-107.615916,39.799971],[-107.618352,39.802047],[-107.61984,39.802901],[-107.622485,39.80344],[-107.624124,39.804772],[-107.624448,39.805801],[-107.625839,39.807517],[-107.62645,39.807787],[-107.627838,39.807679],[-107.630661,39.805845],[-107.631975,39.804301],[-107.632411,39.80326],[-107.632499,39.802348],[-107.634088,39.804352],[-107.635174,39.805328],[-107.637243,39.806339],[-107.639002,39.808497],[-107.639085,39.80922],[-107.637997,39.811997],[-107.638266,39.812469],[-107.639908,39.813413],[-107.640379,39.814209],[-107.641839,39.812572],[-107.646174,39.810095],[-107.648388,39.808098],[-107.649084,39.807344],[-107.650272,39.803623],[-107.650685,39.803317],[-107.652108,39.80355],[-107.652548,39.803972],[-107.652624,39.804907],[-107.651979,39.806931],[-107.652318,39.808085],[-107.652722,39.808571],[-107.654237,39.809073],[-107.655245,39.81023],[-107.658527,39.810637],[-107.660061,39.811903],[-107.661377,39.812256],[-107.66486,39.814112],[-107.665324,39.814169],[-107.667319,39.813889],[-107.669741,39.811181],[-107.670463,39.810664],[-107.672481,39.810397],[-107.673524,39.809967],[-107.67624,39.809427],[-107.676872,39.806426],[-107.678205,39.805535],[-107.679906,39.805131],[-107.681977,39.805304],[-107.683022,39.80573],[-107.683725,39.806579],[-107.68462,39.807054],[-107.686114,39.807321],[-107.688151,39.810165],[-107.690256,39.811269],[-107.692995,39.811782],[-107.693187,39.812215],[-107.693063,39.812632],[-107.691333,39.81524],[-107.691638,39.815778],[-107.691478,39.816511],[-107.693788,39.819565],[-107.69373,39.820386],[-107.692839,39.82129],[-107.692854,39.821596],[-107.693259,39.822046],[-107.695656,39.823242],[-107.697273,39.822777],[-107.698041,39.822795],[-107.699116,39.82336],[-107.699384,39.824052],[-107.701616,39.82059],[-107.70031,39.816819],[-107.700439,39.815776],[-107.70098,39.815092],[-107.704522,39.813685],[-107.709758,39.812937],[-107.710228,39.812692],[-107.711801,39.810741],[-107.713963,39.810339],[-107.716056,39.809519],[-107.718233,39.809793],[-107.719193,39.810658],[-107.720566,39.811107],[-107.721258,39.812149],[-107.721735,39.81226],[-107.721982,39.810948],[-107.723144,39.809601],[-107.72869,39.807502],[-107.730585,39.805624],[-107.733204,39.80554],[-107.733987,39.804648],[-107.734458,39.803502],[-107.737526,39.802718],[-107.740927,39.802881],[-107.741411,39.800338],[-107.741893,39.799538],[-107.742083,39.798331],[-107.742038,39.79726],[-107.741118,39.794872],[-107.740712,39.79245],[-107.742844,39.788458],[-107.744235,39.787272],[-107.746305,39.788016],[-107.747034,39.788503],[-107.748111,39.790167],[-107.749408,39.791347],[-107.75063,39.791553],[-107.752059,39.791451],[-107.752545,39.791332],[-107.753483,39.7904],[-107.755571,39.790314],[-107.757325,39.789624],[-107.758711,39.789487],[-107.760647,39.79018],[-107.763069,39.792397],[-107.765567,39.7929],[-107.766378,39.792759],[-107.767395,39.792181],[-107.770269,39.791576],[-107.77295,39.791418],[-107.775042,39.789926],[-107.776492,39.789626],[-107.77773,39.789965],[-107.779195,39.790723],[-107.780625,39.791882],[-107.784146,39.792293],[-107.785404,39.792759],[-107.787183,39.79109],[-107.787979,39.789724],[-107.789181,39.789046],[-107.792473,39.787823],[-107.79815,39.791866],[-107.802556,39.793723],[-107.803494,39.794575],[-107.804601,39.79498],[-107.805301,39.79604],[-107.80789,39.795937],[-107.81018,39.795341],[-107.811126,39.793647],[-107.812804,39.793029],[-107.814453,39.792953],[-107.814727,39.792834],[-107.814845,39.792399],[-107.814923,39.790104],[-107.814291,39.788841],[-107.814125,39.787795],[-107.814562,39.785267],[-107.814586,39.78351],[-107.814023,39.781852],[-107.812556,39.779942],[-107.81306,39.778714],[-107.812889,39.776876],[-107.813152,39.776428],[-107.81783,39.77499],[-107.821826,39.774686],[-107.823811,39.774822],[-107.825722,39.773402],[-107.82632,39.773261],[-107.827024,39.77351],[-107.827937,39.774861],[-107.827997,39.777206],[-107.828543,39.777707],[-107.829231,39.777672],[-107.830607,39.776913],[-107.831293,39.776802],[-107.833071,39.777763],[-107.836003,39.778141],[-107.838088,39.777077],[-107.839357,39.777181],[-107.841683,39.777858],[-107.847514,39.778751],[-107.848034,39.77922],[-107.848259,39.780489],[-107.849795,39.777173],[-107.850275,39.775107],[-107.852713,39.771876],[-107.853642,39.770998],[-107.853288,39.769407],[-107.852564,39.767912],[-107.860416,39.765421],[-107.861753,39.76537],[-107.863151,39.765917],[-107.866528,39.76568],[-107.869191,39.765151],[-107.8716,39.764195],[-107.872355,39.763721],[-107.874862,39.760984],[-107.876981,39.760098],[-107.879614,39.758551],[-107.881397,39.75707],[-107.88203,39.755887],[-107.882259,39.753841],[-107.88278,39.752779],[-107.88503,39.749984],[-107.887061,39.749281],[-107.890024,39.747329],[-107.895936,39.7461],[-107.898884,39.744779],[-107.899375,39.743902],[-107.898999,39.740831],[-107.901418,39.740847],[-107.903495,39.740416],[-107.903745,39.73796],[-107.905762,39.735549],[-107.905008,39.734442],[-107.904953,39.733637],[-107.905455,39.732796],[-107.905343,39.731547],[-107.90598,39.729828],[-107.907779,39.728175],[-107.9095,39.727803],[-107.911659,39.725218],[-107.91336,39.723986],[-107.914259,39.722067],[-107.913886,39.720892],[-107.913913,39.720112],[-107.914377,39.719745],[-107.916464,39.719661],[-107.917559,39.716431],[-107.918181,39.715352],[-107.919038,39.714583],[-107.919566,39.713174],[-107.921692,39.712449],[-107.922656,39.711425],[-107.923213,39.709024],[-107.923836,39.70781],[-107.925275,39.706823],[-107.928831,39.706765],[-107.931145,39.706067],[-107.93329,39.705945],[-107.935883,39.70492],[-107.936538,39.706057],[-107.941329,39.718218],[-107.941702,39.719415],[-107.94236,39.726249],[-107.942752,39.727906],[-107.945529,39.735893],[-107.950318,39.764065],[-107.94967,39.7715],[-107.951029,39.791454],[-107.953462,39.797779],[-107.956067,39.814539],[-107.955389,39.871243],[-107.957192,39.890186],[-107.957585,39.899314],[-107.961881,39.910104],[-107.962119,39.911336],[-107.961864,39.912577],[-107.959607,39.916156],[-107.959591,39.917206],[-107.962388,39.924746],[-107.963005,39.927586],[-107.964467,39.929931],[-107.96623,39.934975],[-107.966438,39.93692],[-107.966073,39.942785],[-107.968016,39.949112],[-107.969307,39.951791],[-107.969416,39.952882],[-107.968884,39.957751],[-107.969494,39.960402],[-107.968174,39.962769],[-107.968079,39.963438],[-107.968394,39.967852],[-107.967191,39.9715],[-107.967133,39.973028],[-107.965759,39.975585],[-107.965506,39.976875],[-107.965609,39.977823],[-107.967461,39.980586],[-107.96732,39.983062],[-107.966408,39.984847],[-107.965994,39.986713],[-107.966403,39.990463],[-107.966634,39.991502],[-107.969738,39.998872],[-107.970451,40.00247],[-107.969437,40.006207],[-107.967834,40.016337],[-107.96703,40.017785],[-107.965054,40.019345],[-107.958759,40.021816],[-107.956965,40.022222],[-107.950256,40.022848],[-107.94337,40.024328],[-107.941666,40.024929],[-107.940789,40.025576],[-107.939438,40.02737],[-107.93657,40.030166],[-107.932701,40.033228],[-107.930933,40.033979],[-107.92491,40.034213],[-107.905868,40.037617],[-107.886682,40.03778],[-107.88432,40.038483],[-107.882177,40.039788],[-107.880637,40.04167],[-107.873355,40.052756],[-107.854223,40.08246],[-107.853838,40.083825],[-107.854372,40.086987],[-107.854465,40.08957],[-107.853884,40.094759],[-107.84981,40.104889],[-107.848532,40.109961],[-107.847471,40.12072],[-107.846701,40.123824],[-107.845267,40.128016],[-107.843892,40.13082],[-107.835817,40.13717],[-107.832806,40.139063],[-107.828969,40.140598],[-107.823296,40.142066],[-107.820751,40.142493],[-107.814887,40.144838],[-107.81306,40.146026],[-107.81197,40.147832],[-107.811653,40.147578],[-107.811037,40.146147],[-107.810343,40.145808]]]},"properties":{"kind":"hunt-boundary","huntCode":"BE012O1R","gmu":23}},{"type":"Feature","geometry":{"type":"Polygon","coordinates":[[[-106.903776,40.15185],[-106.902624,40.150752],[-106.895731,40.14605],[-106.891515,40.141164],[-106.890442,40.137628],[-106.890386,40.135619],[-106.891543,40.126813],[-106.891504,40.125412],[-106.89117,40.122148],[-106.890458,40.118416],[-106.889489,40.116423],[-106.881551,40.104539],[-106.880117,40.103301],[-106.8751,40.100157],[-106.873357,40.098735],[-106.871781,40.096752],[-106.869237,40.092775],[-106.8616,40.084997],[-106.859923,40.083763],[-106.858814,40.083262],[-106.845872,40.079497],[-106.844395,40.078867],[-106.843219,40.078138],[-106.834379,40.070706],[-106.83123,40.068981],[-106.797865,40.056531],[-106.789307,40.054934],[-106.788324,40.054575],[-106.786534,40.053576],[-106.785342,40.052189],[-106.784828,40.051125],[-106.781245,40.030329],[-106.781201,40.028649],[-106.781964,40.027611],[-106.782745,40.027225],[-106.789801,40.025012],[-106.792565,40.023753],[-106.794112,40.022468],[-106.79782,40.01778],[-106.798375,40.013474],[-106.798285,40.012349],[-106.793726,40.005411],[-106.792797,40.004723],[-106.788675,40.002849],[-106.785655,39.998919],[-106.785266,39.997992],[-106.785246,39.994862],[-106.785044,39.994117],[-106.783317,39.990824],[-106.78131,39.988422],[-106.781209,39.986883],[-106.780495,39.985115],[-106.779737,39.984005],[-106.776278,39.981864],[-106.773947,39.978675],[-106.769477,39.974955],[-106.767812,39.973998],[-106.767166,39.972513],[-106.765406,39.970251],[-106.76238,39.968333],[-106.762125,39.967869],[-106.762443,39.966039],[-106.762355,39.965014],[-106.760871,39.961622],[-106.759367,39.959825],[-106.75378,39.955139],[-106.753267,39.954075],[-106.753311,39.953417],[-106.755257,39.951144],[-106.755769,39.94978],[-106.755626,39.94894],[-106.754659,39.946761],[-106.754101,39.941531],[-106.753083,39.939726],[-106.752083,39.93862],[-106.741004,39.927989],[-106.739273,39.924366],[-106.737109,39.922809],[-106.736235,39.92184],[-106.734941,39.918683],[-106.732286,39.916944],[-106.732028,39.916339],[-106.731784,39.913866],[-106.73103,39.91285],[-106.730502,39.911177],[-106.728919,39.911012],[-106.72809,39.911817],[-106.72711,39.91389],[-106.726578,39.914461],[-106.725487,39.914523],[-106.724676,39.913647],[-106.722768,39.910171],[-106.721896,39.909292],[-106.717738,39.908092],[-106.716199,39.907228],[-106.715821,39.90667],[-106.715343,39.904529],[-106.715026,39.90402],[-106.712853,39.902043],[-106.710726,39.899502],[-106.710309,39.89736],[-106.709806,39.896664],[-106.709255,39.896483],[-106.706225,39.896672],[-106.704761,39.896365],[-106.703041,39.895503],[-106.702172,39.894718],[-106.70167,39.894072],[-106.701407,39.893234],[-106.701444,39.889823],[-106.701234,39.888705],[-106.699467,39.885969],[-106.696837,39.88512],[-106.691455,39.878469],[-106.687917,39.877678],[-106.686623,39.876855],[-106.686347,39.875503],[-106.686871,39.87463],[-106.687117,39.872293],[-106.686997,39.869863],[-106.686242,39.868752],[-106.685688,39.868427],[-106.682583,39.867958],[-106.680867,39.86728],[-106.680187,39.866732],[-106.679179,39.865206],[-106.678007,39.861903],[-106.677382,39.861164],[-106.672206,39.860351],[-106.670856,39.859713],[-106.6686,39.859232],[-106.667307,39.858408],[-106.663944,39.85729],[-106.658909,39.857267],[-106.657931,39.856952],[-106.656453,39.856041],[-106.653,39.85623],[-106.651332,39.85747],[-106.649995,39.857187],[-106.650459,39.856712],[-106.651593,39.855917],[-106.652978,39.855383],[-106.658962,39.854329],[-106.661312,39.854697],[-106.665992,39.85463],[-106.669388,39.856347],[-106.67192,39.857035],[-106.672875,39.857535],[-106.674905,39.857668],[-106.676392,39.858453],[-106.677655,39.858651],[-106.678468,39.859044],[-106.678823,39.859278],[-106.678987,39.860276],[-106.68031,39.862946],[-106.680886,39.865068],[-106.681354,39.865625],[-106.683347,39.867105],[-106.688046,39.867766],[-106.688966,39.868212],[-106.689397,39.868692],[-106.689916,39.869897],[-106.689986,39.871346],[-106.690501,39.872393],[-106.690523,39.87328],[-106.690098,39.874498],[-106.690575,39.875432],[-106.691262,39.876337],[-106.691973,39.87684],[-106.693833,39.877137],[-106.696971,39.881073],[-106.69705,39.88145],[-106.696623,39.882587],[-106.696991,39.883312],[-106.7028,39.88783],[-106.704312,39.88961],[-106.704498,39.890067],[-106.704377,39.890821],[-106.702619,39.893243],[-106.702645,39.894265],[-106.703187,39.894987],[-106.704604,39.895718],[-106.705622,39.89592],[-106.707855,39.895725],[-106.710578,39.894175],[-106.711011,39.893309],[-106.712105,39.892297],[-106.713001,39.890401],[-106.713904,39.890144],[-106.71458,39.890616],[-106.715233,39.89158],[-106.715214,39.893625],[-106.715581,39.895746],[-106.715071,39.897717],[-106.713358,39.899116],[-106.713093,39.899688],[-106.71368,39.90081],[-106.714999,39.90184],[-106.717312,39.903423],[-106.7183,39.903782],[-106.726042,39.901595],[-106.729263,39.90179],[-106.732188,39.902688],[-106.733952,39.901964],[-106.735597,39.901993],[-106.736844,39.902943],[-106.737371,39.904417],[-106.737086,39.905579],[-106.736244,39.906884],[-106.736253,39.907231],[-106.737151,39.908164],[-106.739512,39.90888],[-106.741355,39.908474],[-106.742767,39.907647],[-106.743755,39.906609],[-106.746537,39.906],[-106.747738,39.905121],[-106.749367,39.904529],[-106.752429,39.903947],[-106.754247,39.903947],[-106.757847,39.905293],[-106.758996,39.906433],[-106.759381,39.906454],[-106.761081,39.905942],[-106.762511,39.904438],[-106.763236,39.904107],[-106.764904,39.903677],[-106.766335,39.903601],[-106.768737,39.904533],[-106.771653,39.90643],[-106.772367,39.907009],[-106.772751,39.90835],[-106.773681,39.909142],[-106.774572,39.909804],[-106.777228,39.911083],[-106.779131,39.913018],[-106.780555,39.913992],[-106.781262,39.914278],[-106.783109,39.914033],[-106.784492,39.913422],[-106.785137,39.912655],[-106.785066,39.91131],[-106.783854,39.909067],[-106.783903,39.90826],[-106.785737,39.90616],[-106.786118,39.904672],[-106.787022,39.903122],[-106.788122,39.902406],[-106.791104,39.901442],[-106.795729,39.899163],[-106.796896,39.898311],[-106.797468,39.897469],[-106.799228,39.896604],[-106.800583,39.89629],[-106.80317,39.896277],[-106.80708,39.897401],[-106.808361,39.898241],[-106.80892,39.898232],[-106.8094,39.897874],[-106.809793,39.895525],[-106.810788,39.894811],[-106.812563,39.894513],[-106.817002,39.894471],[-106.819395,39.893758],[-106.822076,39.892022],[-106.82459,39.891928],[-106.830336,39.891081],[-106.832333,39.891239],[-106.835466,39.890761],[-106.836868,39.890874],[-106.837681,39.891208],[-106.838467,39.891871],[-106.839415,39.893311],[-106.842051,39.895179],[-106.845196,39.896395],[-106.847398,39.89636],[-106.849023,39.895712],[-106.85133,39.894383],[-106.853304,39.893707],[-106.853713,39.893322],[-106.853751,39.892137],[-106.854913,39.88983],[-106.855822,39.888577],[-106.856997,39.885463],[-106.856829,39.879218],[-106.857316,39.877863],[-106.857965,39.877312],[-106.858833,39.877087],[-106.860165,39.87725],[-106.860665,39.87762],[-106.861411,39.879361],[-106.862804,39.880496],[-106.867188,39.882308],[-106.868945,39.882659],[-106.874617,39.882999],[-106.878076,39.882943],[-106.880253,39.882043],[-106.881072,39.881305],[-106.880971,39.880176],[-106.880492,39.879269],[-106.878895,39.878403],[-106.878558,39.877575],[-106.878949,39.876546],[-106.880314,39.875312],[-106.881801,39.874748],[-106.886844,39.873859],[-106.887907,39.873112],[-106.888743,39.872995],[-106.890249,39.873101],[-106.893863,39.87493],[-106.895192,39.874935],[-106.895778,39.874628],[-106.896659,39.873645],[-106.902617,39.870449],[-106.90392,39.86954],[-106.904391,39.868888],[-106.904991,39.869383],[-106.905929,39.869583],[-106.906598,39.870171],[-106.908475,39.870641],[-106.909049,39.871158],[-106.91005,39.87138],[-106.911784,39.872289],[-106.913376,39.872551],[-106.914736,39.873411],[-106.916756,39.873378],[-106.920014,39.874306],[-106.920725,39.874177],[-106.921976,39.87444],[-106.922764,39.87486],[-106.922899,39.875218],[-106.924171,39.876251],[-106.926328,39.876715],[-106.9285,39.877688],[-106.929327,39.878368],[-106.931869,39.878132],[-106.932199,39.877721],[-106.934258,39.877975],[-106.935605,39.879484],[-106.936836,39.880134],[-106.937206,39.881155],[-106.937492,39.881344],[-106.938236,39.881282],[-106.93946,39.881694],[-106.942922,39.882141],[-106.94646,39.88196],[-106.946911,39.882502],[-106.947498,39.882397],[-106.950159,39.883046],[-106.952163,39.884666],[-106.954087,39.884561],[-106.956523,39.884975],[-106.960289,39.885128],[-106.960615,39.885649],[-106.964756,39.88807],[-106.96568,39.888865],[-106.969581,39.890502],[-106.97152,39.891978],[-106.972548,39.892055],[-106.973371,39.89259],[-106.975758,39.893437],[-106.976556,39.894167],[-106.978576,39.895209],[-106.979415,39.896271],[-106.981192,39.897534],[-106.9827,39.898084],[-106.983656,39.898879],[-106.985452,39.899713],[-106.986671,39.899931],[-106.988487,39.899323],[-106.99113,39.899305],[-106.992598,39.898487],[-106.993443,39.898666],[-106.994278,39.898507],[-106.995125,39.898781],[-106.995891,39.899462],[-106.996917,39.899466],[-106.997487,39.899817],[-106.998072,39.89964],[-106.998748,39.900417],[-106.999311,39.900529],[-106.999674,39.900185],[-107.000048,39.900205],[-107.00146,39.900681],[-107.002632,39.901404],[-107.004757,39.9018],[-107.006533,39.90299],[-107.008034,39.903274],[-107.008894,39.903976],[-107.009064,39.904477],[-107.01017,39.90508],[-107.01078,39.905763],[-107.013928,39.907073],[-107.016339,39.907657],[-107.017144,39.907522],[-107.01765,39.907824],[-107.021033,39.907598],[-107.026672,39.907977],[-107.029006,39.909112],[-107.030437,39.909159],[-107.031476,39.909569],[-107.033975,39.909957],[-107.036183,39.911045],[-107.038467,39.911509],[-107.039138,39.912119],[-107.039733,39.913306],[-107.041,39.914072],[-107.042666,39.915741],[-107.043864,39.916297],[-107.045082,39.916469],[-107.046285,39.917186],[-107.049558,39.917439],[-107.049948,39.917987],[-107.053217,39.919172],[-107.054492,39.920226],[-107.055402,39.92153],[-107.056796,39.922365],[-107.057446,39.923286],[-107.058172,39.923656],[-107.059358,39.924833],[-107.059945,39.925733],[-107.060073,39.926906],[-107.061144,39.928369],[-107.063068,39.929272],[-107.064225,39.92949],[-107.067607,39.929213],[-107.068054,39.929588],[-107.069369,39.929898],[-107.071207,39.931018],[-107.072525,39.9314],[-107.076808,39.934197],[-107.078571,39.934859],[-107.079817,39.934932],[-107.080825,39.935346],[-107.0814,39.935863],[-107.083089,39.936166],[-107.08483,39.937166],[-107.086259,39.937091],[-107.087519,39.937622],[-107.089906,39.937336],[-107.090109,39.937886],[-107.091228,39.937866],[-107.091505,39.936735],[-107.092252,39.936766],[-107.092449,39.937101],[-107.093637,39.937295],[-107.094212,39.937785],[-107.094829,39.937607],[-107.0959,39.938043],[-107.097076,39.937855],[-107.098263,39.938],[-107.098878,39.937773],[-107.100376,39.937962],[-107.100866,39.937692],[-107.102541,39.93754],[-107.105359,39.938137],[-107.106537,39.938016],[-107.110941,39.939616],[-107.11417,39.940418],[-107.116411,39.939445],[-107.117817,39.939631],[-107.118449,39.939979],[-107.123997,39.940333],[-107.12435,39.940687],[-107.128063,39.942033],[-107.129118,39.941942],[-107.130939,39.94248],[-107.13164,39.943017],[-107.134984,39.943509],[-107.137795,39.944867],[-107.140512,39.945227],[-107.141526,39.946015],[-107.142442,39.945664],[-107.143333,39.944824],[-107.144891,39.944497],[-107.145635,39.94384],[-107.147216,39.943013],[-107.150591,39.942099],[-107.153407,39.941664],[-107.156279,39.940548],[-107.157063,39.939947],[-107.157967,39.938309],[-107.159764,39.937068],[-107.161243,39.936689],[-107.162887,39.936672],[-107.164058,39.936209],[-107.164489,39.935318],[-107.163952,39.934062],[-107.163976,39.933593],[-107.164444,39.932697],[-107.165393,39.932477],[-107.167384,39.931318],[-107.168335,39.931183],[-107.168671,39.930911],[-107.17055,39.931083],[-107.171176,39.930337],[-107.173445,39.929529],[-107.174825,39.929652],[-107.176873,39.927906],[-107.177978,39.927795],[-107.178076,39.927262],[-107.1803,39.926252],[-107.180729,39.925329],[-107.181829,39.92625],[-107.182513,39.924953],[-107.185049,39.926518],[-107.185132,39.927805],[-107.184824,39.928576],[-107.183284,39.930871],[-107.182239,39.932138],[-107.179483,39.933632],[-107.179373,39.934449],[-107.178665,39.935845],[-107.179463,39.937294],[-107.179269,39.940275],[-107.178788,39.941374],[-107.177208,39.943444],[-107.176409,39.944],[-107.17527,39.944084],[-107.176128,39.945059],[-107.176283,39.94589],[-107.175442,39.947658],[-107.173958,39.948983],[-107.172633,39.949656],[-107.172099,39.950409],[-107.171928,39.951228],[-107.172248,39.952105],[-107.173232,39.953136],[-107.173525,39.953896],[-107.17276,39.955829],[-107.173764,39.962035],[-107.173678,39.964168],[-107.173198,39.9656],[-107.171864,39.967571],[-107.172632,39.968606],[-107.172576,39.969031],[-107.170428,39.970728],[-107.169671,39.971598],[-107.169197,39.972603],[-107.167164,39.972749],[-107.166021,39.973162],[-107.165598,39.975431],[-107.16458,39.977446],[-107.162432,39.979887],[-107.160501,39.980409],[-107.159318,39.98112],[-107.157223,39.984299],[-107.156611,39.984477],[-107.156321,39.985099],[-107.155168,39.985765],[-107.154978,39.986624],[-107.154398,39.986851],[-107.153709,39.988526],[-107.152924,39.989135],[-107.152665,39.989735],[-107.152742,39.990233],[-107.152084,39.990935],[-107.152058,39.992075],[-107.152632,39.994596],[-107.152256,39.995436],[-107.152235,39.99672],[-107.15292,39.998847],[-107.152127,39.999195],[-107.151511,40.000256],[-107.150444,40.000726],[-107.150703,40.001077],[-107.150226,40.001658],[-107.150484,40.001987],[-107.150068,40.002539],[-107.150198,40.002753],[-107.150443,40.002677],[-107.150488,40.003104],[-107.149827,40.003733],[-107.15067,40.003979],[-107.150018,40.004869],[-107.150147,40.00506],[-107.149719,40.005208],[-107.149849,40.005395],[-107.148958,40.005578],[-107.149618,40.005948],[-107.149352,40.006332],[-107.148801,40.006509],[-107.148723,40.007961],[-107.147785,40.008622],[-107.146493,40.008813],[-107.144608,40.009843],[-107.144527,40.010205],[-107.145049,40.011096],[-107.144506,40.011512],[-107.143864,40.012735],[-107.142376,40.013618],[-107.142518,40.01421],[-107.14303,40.01475],[-107.142891,40.015248],[-107.142371,40.015452],[-107.142109,40.015957],[-107.140766,40.016526],[-107.139292,40.01663],[-107.137291,40.018113],[-107.134374,40.018806],[-107.132388,40.019582],[-107.130684,40.020491],[-107.128148,40.022443],[-107.124272,40.026325],[-107.122675,40.02749],[-107.121327,40.027893],[-107.118795,40.028034],[-107.116526,40.02867],[-107.11498,40.029698],[-107.113315,40.029845],[-107.112874,40.030615],[-107.11194,40.031415],[-107.108,40.033032],[-107.106514,40.034987],[-107.10523,40.035488],[-107.10417,40.036241],[-107.101877,40.037094],[-107.100886,40.037062],[-107.100475,40.036786],[-107.099343,40.037185],[-107.09909,40.038023],[-107.098439,40.037962],[-107.096855,40.039797],[-107.095132,40.04009],[-107.094744,40.039552],[-107.092834,40.039798],[-107.09252,40.039642],[-107.092223,40.040048],[-107.090874,40.040455],[-107.090422,40.040842],[-107.090436,40.041292],[-107.089976,40.041444],[-107.088776,40.041655],[-107.085887,40.041257],[-107.083409,40.042157],[-107.077993,40.04311],[-107.074342,40.044126],[-107.071681,40.044102],[-107.068632,40.044561],[-107.066522,40.04536],[-107.063869,40.045624],[-107.062675,40.046024],[-107.062076,40.046678],[-107.061763,40.047607],[-107.060918,40.048289],[-107.060969,40.048977],[-107.060522,40.049557],[-107.059353,40.049767],[-107.059033,40.05044],[-107.058242,40.050882],[-107.05793,40.050793],[-107.057846,40.051105],[-107.057439,40.050918],[-107.057357,40.05128],[-107.05627,40.051155],[-107.056058,40.051303],[-107.056073,40.051798],[-107.055355,40.051577],[-107.053809,40.052649],[-107.052942,40.052615],[-107.052611,40.052954],[-107.050279,40.05359],[-107.050074,40.053977],[-107.048783,40.054261],[-107.0487,40.054596],[-107.049259,40.054653],[-107.049047,40.054824],[-107.047616,40.054565],[-107.047698,40.054208],[-107.048345,40.054102],[-107.048212,40.053794],[-107.046488,40.054108],[-107.045733,40.053693],[-107.044639,40.054334],[-107.043507,40.053732],[-107.042743,40.054034],[-107.042731,40.054674],[-107.042213,40.054971],[-107.041781,40.055002],[-107.041554,40.05465],[-107.040763,40.055092],[-107.039304,40.054951],[-107.038118,40.055638],[-107.037147,40.05525],[-107.035723,40.055225],[-107.034902,40.055717],[-107.032118,40.055717],[-107.031157,40.056711],[-107.029938,40.057327],[-107.027436,40.057488],[-107.024971,40.058864],[-107.023202,40.058728],[-107.021391,40.059211],[-107.020431,40.059182],[-107.018845,40.059967],[-107.015757,40.060187],[-107.01359,40.06118],[-107.011159,40.061672],[-107.01001,40.062571],[-107.008295,40.063195],[-107.00759,40.064468],[-107.006587,40.065103],[-107.00575,40.066095],[-107.002358,40.067577],[-106.997627,40.070893],[-106.996076,40.072892],[-106.995287,40.073406],[-106.992736,40.076162],[-106.992093,40.076411],[-106.990983,40.077593],[-106.989782,40.077829],[-106.988901,40.078367],[-106.988331,40.078994],[-106.987627,40.079267],[-106.98691,40.080163],[-106.985017,40.081073],[-106.984723,40.081601],[-106.983987,40.081852],[-106.983567,40.08231],[-106.982366,40.08252],[-106.980569,40.083528],[-106.979388,40.085521],[-106.976703,40.086873],[-106.976066,40.087312],[-106.975411,40.088206],[-106.973844,40.088633],[-106.971678,40.089742],[-106.970436,40.090691],[-106.968261,40.091463],[-106.968155,40.092086],[-106.963662,40.09518],[-106.961928,40.097327],[-106.961016,40.097914],[-106.958556,40.100663],[-106.958206,40.101408],[-106.957483,40.102132],[-106.956284,40.102413],[-106.955356,40.10355],[-106.953048,40.105107],[-106.950966,40.105953],[-106.950523,40.106695],[-106.945426,40.108208],[-106.944579,40.108912],[-106.944084,40.10892],[-106.942376,40.109854],[-106.940329,40.111934],[-106.940004,40.113556],[-106.938794,40.114572],[-106.93846,40.115888],[-106.935797,40.118117],[-106.935389,40.119007],[-106.934589,40.119187],[-106.933131,40.120184],[-106.932349,40.121031],[-106.931518,40.121189],[-106.930337,40.122132],[-106.929991,40.123065],[-106.929295,40.123627],[-106.925391,40.124687],[-106.924062,40.125876],[-106.92137,40.125993],[-106.920799,40.126597],[-106.919871,40.126635],[-106.91758,40.12779],[-106.917506,40.128457],[-106.916808,40.128969],[-106.916523,40.128758],[-106.915419,40.129159],[-106.914421,40.128914],[-106.911902,40.129667],[-106.910468,40.13043],[-106.910322,40.130765],[-106.909682,40.131132],[-106.908821,40.131385],[-106.908259,40.132344],[-106.907762,40.13228],[-106.906873,40.132628],[-106.907376,40.132881],[-106.907145,40.13348],[-106.906474,40.133847],[-106.90628,40.134661],[-106.905211,40.135223],[-106.905248,40.135439],[-106.904336,40.136044],[-106.905014,40.137033],[-106.904681,40.137327],[-106.90495,40.138079],[-106.904369,40.138327],[-106.904178,40.139281],[-106.904755,40.13996],[-106.90437,40.140611],[-106.904507,40.141059],[-106.904326,40.141256],[-106.904357,40.142345],[-106.904801,40.142721],[-106.904458,40.144844],[-106.904992,40.145096],[-106.90495,40.145831],[-106.905313,40.146609],[-106.904927,40.147237],[-106.904914,40.148949],[-106.903854,40.149867],[-106.904029,40.150553],[-106.903776,40.15185]]]},"properties":{"kind":"hunt-boundary","huntCode":"BE012O1R","gmu":26}},{"type":"Feature","geometry":{"type":"Polygon","coordinates":[[[-107.333528,40.139772],[-107.333033,40.138359],[-107.332315,40.137274],[-107.329853,40.13554],[-107.327926,40.133498],[-107.323909,40.131696],[-107.32117,40.131193],[-107.319141,40.129864],[-107.318221,40.128351],[-107.316273,40.126958],[-107.311084,40.124818],[-107.307302,40.124353],[-107.302704,40.123049],[-107.301868,40.118872],[-107.300597,40.117595],[-107.300973,40.116939],[-107.300837,40.116392],[-107.299458,40.115487],[-107.299231,40.114352],[-107.297777,40.113688],[-107.297206,40.112753],[-107.29634,40.112153],[-107.295016,40.111842],[-107.29373,40.110912],[-107.291918,40.110074],[-107.290559,40.109804],[-107.289135,40.109985],[-107.288116,40.109348],[-107.287136,40.109502],[-107.285253,40.110323],[-107.284271,40.109802],[-107.283327,40.107866],[-107.282022,40.107432],[-107.280894,40.1074],[-107.279453,40.107852],[-107.277119,40.108159],[-107.275978,40.108092],[-107.275871,40.106643],[-107.275583,40.106091],[-107.2734,40.104638],[-107.273122,40.102986],[-107.272038,40.10144],[-107.26914,40.099019],[-107.266914,40.0975],[-107.265339,40.096833],[-107.264526,40.097056],[-107.261453,40.095665],[-107.257723,40.094585],[-107.256747,40.092582],[-107.254691,40.09159],[-107.254023,40.09054],[-107.252111,40.089461],[-107.250378,40.088837],[-107.248338,40.088858],[-107.246635,40.085937],[-107.246719,40.085277],[-107.247621,40.083836],[-107.246915,40.08231],[-107.246091,40.081884],[-107.246664,40.081116],[-107.246411,40.080184],[-107.246691,40.07944],[-107.246729,40.077746],[-107.245703,40.076527],[-107.245421,40.075771],[-107.245735,40.074612],[-107.244999,40.072181],[-107.242814,40.069638],[-107.242561,40.068904],[-107.241763,40.067915],[-107.238562,40.064698],[-107.237147,40.062653],[-107.236039,40.061765],[-107.234965,40.060452],[-107.234339,40.059951],[-107.231695,40.058862],[-107.230406,40.057982],[-107.227939,40.057471],[-107.226355,40.056339],[-107.226191,40.056009],[-107.226555,40.055281],[-107.226466,40.054373],[-107.224765,40.054694],[-107.220862,40.054643],[-107.217167,40.055722],[-107.21483,40.055587],[-107.212597,40.056513],[-107.210696,40.056819],[-107.208116,40.057148],[-107.205917,40.056946],[-107.204986,40.057162],[-107.202638,40.055955],[-107.201457,40.055846],[-107.199768,40.055289],[-107.19755,40.054141],[-107.195791,40.05413],[-107.189809,40.05182],[-107.187346,40.049227],[-107.186741,40.048247],[-107.185547,40.047198],[-107.185388,40.046255],[-107.184692,40.045173],[-107.183828,40.044762],[-107.182468,40.042905],[-107.179797,40.040757],[-107.175659,40.039988],[-107.171087,40.037331],[-107.169704,40.035893],[-107.169546,40.034526],[-107.170669,40.032325],[-107.170326,40.030764],[-107.1704,40.029393],[-107.167007,40.02698],[-107.165688,40.025635],[-107.166747,40.024678],[-107.16846,40.022529],[-107.171861,40.020024],[-107.17463,40.017179],[-107.17629,40.015374],[-107.176682,40.014294],[-107.174846,40.012554],[-107.17414,40.009883],[-107.172586,40.008988],[-107.171718,40.007739],[-107.171379,40.005926],[-107.170911,40.004844],[-107.171206,40.004154],[-107.17068,40.001623],[-107.1696,40.000337],[-107.168382,39.997775],[-107.166376,39.99665],[-107.166378,39.996326],[-107.166987,39.995585],[-107.167022,39.994107],[-107.167535,39.993304],[-107.166458,39.992937],[-107.165592,39.992944],[-107.16516,39.99225],[-107.166184,39.989465],[-107.163925,39.98839],[-107.163784,39.988046],[-107.165846,39.985435],[-107.165446,39.984992],[-107.165826,39.983679],[-107.165526,39.982333],[-107.166386,39.981011],[-107.166477,39.979545],[-107.167032,39.977386],[-107.166675,39.976267],[-107.169211,39.973715],[-107.169167,39.97268],[-107.169671,39.971598],[-107.170428,39.970728],[-107.172498,39.969167],[-107.172632,39.968606],[-107.171864,39.967571],[-107.173198,39.9656],[-107.173678,39.964168],[-107.173764,39.962035],[-107.17276,39.955829],[-107.173525,39.953896],[-107.173232,39.953136],[-107.172248,39.952105],[-107.171928,39.951228],[-107.172099,39.950409],[-107.172633,39.949656],[-107.174769,39.948319],[-107.175442,39.947658],[-107.175913,39.94673],[-107.176283,39.94589],[-107.176128,39.945059],[-107.17527,39.944084],[-107.176409,39.944],[-107.177208,39.943444],[-107.178788,39.941374],[-107.179269,39.940275],[-107.179463,39.937294],[-107.178665,39.935845],[-107.179373,39.934449],[-107.179483,39.933632],[-107.182239,39.932138],[-107.183844,39.929811],[-107.184187,39.929615],[-107.185132,39.927805],[-107.185049,39.926518],[-107.180971,39.923955],[-107.179811,39.922437],[-107.179501,39.921352],[-107.177139,39.920595],[-107.175026,39.920432],[-107.174679,39.919975],[-107.174424,39.917128],[-107.175015,39.916324],[-107.177296,39.910642],[-107.178802,39.908496],[-107.179846,39.907576],[-107.182905,39.905437],[-107.183647,39.905351],[-107.185564,39.90604],[-107.188662,39.905486],[-107.19056,39.90577],[-107.19091,39.905912],[-107.191464,39.906717],[-107.191926,39.906875],[-107.193472,39.904855],[-107.193328,39.904353],[-107.192559,39.903634],[-107.192694,39.903064],[-107.193259,39.902891],[-107.194711,39.903133],[-107.195174,39.902999],[-107.19597,39.902146],[-107.197285,39.901945],[-107.197621,39.901664],[-107.197686,39.90069],[-107.198322,39.90084],[-107.201482,39.90001],[-107.204547,39.901073],[-107.206327,39.901219],[-107.208346,39.899609],[-107.209346,39.899288],[-107.211751,39.899152],[-107.212883,39.899765],[-107.214012,39.901744],[-107.215325,39.902421],[-107.217281,39.902506],[-107.218758,39.903144],[-107.220023,39.904777],[-107.221014,39.904222],[-107.222396,39.902935],[-107.223136,39.902709],[-107.224675,39.901621],[-107.226,39.901217],[-107.22717,39.901866],[-107.228255,39.902849],[-107.229762,39.903275],[-107.23272,39.905056],[-107.234759,39.904629],[-107.23726,39.903131],[-107.238772,39.901584],[-107.238919,39.900509],[-107.240552,39.899666],[-107.240641,39.899327],[-107.24023,39.898362],[-107.242352,39.895749],[-107.243597,39.895274],[-107.245454,39.895599],[-107.246122,39.895347],[-107.246028,39.894709],[-107.245304,39.894147],[-107.245469,39.89327],[-107.246107,39.892915],[-107.248281,39.892535],[-107.249129,39.891865],[-107.250926,39.891267],[-107.252664,39.890094],[-107.253839,39.889643],[-107.255172,39.888374],[-107.257485,39.887338],[-107.25834,39.886668],[-107.258532,39.885674],[-107.25778,39.884251],[-107.258566,39.883038],[-107.258819,39.881686],[-107.258131,39.880038],[-107.256674,39.878422],[-107.25619,39.877553],[-107.261253,39.87749],[-107.264115,39.876263],[-107.267375,39.875528],[-107.268666,39.87444],[-107.269124,39.873643],[-107.269915,39.873155],[-107.271015,39.873286],[-107.271794,39.872681],[-107.272956,39.872446],[-107.273374,39.87242],[-107.274296,39.87292],[-107.277938,39.872677],[-107.279389,39.873383],[-107.281164,39.875001],[-107.28268,39.875116],[-107.285012,39.873538],[-107.28565,39.87262],[-107.286987,39.871549],[-107.286988,39.869801],[-107.286556,39.868837],[-107.286239,39.866618],[-107.287121,39.864393],[-107.287423,39.862977],[-107.287322,39.862448],[-107.286789,39.861918],[-107.284369,39.86088],[-107.284109,39.85898],[-107.281394,39.857466],[-107.279867,39.854433],[-107.277703,39.853273],[-107.277253,39.852872],[-107.27695,39.852004],[-107.277356,39.85141],[-107.278767,39.850477],[-107.281402,39.850114],[-107.282243,39.849341],[-107.282786,39.848385],[-107.286413,39.845827],[-107.296184,39.843363],[-107.297432,39.840915],[-107.298996,39.840429],[-107.300518,39.838895],[-107.30108,39.838744],[-107.301856,39.839346],[-107.304341,39.839792],[-107.303687,39.838016],[-107.304548,39.835031],[-107.304488,39.834307],[-107.303652,39.832044],[-107.303531,39.830587],[-107.303768,39.829348],[-107.30342,39.828617],[-107.302645,39.827893],[-107.300375,39.826898],[-107.294857,39.826431],[-107.292188,39.825713],[-107.287746,39.825058],[-107.286596,39.825454],[-107.2854,39.823834],[-107.283363,39.821788],[-107.282716,39.820022],[-107.282911,39.818842],[-107.285786,39.817006],[-107.286677,39.815543],[-107.290703,39.812955],[-107.291721,39.811083],[-107.291347,39.809793],[-107.29073,39.808905],[-107.29168,39.808034],[-107.290903,39.807072],[-107.288884,39.805536],[-107.28825,39.800985],[-107.286422,39.799242],[-107.284416,39.797975],[-107.280447,39.797486],[-107.278346,39.797991],[-107.273984,39.797788],[-107.272261,39.798264],[-107.271021,39.799243],[-107.269342,39.7991],[-107.269108,39.799294],[-107.264515,39.798897],[-107.262877,39.798452],[-107.262199,39.797947],[-107.262197,39.797163],[-107.262858,39.795803],[-107.263045,39.794795],[-107.264914,39.792741],[-107.266986,39.787525],[-107.267059,39.786122],[-107.266161,39.784744],[-107.266971,39.783651],[-107.268203,39.783271],[-107.269019,39.782679],[-107.269847,39.781622],[-107.27065,39.781305],[-107.272443,39.781211],[-107.273715,39.780835],[-107.279049,39.778491],[-107.2821,39.776413],[-107.283124,39.776294],[-107.284214,39.776682],[-107.28666,39.776508],[-107.288913,39.775995],[-107.290696,39.775149],[-107.291435,39.775108],[-107.293877,39.776221],[-107.294203,39.776598],[-107.29421,39.777062],[-107.29471,39.77743],[-107.29914,39.778946],[-107.302814,39.777806],[-107.305875,39.778339],[-107.306935,39.778165],[-107.309599,39.776653],[-107.310852,39.776308],[-107.31278,39.776396],[-107.31584,39.775258],[-107.317512,39.775157],[-107.318821,39.775401],[-107.322769,39.775502],[-107.324091,39.775787],[-107.328806,39.775323],[-107.330288,39.775883],[-107.333254,39.778576],[-107.336314,39.779302],[-107.33772,39.779959],[-107.339064,39.782287],[-107.340611,39.779058],[-107.341983,39.777161],[-107.343941,39.775955],[-107.346858,39.773045],[-107.347682,39.772731],[-107.349707,39.773077],[-107.350789,39.772974],[-107.354987,39.772204],[-107.35562,39.771709],[-107.355959,39.77073],[-107.356695,39.769733],[-107.357408,39.767245],[-107.358162,39.766825],[-107.358689,39.765791],[-107.359223,39.765357],[-107.360212,39.765116],[-107.360857,39.765229],[-107.361136,39.764989],[-107.360945,39.76407],[-107.361094,39.763076],[-107.362055,39.761962],[-107.362923,39.761381],[-107.362931,39.759728],[-107.362682,39.758814],[-107.363273,39.757581],[-107.364707,39.756079],[-107.366005,39.755287],[-107.36763,39.754641],[-107.372733,39.753839],[-107.376913,39.752231],[-107.377842,39.752491],[-107.378626,39.753132],[-107.38028,39.753351],[-107.383758,39.75255],[-107.384713,39.752003],[-107.386644,39.751427],[-107.387788,39.751368],[-107.390141,39.75181],[-107.394961,39.751157],[-107.398648,39.750004],[-107.401994,39.749376],[-107.403151,39.748731],[-107.403456,39.748256],[-107.403642,39.746599],[-107.40394,39.746115],[-107.404876,39.745488],[-107.406943,39.744904],[-107.407826,39.743147],[-107.408956,39.743043],[-107.410006,39.742426],[-107.410433,39.742512],[-107.41171,39.743738],[-107.412877,39.744078],[-107.41704,39.743149],[-107.419907,39.745261],[-107.420044,39.746177],[-107.420917,39.746951],[-107.422979,39.747845],[-107.425838,39.750002],[-107.425676,39.750082],[-107.426705,39.752074],[-107.42639,39.752846],[-107.42767,39.756648],[-107.427761,39.758686],[-107.427417,39.760441],[-107.428083,39.761896],[-107.428428,39.764285],[-107.428016,39.766068],[-107.428139,39.767696],[-107.427909,39.769156],[-107.42577,39.771782],[-107.425572,39.772804],[-107.423919,39.77532],[-107.423543,39.777058],[-107.423818,39.780579],[-107.423578,39.781305],[-107.421953,39.783699],[-107.420745,39.786251],[-107.419676,39.790323],[-107.417973,39.793727],[-107.41776,39.794606],[-107.418758,39.798828],[-107.418825,39.80279],[-107.420708,39.806963],[-107.424276,39.807302],[-107.426916,39.807288],[-107.429325,39.80826],[-107.433176,39.808697],[-107.43561,39.809259],[-107.439479,39.808988],[-107.442122,39.809234],[-107.444193,39.809902],[-107.446062,39.811034],[-107.447155,39.811353],[-107.448455,39.811227],[-107.452171,39.80945],[-107.454619,39.809078],[-107.455251,39.808669],[-107.4572,39.808479],[-107.458923,39.809005],[-107.461615,39.809133],[-107.46405,39.809635],[-107.464794,39.809975],[-107.465434,39.810944],[-107.466013,39.811274],[-107.468907,39.811829],[-107.469661,39.812322],[-107.470716,39.813547],[-107.471292,39.815206],[-107.473926,39.818668],[-107.475043,39.821103],[-107.47696,39.822787],[-107.479104,39.825313],[-107.482135,39.827082],[-107.482507,39.828416],[-107.483454,39.828986],[-107.484271,39.829968],[-107.48471,39.830864],[-107.484462,39.831829],[-107.484634,39.83251],[-107.485239,39.832884],[-107.485351,39.834639],[-107.486339,39.835748],[-107.486956,39.837095],[-107.487321,39.839294],[-107.489142,39.840228],[-107.493237,39.840194],[-107.495544,39.839415],[-107.498144,39.840427],[-107.499969,39.840806],[-107.503483,39.840172],[-107.503781,39.839562],[-107.503722,39.838455],[-107.504768,39.836622],[-107.505069,39.835151],[-107.504706,39.834263],[-107.504932,39.833735],[-107.511529,39.830669],[-107.513672,39.832019],[-107.515685,39.832904],[-107.517964,39.833462],[-107.523712,39.834071],[-107.528902,39.833801],[-107.532215,39.832918],[-107.534033,39.831806],[-107.534917,39.83157],[-107.537657,39.831898],[-107.540328,39.831637],[-107.542969,39.832182],[-107.54492,39.832054],[-107.54571,39.832226],[-107.54603,39.832376],[-107.546157,39.832864],[-107.545008,39.834579],[-107.545008,39.83493],[-107.547105,39.837024],[-107.551905,39.840706],[-107.553188,39.841083],[-107.556284,39.840839],[-107.55805,39.841017],[-107.560773,39.842141],[-107.5627,39.842022],[-107.564549,39.842211],[-107.566295,39.842812],[-107.569135,39.84224],[-107.570959,39.840767],[-107.57267,39.838445],[-107.573348,39.83548],[-107.575132,39.832679],[-107.575272,39.830992],[-107.574635,39.829263],[-107.57501,39.828214],[-107.575736,39.827914],[-107.580199,39.827932],[-107.578557,39.828446],[-107.577147,39.829734],[-107.577459,39.830826],[-107.577059,39.831934],[-107.57717,39.83308],[-107.576017,39.834907],[-107.575999,39.836218],[-107.575752,39.836877],[-107.576269,39.838014],[-107.57633,39.83872],[-107.577845,39.841146],[-107.577909,39.841955],[-107.578545,39.842616],[-107.578216,39.843804],[-107.579126,39.845455],[-107.579558,39.84976],[-107.579779,39.850228],[-107.581112,39.851401],[-107.58028,39.858162],[-107.580346,39.859026],[-107.581333,39.860913],[-107.586352,39.867166],[-107.585128,39.868004],[-107.585114,39.869441],[-107.586948,39.872197],[-107.58795,39.872675],[-107.587968,39.873143],[-107.587528,39.874094],[-107.587643,39.874434],[-107.59111,39.876392],[-107.591397,39.876805],[-107.591461,39.877587],[-107.592067,39.878357],[-107.592265,39.878222],[-107.59227,39.877438],[-107.592893,39.876875],[-107.593012,39.876431],[-107.592929,39.875122],[-107.593786,39.87445],[-107.59374,39.87414],[-107.593221,39.873863],[-107.59373,39.873879],[-107.59456,39.874279],[-107.59469,39.87592],[-107.596266,39.877245],[-107.597878,39.877682],[-107.599406,39.877698],[-107.602218,39.87936],[-107.604076,39.87916],[-107.604729,39.879357],[-107.605115,39.881492],[-107.606815,39.883364],[-107.610459,39.884588],[-107.613659,39.884831],[-107.616046,39.88603],[-107.617279,39.886317],[-107.617822,39.888998],[-107.618442,39.889246],[-107.620239,39.889178],[-107.62056,39.88959],[-107.62021,39.890197],[-107.61935,39.890792],[-107.618377,39.892882],[-107.61864,39.893556],[-107.620145,39.894747],[-107.620142,39.89645],[-107.61942,39.897092],[-107.618479,39.899127],[-107.618834,39.899538],[-107.619752,39.899571],[-107.619877,39.900194],[-107.619477,39.901275],[-107.620602,39.902268],[-107.622774,39.902273],[-107.623717,39.902958],[-107.6253,39.903522],[-107.625873,39.904292],[-107.626227,39.905568],[-107.627267,39.906117],[-107.627644,39.907103],[-107.628523,39.907894],[-107.628596,39.90891],[-107.628963,39.909636],[-107.628411,39.910302],[-107.628804,39.91168],[-107.629306,39.912372],[-107.629596,39.913752],[-107.628401,39.915347],[-107.628355,39.915924],[-107.628435,39.919792],[-107.629243,39.92226],[-107.629213,39.925918],[-107.627192,39.929022],[-107.626803,39.930391],[-107.625455,39.931547],[-107.62541,39.933039],[-107.625964,39.934229],[-107.627191,39.934305],[-107.627611,39.934633],[-107.627462,39.935186],[-107.627622,39.935813],[-107.62824,39.936871],[-107.627518,39.937541],[-107.627175,39.938332],[-107.627837,39.938785],[-107.628784,39.93866],[-107.629151,39.938494],[-107.629762,39.937593],[-107.63014,39.937715],[-107.630233,39.938366],[-107.629042,39.939204],[-107.629389,39.939381],[-107.630934,39.938927],[-107.631247,39.939127],[-107.63105,39.941068],[-107.630742,39.941913],[-107.629722,39.942747],[-107.628752,39.943161],[-107.628039,39.944037],[-107.629528,39.9439],[-107.629864,39.944703],[-107.631116,39.946346],[-107.630906,39.947949],[-107.631194,39.950163],[-107.630605,39.951627],[-107.630461,39.953198],[-107.631874,39.95458],[-107.632431,39.955824],[-107.633944,39.957199],[-107.634716,39.9587],[-107.634412,39.959648],[-107.635056,39.960493],[-107.635078,39.963709],[-107.635973,39.964891],[-107.636054,39.966119],[-107.635821,39.967142],[-107.635187,39.967445],[-107.633534,39.966856],[-107.63218,39.966991],[-107.631418,39.967508],[-107.631035,39.967278],[-107.630942,39.9666],[-107.630568,39.966608],[-107.630403,39.967608],[-107.629385,39.968545],[-107.628475,39.968723],[-107.628295,39.969353],[-107.627633,39.969814],[-107.627731,39.970596],[-107.626757,39.970906],[-107.627179,39.971261],[-107.627894,39.971299],[-107.6289,39.970961],[-107.62912,39.970488],[-107.629525,39.970424],[-107.62882,39.971539],[-107.628458,39.971836],[-107.627512,39.971988],[-107.625525,39.97156],[-107.624353,39.972006],[-107.62448,39.976214],[-107.624228,39.976742],[-107.623662,39.977043],[-107.620856,39.977445],[-107.617283,39.979985],[-107.616353,39.981442],[-107.616368,39.982748],[-107.617969,39.986401],[-107.624571,39.983464],[-107.627273,39.980898],[-107.628403,39.980156],[-107.631637,39.978894],[-107.635236,39.976213],[-107.63532,39.976657],[-107.63461,39.977515],[-107.630661,39.979979],[-107.630795,39.980444],[-107.631357,39.980805],[-107.629628,39.982727],[-107.629453,39.983204],[-107.629225,39.985633],[-107.63074,39.987382],[-107.630267,39.98846],[-107.628732,39.9904],[-107.628825,39.991164],[-107.628293,39.99155],[-107.627968,39.992323],[-107.628447,39.993055],[-107.628537,39.993724],[-107.628038,39.995812],[-107.627516,39.996468],[-107.627835,39.997253],[-107.626887,39.99854],[-107.626606,39.99961],[-107.625116,40.001053],[-107.625251,40.003753],[-107.62569,40.004283],[-107.625658,40.005968],[-107.625985,40.006929],[-107.624301,40.009192],[-107.623155,40.011227],[-107.621174,40.012461],[-107.620622,40.01319],[-107.618833,40.014419],[-107.618447,40.01527],[-107.616914,40.017287],[-107.616475,40.017594],[-107.614876,40.017878],[-107.614198,40.018686],[-107.61264,40.019212],[-107.609943,40.021133],[-107.609457,40.022729],[-107.608671,40.023242],[-107.608224,40.024167],[-107.606938,40.025088],[-107.607126,40.0258],[-107.606224,40.027482],[-107.604271,40.028638],[-107.603709,40.029939],[-107.602099,40.029948],[-107.601178,40.030316],[-107.600469,40.031151],[-107.600833,40.032256],[-107.600684,40.032556],[-107.599917,40.032722],[-107.599732,40.033789],[-107.598486,40.034043],[-107.597321,40.035627],[-107.596241,40.036025],[-107.593386,40.036476],[-107.593912,40.036857],[-107.593454,40.037232],[-107.589416,40.038047],[-107.58755,40.039129],[-107.587331,40.040629],[-107.586466,40.041135],[-107.584992,40.041168],[-107.582193,40.039915],[-107.580079,40.040174],[-107.577844,40.041373],[-107.577257,40.044057],[-107.575363,40.044932],[-107.573836,40.048772],[-107.573849,40.050623],[-107.573411,40.051299],[-107.573033,40.052798],[-107.574323,40.056305],[-107.575376,40.058151],[-107.575003,40.058984],[-107.575205,40.059758],[-107.577455,40.061843],[-107.577055,40.062739],[-107.577627,40.06333],[-107.5777,40.063729],[-107.57725,40.064073],[-107.576267,40.064117],[-107.576164,40.064453],[-107.578013,40.065902],[-107.579516,40.066599],[-107.579858,40.067217],[-107.580097,40.068189],[-107.579016,40.069461],[-107.579073,40.070194],[-107.580442,40.073496],[-107.581707,40.074783],[-107.581721,40.075161],[-107.580861,40.077694],[-107.579489,40.078166],[-107.577919,40.080273],[-107.578527,40.084128],[-107.578321,40.085556],[-107.577113,40.089632],[-107.576754,40.090081],[-107.574147,40.091608],[-107.572307,40.093495],[-107.57243,40.094447],[-107.57341,40.095871],[-107.573703,40.097491],[-107.572601,40.098204],[-107.57115,40.099682],[-107.569722,40.099448],[-107.567197,40.100081],[-107.567451,40.10221],[-107.566714,40.103407],[-107.566584,40.104567],[-107.565111,40.106221],[-107.564465,40.108303],[-107.562764,40.108521],[-107.560504,40.109422],[-107.559769,40.110659],[-107.55892,40.111241],[-107.558689,40.112232],[-107.556599,40.113967],[-107.554402,40.115349],[-107.55408,40.1155],[-107.553793,40.115326],[-107.553806,40.114425],[-107.553458,40.113897],[-107.551875,40.114144],[-107.551448,40.114009],[-107.551368,40.113114],[-107.551075,40.112796],[-107.549564,40.112469],[-107.547159,40.113279],[-107.546374,40.112323],[-107.545372,40.111841],[-107.544788,40.111246],[-107.544675,40.110744],[-107.545167,40.11012],[-107.545497,40.108911],[-107.544349,40.107031],[-107.542004,40.108195],[-107.540646,40.10945],[-107.539657,40.109327],[-107.538102,40.11033],[-107.537193,40.109809],[-107.536441,40.109753],[-107.535108,40.110431],[-107.534583,40.111416],[-107.534073,40.111571],[-107.53308,40.111304],[-107.532349,40.111789],[-107.531508,40.113136],[-107.528746,40.114421],[-107.528132,40.115547],[-107.526273,40.115948],[-107.525783,40.116644],[-107.52532,40.116798],[-107.524286,40.116676],[-107.523803,40.11629],[-107.522973,40.114115],[-107.521343,40.113106],[-107.520415,40.112085],[-107.518668,40.111691],[-107.516717,40.110869],[-107.515943,40.110201],[-107.514791,40.108177],[-107.513249,40.106989],[-107.511639,40.10652],[-107.510088,40.106373],[-107.509128,40.105746],[-107.508831,40.105324],[-107.509365,40.104556],[-107.508777,40.103848],[-107.506329,40.103505],[-107.50295,40.102033],[-107.500068,40.101357],[-107.497913,40.101331],[-107.496705,40.100317],[-107.495854,40.098822],[-107.495737,40.09818],[-107.494242,40.096987],[-107.493923,40.095954],[-107.493394,40.095569],[-107.492365,40.095591],[-107.4909,40.095226],[-107.49009,40.094847],[-107.489979,40.094381],[-107.489449,40.093964],[-107.487683,40.094322],[-107.486583,40.093702],[-107.48518,40.092471],[-107.485204,40.093119],[-107.484939,40.093557],[-107.48328,40.095606],[-107.48341,40.096576],[-107.482486,40.096952],[-107.481404,40.098092],[-107.480256,40.098729],[-107.479955,40.099452],[-107.478905,40.100195],[-107.478253,40.100317],[-107.477803,40.100795],[-107.466626,40.101038],[-107.467185,40.102476],[-107.465954,40.103403],[-107.465252,40.104711],[-107.464255,40.105633],[-107.463419,40.105831],[-107.463062,40.106307],[-107.462417,40.106605],[-107.459807,40.106948],[-107.457977,40.106879],[-107.456959,40.107225],[-107.455514,40.108697],[-107.454536,40.110155],[-107.454389,40.111275],[-107.451906,40.115174],[-107.451671,40.116471],[-107.450912,40.117496],[-107.449488,40.122202],[-107.442709,40.122597],[-107.43832,40.121681],[-107.436644,40.120676],[-107.435607,40.120481],[-107.435641,40.12012],[-107.43618,40.119497],[-107.436118,40.119065],[-107.433982,40.116953],[-107.433312,40.116571],[-107.432275,40.116381],[-107.430743,40.116769],[-107.428676,40.1166],[-107.427207,40.116127],[-107.425912,40.115289],[-107.423694,40.114831],[-107.422916,40.114023],[-107.422496,40.112735],[-107.418813,40.110582],[-107.418177,40.109839],[-107.417662,40.108521],[-107.416219,40.107438],[-107.416084,40.106288],[-107.417182,40.105545],[-107.416199,40.104236],[-107.416123,40.103779],[-107.412505,40.101836],[-107.410496,40.099779],[-107.407718,40.099869],[-107.406576,40.100374],[-107.404453,40.103188],[-107.404031,40.103341],[-107.403371,40.102972],[-107.400738,40.102554],[-107.399047,40.102778],[-107.398552,40.103032],[-107.39795,40.103927],[-107.396761,40.104474],[-107.39499,40.105835],[-107.393543,40.106063],[-107.390664,40.107203],[-107.38859,40.108764],[-107.387416,40.109991],[-107.386022,40.11038],[-107.384066,40.111474],[-107.383343,40.112291],[-107.382061,40.114542],[-107.379415,40.113372],[-107.379035,40.114244],[-107.379232,40.115528],[-107.377947,40.116366],[-107.37666,40.118149],[-107.375112,40.119514],[-107.374187,40.119235],[-107.373646,40.120219],[-107.372037,40.121531],[-107.37183,40.121986],[-107.371993,40.122604],[-107.371614,40.12318],[-107.370978,40.123805],[-107.370114,40.123922],[-107.370286,40.125162],[-107.369385,40.126261],[-107.369523,40.127844],[-107.368958,40.129161],[-107.366897,40.128276],[-107.365718,40.12812],[-107.364648,40.128403],[-107.363529,40.129642],[-107.362346,40.129824],[-107.361602,40.131258],[-107.360728,40.132145],[-107.360273,40.133203],[-107.35589,40.136779],[-107.354519,40.138906],[-107.354292,40.139802],[-107.352315,40.141356],[-107.350847,40.141674],[-107.350264,40.142118],[-107.346612,40.142751],[-107.34564,40.141789],[-107.344793,40.141391],[-107.342908,40.141538],[-107.340315,40.140896],[-107.337355,40.139812],[-107.333528,40.139772]]]},"properties":{"kind":"hunt-boundary","huntCode":"BE012O1R","gmu":24}},{"type":"Feature","geometry":{"type":"Polygon","coordinates":[[[-107.141526,39.946015],[-107.140512,39.945227],[-107.137795,39.944867],[-107.134984,39.943509],[-107.13164,39.943017],[-107.130939,39.94248],[-107.129118,39.941942],[-107.128063,39.942033],[-107.12435,39.940687],[-107.123997,39.940333],[-107.118449,39.939979],[-107.117817,39.939631],[-107.116411,39.939445],[-107.11417,39.940418],[-107.110941,39.939616],[-107.106537,39.938016],[-107.105359,39.938137],[-107.102541,39.93754],[-107.100866,39.937692],[-107.100376,39.937962],[-107.098878,39.937773],[-107.098263,39.938],[-107.097076,39.937855],[-107.0959,39.938043],[-107.094829,39.937607],[-107.094212,39.937785],[-107.093637,39.937295],[-107.092449,39.937101],[-107.092252,39.936766],[-107.091505,39.936735],[-107.091228,39.937866],[-107.090109,39.937886],[-107.089906,39.937336],[-107.087519,39.937622],[-107.086259,39.937091],[-107.08483,39.937166],[-107.083089,39.936166],[-107.0814,39.935863],[-107.080825,39.935346],[-107.079817,39.934932],[-107.078571,39.934859],[-107.076808,39.934197],[-107.072525,39.9314],[-107.071207,39.931018],[-107.069369,39.929898],[-107.068054,39.929588],[-107.067607,39.929213],[-107.064225,39.92949],[-107.063068,39.929272],[-107.061144,39.928369],[-107.060073,39.926906],[-107.059945,39.925733],[-107.059358,39.924833],[-107.058172,39.923656],[-107.057446,39.923286],[-107.056796,39.922365],[-107.055402,39.92153],[-107.054492,39.920226],[-107.053217,39.919172],[-107.049948,39.917987],[-107.049558,39.917439],[-107.046285,39.917186],[-107.045082,39.916469],[-107.043864,39.916297],[-107.042666,39.915741],[-107.041,39.914072],[-107.039733,39.913306],[-107.039138,39.912119],[-107.038467,39.911509],[-107.036183,39.911045],[-107.033975,39.909957],[-107.031476,39.909569],[-107.030437,39.909159],[-107.029006,39.909112],[-107.026672,39.907977],[-107.021033,39.907598],[-107.01765,39.907824],[-107.017144,39.907522],[-107.016339,39.907657],[-107.013928,39.907073],[-107.01078,39.905763],[-107.01017,39.90508],[-107.009064,39.904477],[-107.008894,39.903976],[-107.008034,39.903274],[-107.006533,39.90299],[-107.004757,39.9018],[-107.002632,39.901404],[-107.00146,39.900681],[-107.000048,39.900205],[-106.999674,39.900185],[-106.999311,39.900529],[-106.998748,39.900417],[-106.998072,39.89964],[-106.997487,39.899817],[-106.996917,39.899466],[-106.995891,39.899462],[-106.995125,39.898781],[-106.994278,39.898507],[-106.993443,39.898666],[-106.992598,39.898487],[-106.99113,39.899305],[-106.988487,39.899323],[-106.986671,39.899931],[-106.985452,39.899713],[-106.983656,39.898879],[-106.9827,39.898084],[-106.981192,39.897534],[-106.979415,39.896271],[-106.978576,39.895209],[-106.976556,39.894167],[-106.975758,39.893437],[-106.973371,39.89259],[-106.972548,39.892055],[-106.97152,39.891978],[-106.969581,39.890502],[-106.96568,39.888865],[-106.964756,39.88807],[-106.960615,39.885649],[-106.960289,39.885128],[-106.956523,39.884975],[-106.954087,39.884561],[-106.952163,39.884666],[-106.950159,39.883046],[-106.947498,39.882397],[-106.946911,39.882502],[-106.94646,39.88196],[-106.942922,39.882141],[-106.93946,39.881694],[-106.938236,39.881282],[-106.937492,39.881344],[-106.937206,39.881155],[-106.936836,39.880134],[-106.935605,39.879484],[-106.934258,39.877975],[-106.932199,39.877721],[-106.931869,39.878132],[-106.929327,39.878368],[-106.9285,39.877688],[-106.926328,39.876715],[-106.924171,39.876251],[-106.922899,39.875218],[-106.922764,39.87486],[-106.921976,39.87444],[-106.920725,39.874177],[-106.920014,39.874306],[-106.916756,39.873378],[-106.914736,39.873411],[-106.913376,39.872551],[-106.911784,39.872289],[-106.91005,39.87138],[-106.909049,39.871158],[-106.908475,39.870641],[-106.906598,39.870171],[-106.905929,39.869583],[-106.904991,39.869383],[-106.904391,39.868888],[-106.906723,39.864782],[-106.908069,39.864143],[-106.909562,39.863821],[-106.912132,39.861999],[-106.913104,39.861767],[-106.914921,39.860525],[-106.918035,39.859397],[-106.923309,39.856805],[-106.928171,39.853279],[-106.928506,39.852737],[-106.928595,39.850956],[-106.929411,39.850136],[-106.935548,39.847232],[-106.93707,39.845432],[-106.93739,39.8444],[-106.938901,39.843487],[-106.940183,39.841875],[-106.943014,39.840697],[-106.944755,39.839245],[-106.94511,39.838212],[-106.945135,39.836626],[-106.946036,39.83389],[-106.946373,39.833447],[-106.947022,39.832954],[-106.94813,39.832611],[-106.952017,39.83174],[-106.954632,39.830322],[-106.9552,39.82942],[-106.955024,39.828157],[-106.955639,39.826426],[-106.955942,39.822354],[-106.957223,39.820692],[-106.959441,39.820114],[-106.961129,39.819307],[-106.961838,39.81843],[-106.961895,39.818001],[-106.961626,39.81714],[-106.957786,39.81225],[-106.956425,39.811039],[-106.956412,39.810607],[-106.957838,39.809155],[-106.959247,39.808352],[-106.962816,39.808638],[-106.967267,39.808],[-106.971025,39.803895],[-106.972351,39.803873],[-106.974119,39.803415],[-106.974453,39.802896],[-106.974219,39.802039],[-106.974418,39.800473],[-106.974291,39.799669],[-106.973614,39.797955],[-106.972348,39.796413],[-106.972336,39.796013],[-106.975772,39.794094],[-106.98006,39.792674],[-106.98061,39.792372],[-106.980876,39.791908],[-106.980543,39.791265],[-106.979326,39.790209],[-106.977729,39.789295],[-106.976498,39.787752],[-106.976203,39.787194],[-106.976304,39.785846],[-106.979471,39.785522],[-106.980917,39.784826],[-106.98301,39.78479],[-106.983413,39.785454],[-106.983565,39.787096],[-106.984291,39.788079],[-106.985183,39.788735],[-106.987313,39.788779],[-106.988724,39.788084],[-106.990006,39.786526],[-106.990999,39.785865],[-106.992178,39.785601],[-106.994501,39.78626],[-106.996478,39.785825],[-106.9976,39.784805],[-106.998367,39.78358],[-107.000467,39.782576],[-107.00157,39.780863],[-107.001878,39.779457],[-107.001842,39.777034],[-107.002904,39.773943],[-107.003538,39.772937],[-107.005784,39.770961],[-107.007424,39.768563],[-107.009661,39.76629],[-107.009879,39.765395],[-107.009192,39.764573],[-107.009174,39.763925],[-107.009608,39.763273],[-107.011391,39.762193],[-107.012504,39.759669],[-107.013459,39.758923],[-107.013752,39.758192],[-107.013538,39.756849],[-107.013173,39.756265],[-107.01336,39.755505],[-107.016707,39.753051],[-107.019122,39.75091],[-107.020223,39.750404],[-107.021992,39.750053],[-107.026233,39.748362],[-107.027228,39.747777],[-107.02763,39.747234],[-107.027677,39.746427],[-107.027371,39.745514],[-107.026582,39.744802],[-107.022326,39.744795],[-107.020674,39.744338],[-107.018751,39.743002],[-107.018146,39.741395],[-107.018902,39.739792],[-107.019892,39.739076],[-107.021065,39.738623],[-107.023849,39.738386],[-107.02536,39.73758],[-107.025833,39.737058],[-107.025985,39.736303],[-107.02583,39.735766],[-107.024866,39.733845],[-107.022704,39.73146],[-107.022249,39.730202],[-107.02251,39.729576],[-107.02366,39.728371],[-107.023867,39.727079],[-107.023708,39.724064],[-107.024619,39.722998],[-107.027563,39.721113],[-107.028185,39.72094],[-107.02962,39.721131],[-107.032758,39.722288],[-107.033523,39.722221],[-107.034521,39.721748],[-107.034833,39.719346],[-107.033763,39.717343],[-107.035879,39.713405],[-107.036428,39.713098],[-107.038324,39.713546],[-107.039452,39.712774],[-107.041003,39.712157],[-107.047066,39.712023],[-107.047265,39.711695],[-107.047238,39.710781],[-107.046773,39.709199],[-107.046694,39.707719],[-107.047217,39.706552],[-107.045618,39.704319],[-107.045884,39.703909],[-107.048295,39.702898],[-107.049948,39.70104],[-107.050848,39.700807],[-107.052879,39.701145],[-107.055989,39.702572],[-107.058765,39.703307],[-107.061606,39.701531],[-107.063167,39.701287],[-107.066434,39.699774],[-107.070454,39.698977],[-107.071925,39.698037],[-107.072124,39.696524],[-107.071562,39.695214],[-107.071381,39.693844],[-107.070979,39.693207],[-107.070955,39.692423],[-107.071582,39.69007],[-107.072143,39.68901],[-107.072079,39.688043],[-107.071717,39.68759],[-107.071851,39.68624],[-107.072936,39.685226],[-107.072676,39.684694],[-107.073137,39.682636],[-107.073072,39.681615],[-107.071846,39.680236],[-107.071401,39.679329],[-107.069445,39.678044],[-107.067929,39.677454],[-107.067643,39.676031],[-107.066,39.673502],[-107.065827,39.672402],[-107.066278,39.66997],[-107.067,39.668502],[-107.06878,39.668799],[-107.070587,39.670096],[-107.073728,39.67108],[-107.074493,39.671679],[-107.076377,39.671398],[-107.076985,39.670905],[-107.078135,39.671078],[-107.079386,39.670439],[-107.080104,39.67116],[-107.081189,39.670794],[-107.085906,39.671979],[-107.087331,39.67303],[-107.087909,39.673191],[-107.088525,39.673815],[-107.089751,39.674005],[-107.090143,39.674615],[-107.091611,39.675413],[-107.092938,39.676488],[-107.09339,39.677421],[-107.095111,39.677508],[-107.096293,39.678716],[-107.098269,39.679856],[-107.099754,39.680365],[-107.100963,39.681636],[-107.101437,39.681664],[-107.103037,39.682711],[-107.105013,39.682986],[-107.106368,39.684151],[-107.108184,39.684911],[-107.113271,39.684336],[-107.114152,39.684644],[-107.115175,39.685495],[-107.117104,39.685883],[-107.120505,39.685551],[-107.122161,39.685922],[-107.123041,39.685406],[-107.123996,39.685699],[-107.128062,39.685931],[-107.129772,39.685652],[-107.1344,39.685526],[-107.135832,39.685923],[-107.136449,39.685741],[-107.137776,39.685982],[-107.13846,39.686339],[-107.139132,39.686344],[-107.140221,39.686937],[-107.141245,39.687035],[-107.142415,39.68782],[-107.144939,39.688102],[-107.146732,39.68811],[-107.148982,39.687586],[-107.150242,39.688063],[-107.152766,39.687534],[-107.154835,39.687572],[-107.156345,39.687314],[-107.157822,39.687535],[-107.160457,39.687373],[-107.161284,39.687569],[-107.163882,39.687021],[-107.166742,39.687679],[-107.168285,39.687668],[-107.171893,39.688353],[-107.173196,39.689423],[-107.175314,39.690231],[-107.178736,39.692937],[-107.180013,39.69476],[-107.180652,39.69527],[-107.181424,39.696832],[-107.181642,39.698233],[-107.182889,39.699845],[-107.182955,39.701957],[-107.183388,39.702259],[-107.183409,39.70293],[-107.184446,39.704203],[-107.184351,39.705165],[-107.184993,39.70654],[-107.184967,39.707306],[-107.185787,39.708813],[-107.186092,39.710578],[-107.186531,39.711087],[-107.186868,39.712293],[-107.187803,39.713487],[-107.188643,39.714052],[-107.189559,39.715436],[-107.190153,39.716889],[-107.191214,39.717369],[-107.191392,39.718248],[-107.193011,39.719817],[-107.19428,39.720545],[-107.196073,39.722894],[-107.197068,39.723609],[-107.197669,39.723692],[-107.19814,39.724431],[-107.200469,39.726369],[-107.202516,39.727254],[-107.203708,39.728713],[-107.205256,39.729571],[-107.206764,39.729984],[-107.209023,39.73127],[-107.212805,39.731869],[-107.213895,39.731677],[-107.214991,39.730886],[-107.217277,39.7299],[-107.218219,39.729747],[-107.220738,39.729834],[-107.223568,39.73028],[-107.224032,39.730731],[-107.225058,39.730887],[-107.229868,39.733236],[-107.231449,39.733552],[-107.233345,39.734403],[-107.234505,39.73561],[-107.238151,39.738117],[-107.239132,39.738409],[-107.240598,39.739822],[-107.244835,39.742127],[-107.245538,39.743055],[-107.247021,39.74422],[-107.247461,39.745482],[-107.247945,39.745797],[-107.249031,39.748528],[-107.249893,39.748975],[-107.250798,39.749994],[-107.251884,39.750437],[-107.252957,39.75124],[-107.253443,39.752366],[-107.254247,39.752584],[-107.254309,39.752966],[-107.255618,39.754094],[-107.256174,39.754335],[-107.25712,39.754317],[-107.260685,39.756612],[-107.265264,39.757888],[-107.267103,39.757721],[-107.268605,39.757151],[-107.271537,39.756882],[-107.273857,39.756931],[-107.275571,39.757497],[-107.278552,39.760208],[-107.280722,39.761742],[-107.284206,39.763079],[-107.285011,39.764063],[-107.28924,39.767538],[-107.292118,39.770887],[-107.292397,39.771787],[-107.292644,39.773205],[-107.292553,39.774189],[-107.292009,39.775367],[-107.291435,39.775108],[-107.290696,39.775149],[-107.288913,39.775995],[-107.28666,39.776508],[-107.284214,39.776682],[-107.283124,39.776294],[-107.2821,39.776413],[-107.279049,39.778491],[-107.273715,39.780835],[-107.272443,39.781211],[-107.27065,39.781305],[-107.269847,39.781622],[-107.269019,39.782679],[-107.268203,39.783271],[-107.266593,39.783933],[-107.266161,39.784744],[-107.267059,39.786122],[-107.266986,39.787525],[-107.264914,39.792741],[-107.263202,39.794499],[-107.262197,39.797163],[-107.262199,39.797947],[-107.262877,39.798452],[-107.265149,39.798979],[-107.271021,39.799243],[-107.272261,39.798264],[-107.273984,39.797788],[-107.278346,39.797991],[-107.280447,39.797486],[-107.284416,39.797975],[-107.286422,39.799242],[-107.28825,39.800985],[-107.288884,39.805536],[-107.290903,39.807072],[-107.29168,39.808034],[-107.29073,39.808905],[-107.291347,39.809793],[-107.291721,39.811083],[-107.290703,39.812955],[-107.286677,39.815543],[-107.285786,39.817006],[-107.282911,39.818842],[-107.282716,39.820022],[-107.283363,39.821788],[-107.2854,39.823834],[-107.286596,39.825454],[-107.287746,39.825058],[-107.292188,39.825713],[-107.294857,39.826431],[-107.300375,39.826898],[-107.302645,39.827893],[-107.30342,39.828617],[-107.303768,39.829348],[-107.303531,39.830587],[-107.303652,39.832044],[-107.304488,39.834307],[-107.304548,39.835031],[-107.303687,39.838016],[-107.304341,39.839792],[-107.301856,39.839346],[-107.30108,39.838744],[-107.300518,39.838895],[-107.298996,39.840429],[-107.297432,39.840915],[-107.296184,39.843363],[-107.286413,39.845827],[-107.282786,39.848385],[-107.282243,39.849341],[-107.281402,39.850114],[-107.278767,39.850477],[-107.277356,39.85141],[-107.27695,39.852004],[-107.277253,39.852872],[-107.277703,39.853273],[-107.279867,39.854433],[-107.281394,39.857466],[-107.284109,39.85898],[-107.284369,39.86088],[-107.286789,39.861918],[-107.287322,39.862448],[-107.287423,39.862977],[-107.287121,39.864393],[-107.286239,39.866618],[-107.286556,39.868837],[-107.286988,39.869801],[-107.286987,39.871549],[-107.28565,39.87262],[-107.285012,39.873538],[-107.28268,39.875116],[-107.281164,39.875001],[-107.279389,39.873383],[-107.277938,39.872677],[-107.274296,39.87292],[-107.273374,39.87242],[-107.272956,39.872446],[-107.271794,39.872681],[-107.271015,39.873286],[-107.269915,39.873155],[-107.269124,39.873643],[-107.268666,39.87444],[-107.267375,39.875528],[-107.264115,39.876263],[-107.261253,39.87749],[-107.25619,39.877553],[-107.256674,39.878422],[-107.258131,39.880038],[-107.258819,39.881686],[-107.258566,39.883038],[-107.25778,39.884251],[-107.258532,39.885674],[-107.25834,39.886668],[-107.257485,39.887338],[-107.255172,39.888374],[-107.253839,39.889643],[-107.252664,39.890094],[-107.250926,39.891267],[-107.249129,39.891865],[-107.248281,39.892535],[-107.246107,39.892915],[-107.245469,39.89327],[-107.245304,39.894147],[-107.246028,39.894709],[-107.246122,39.895347],[-107.245454,39.895599],[-107.243597,39.895274],[-107.242352,39.895749],[-107.24023,39.898362],[-107.240641,39.899327],[-107.240552,39.899666],[-107.238919,39.900509],[-107.238772,39.901584],[-107.23726,39.903131],[-107.234759,39.904629],[-107.23272,39.905056],[-107.229762,39.903275],[-107.228255,39.902849],[-107.22717,39.901866],[-107.226,39.901217],[-107.224675,39.901621],[-107.223136,39.902709],[-107.222396,39.902935],[-107.221014,39.904222],[-107.220023,39.904777],[-107.218758,39.903144],[-107.217281,39.902506],[-107.215325,39.902421],[-107.214012,39.901744],[-107.212883,39.899765],[-107.211751,39.899152],[-107.209346,39.899288],[-107.208346,39.899609],[-107.206327,39.901219],[-107.204547,39.901073],[-107.201482,39.90001],[-107.198322,39.90084],[-107.197686,39.90069],[-107.197621,39.901664],[-107.197285,39.901945],[-107.19597,39.902146],[-107.195174,39.902999],[-107.194711,39.903133],[-107.193259,39.902891],[-107.192694,39.903064],[-107.192559,39.903634],[-107.193328,39.904353],[-107.193472,39.904855],[-107.191926,39.906875],[-107.191464,39.906717],[-107.19091,39.905912],[-107.188983,39.905516],[-107.185564,39.90604],[-107.183647,39.905351],[-107.182905,39.905437],[-107.179055,39.908226],[-107.177978,39.909557],[-107.176842,39.911479],[-107.175015,39.916324],[-107.174424,39.917128],[-107.174679,39.919975],[-107.175026,39.920432],[-107.177139,39.920595],[-107.179501,39.921352],[-107.179643,39.922138],[-107.180794,39.923769],[-107.182513,39.924953],[-107.182003,39.92572],[-107.182015,39.926098],[-107.181597,39.926169],[-107.180729,39.925329],[-107.1803,39.926252],[-107.178076,39.927262],[-107.177978,39.927795],[-107.176873,39.927906],[-107.174825,39.929652],[-107.173445,39.929529],[-107.171176,39.930337],[-107.17055,39.931083],[-107.168671,39.930911],[-107.168335,39.931183],[-107.167384,39.931318],[-107.165393,39.932477],[-107.164444,39.932697],[-107.163947,39.933887],[-107.164479,39.934994],[-107.164423,39.935675],[-107.163721,39.936422],[-107.162887,39.936672],[-107.160482,39.936794],[-107.159764,39.937068],[-107.157967,39.938309],[-107.156654,39.940306],[-107.155112,39.941132],[-107.147216,39.943013],[-107.145635,39.94384],[-107.144891,39.944497],[-107.143333,39.944824],[-107.142442,39.945664],[-107.141526,39.946015]]]},"properties":{"kind":"hunt-boundary","huntCode":"BE012O1R","gmu":25}},{"type":"Feature","geometry":{"type":"Polygon","coordinates":[[[-107.503707,39.839122],[-107.503781,39.839562],[-107.503483,39.840172],[-107.500622,39.840801],[-107.49865,39.840569],[-107.495544,39.839415],[-107.493237,39.840194],[-107.489667,39.840262],[-107.489142,39.840228],[-107.487321,39.839294],[-107.486956,39.837095],[-107.486339,39.835748],[-107.485351,39.834639],[-107.485239,39.832884],[-107.484634,39.83251],[-107.484462,39.831829],[-107.484616,39.830457],[-107.483708,39.829215],[-107.482507,39.828416],[-107.482135,39.827082],[-107.479104,39.825313],[-107.47696,39.822787],[-107.475043,39.821103],[-107.473926,39.818668],[-107.471292,39.815206],[-107.470716,39.813547],[-107.469964,39.812613],[-107.468438,39.811645],[-107.466013,39.811274],[-107.465434,39.810944],[-107.464529,39.809805],[-107.461615,39.809133],[-107.458923,39.809005],[-107.45774,39.808553],[-107.456412,39.808495],[-107.455251,39.808669],[-107.454619,39.809078],[-107.452171,39.80945],[-107.448455,39.811227],[-107.447155,39.811353],[-107.446062,39.811034],[-107.444193,39.809902],[-107.442122,39.809234],[-107.439479,39.808988],[-107.43561,39.809259],[-107.433176,39.808697],[-107.429325,39.80826],[-107.426916,39.807288],[-107.424276,39.807302],[-107.420708,39.806963],[-107.418825,39.80279],[-107.418758,39.798828],[-107.41776,39.794606],[-107.417973,39.793727],[-107.419676,39.790323],[-107.420745,39.786251],[-107.421953,39.783699],[-107.423578,39.781305],[-107.423818,39.780579],[-107.423543,39.777058],[-107.423919,39.77532],[-107.425572,39.772804],[-107.42577,39.771782],[-107.427909,39.769156],[-107.428139,39.767696],[-107.428016,39.766068],[-107.428428,39.764285],[-107.428083,39.761896],[-107.427417,39.760441],[-107.427761,39.758686],[-107.42767,39.756648],[-107.42639,39.752846],[-107.426705,39.752074],[-107.425676,39.750082],[-107.425838,39.750002],[-107.422979,39.747845],[-107.420917,39.746951],[-107.420044,39.746177],[-107.419907,39.745261],[-107.41704,39.743149],[-107.412877,39.744078],[-107.41171,39.743738],[-107.410433,39.742512],[-107.410006,39.742426],[-107.408956,39.743043],[-107.407826,39.743147],[-107.406943,39.744904],[-107.404876,39.745488],[-107.40394,39.746115],[-107.403642,39.746599],[-107.403456,39.748256],[-107.403151,39.748731],[-107.401994,39.749376],[-107.398648,39.750004],[-107.394961,39.751157],[-107.390141,39.75181],[-107.387788,39.751368],[-107.386644,39.751427],[-107.384713,39.752003],[-107.383758,39.75255],[-107.38028,39.753351],[-107.378626,39.753132],[-107.377842,39.752491],[-107.376913,39.752231],[-107.372733,39.753839],[-107.36763,39.754641],[-107.366005,39.755287],[-107.364141,39.755091],[-107.363591,39.75462],[-107.363002,39.753371],[-107.362297,39.750272],[-107.363382,39.749178],[-107.363582,39.748674],[-107.363444,39.748181],[-107.361994,39.74799],[-107.360174,39.748131],[-107.361036,39.747438],[-107.361443,39.746533],[-107.3621,39.745894],[-107.363192,39.745804],[-107.364417,39.745099],[-107.365284,39.744185],[-107.367611,39.743871],[-107.370956,39.742127],[-107.372842,39.740643],[-107.373155,39.740047],[-107.373718,39.739904],[-107.374432,39.7393],[-107.374587,39.738959],[-107.374298,39.737343],[-107.374521,39.737028],[-107.374717,39.734961],[-107.374122,39.734176],[-107.372752,39.733145],[-107.372951,39.73215],[-107.373271,39.731756],[-107.37309,39.730368],[-107.372568,39.729734],[-107.372888,39.728363],[-107.371871,39.72792],[-107.371856,39.727483],[-107.372427,39.726593],[-107.372859,39.726535],[-107.372815,39.726252],[-107.373541,39.725976],[-107.373948,39.72522],[-107.374347,39.725162],[-107.374199,39.724751],[-107.374425,39.724516],[-107.375027,39.724554],[-107.374758,39.723532],[-107.376933,39.722713],[-107.376791,39.722459],[-107.377113,39.722115],[-107.376936,39.721834],[-107.377051,39.721292],[-107.377978,39.720088],[-107.379032,39.719679],[-107.379114,39.719164],[-107.379632,39.718712],[-107.380459,39.718492],[-107.380258,39.717487],[-107.380512,39.717122],[-107.383898,39.713678],[-107.384864,39.711699],[-107.3859,39.710777],[-107.385858,39.710516],[-107.385317,39.710298],[-107.386598,39.708749],[-107.386572,39.707997],[-107.388164,39.707708],[-107.38908,39.706221],[-107.388899,39.705814],[-107.390008,39.705066],[-107.390092,39.704601],[-107.389739,39.70404],[-107.390951,39.703398],[-107.390915,39.70234],[-107.392415,39.701359],[-107.392685,39.700475],[-107.393303,39.699999],[-107.393544,39.699246],[-107.394821,39.698553],[-107.39517,39.698028],[-107.397769,39.696969],[-107.398332,39.695899],[-107.398981,39.695372],[-107.399289,39.694618],[-107.399075,39.694208],[-107.399222,39.693642],[-107.398808,39.691331],[-107.399397,39.690026],[-107.4013,39.689113],[-107.401584,39.687661],[-107.402306,39.68734],[-107.404446,39.687503],[-107.405838,39.68724],[-107.405909,39.685409],[-107.409093,39.684879],[-107.410134,39.684137],[-107.410099,39.683129],[-107.410892,39.68291],[-107.411337,39.682279],[-107.411073,39.68141],[-107.411121,39.678959],[-107.410898,39.678292],[-107.41149,39.677073],[-107.412779,39.676762],[-107.414931,39.675326],[-107.415855,39.675045],[-107.416305,39.674572],[-107.418554,39.674012],[-107.421315,39.672873],[-107.422237,39.671588],[-107.423557,39.671151],[-107.425108,39.669749],[-107.426481,39.66895],[-107.427884,39.669024],[-107.428774,39.668722],[-107.429055,39.668175],[-107.429687,39.668108],[-107.429705,39.667698],[-107.430505,39.666726],[-107.43168,39.665981],[-107.434491,39.663422],[-107.435734,39.662725],[-107.435984,39.662256],[-107.435767,39.661769],[-107.435989,39.661431],[-107.438293,39.659653],[-107.439478,39.657308],[-107.441334,39.656035],[-107.44157,39.655152],[-107.442283,39.654569],[-107.442615,39.653585],[-107.443619,39.652739],[-107.442917,39.65175],[-107.443058,39.651022],[-107.444047,39.650694],[-107.444155,39.649994],[-107.44562,39.648999],[-107.445906,39.646696],[-107.446392,39.645348],[-107.446209,39.643933],[-107.447793,39.640652],[-107.447501,39.63991],[-107.449477,39.639224],[-107.449655,39.638603],[-107.448854,39.636688],[-107.448875,39.635399],[-107.447756,39.633927],[-107.448107,39.631573],[-107.447743,39.630707],[-107.447817,39.629052],[-107.447276,39.626924],[-107.447251,39.625276],[-107.447635,39.623876],[-107.447056,39.622573],[-107.447421,39.621588],[-107.446642,39.619334],[-107.446973,39.618323],[-107.446838,39.617321],[-107.447721,39.61591],[-107.448647,39.615711],[-107.450028,39.61424],[-107.450783,39.613913],[-107.452351,39.611124],[-107.451926,39.60948],[-107.452335,39.608777],[-107.452147,39.608187],[-107.45134,39.607974],[-107.450918,39.607339],[-107.448983,39.606348],[-107.447949,39.605365],[-107.447292,39.603731],[-107.446273,39.603184],[-107.445885,39.601621],[-107.445874,39.600355],[-107.445487,39.599796],[-107.44557,39.599307],[-107.446645,39.598614],[-107.446651,39.596888],[-107.446406,39.595601],[-107.445988,39.595096],[-107.446207,39.593727],[-107.447085,39.59314],[-107.447251,39.592155],[-107.44769,39.591375],[-107.447931,39.589722],[-107.448498,39.588782],[-107.448214,39.588297],[-107.448661,39.587747],[-107.448504,39.587079],[-107.449012,39.58637],[-107.448712,39.585426],[-107.449,39.584132],[-107.448573,39.583366],[-107.448533,39.582232],[-107.448254,39.58185],[-107.448194,39.580153],[-107.44853,39.579295],[-107.448189,39.578117],[-107.448504,39.575714],[-107.447734,39.574645],[-107.447443,39.573728],[-107.449945,39.572756],[-107.453962,39.570545],[-107.457929,39.569727],[-107.460229,39.569795],[-107.46155,39.570425],[-107.462683,39.571406],[-107.465619,39.572501],[-107.468821,39.572667],[-107.471235,39.573116],[-107.473768,39.572715],[-107.474152,39.572283],[-107.475379,39.571676],[-107.479477,39.571742],[-107.482289,39.570754],[-107.483607,39.569915],[-107.485549,39.566937],[-107.488373,39.564903],[-107.492925,39.562333],[-107.49455,39.561681],[-107.496389,39.561447],[-107.498687,39.561475],[-107.50488,39.56285],[-107.509869,39.565486],[-107.511912,39.565365],[-107.515629,39.56455],[-107.517432,39.564705],[-107.520479,39.566107],[-107.523154,39.568252],[-107.525493,39.569399],[-107.527207,39.569826],[-107.53006,39.569993],[-107.541893,39.568501],[-107.546729,39.566886],[-107.549322,39.565437],[-107.551115,39.563929],[-107.551529,39.562952],[-107.551601,39.558122],[-107.551957,39.556916],[-107.552947,39.555344],[-107.554847,39.554028],[-107.556885,39.553789],[-107.558339,39.553951],[-107.562345,39.555601],[-107.563848,39.555726],[-107.565435,39.555457],[-107.567942,39.554361],[-107.569285,39.552858],[-107.570552,39.550668],[-107.572167,39.549781],[-107.576043,39.549271],[-107.581947,39.549604],[-107.590521,39.54922],[-107.592158,39.548949],[-107.599025,39.54698],[-107.602686,39.544732],[-107.603448,39.543751],[-107.605209,39.542783],[-107.606098,39.542529],[-107.610431,39.542238],[-107.61181,39.541748],[-107.613169,39.540708],[-107.614261,39.54053],[-107.61621,39.540563],[-107.623546,39.543145],[-107.628739,39.543181],[-107.632868,39.544092],[-107.634848,39.54366],[-107.639196,39.541129],[-107.640486,39.540906],[-107.642934,39.540963],[-107.644291,39.541202],[-107.646122,39.542088],[-107.648512,39.541921],[-107.65137,39.542239],[-107.654341,39.541594],[-107.657626,39.541326],[-107.66245,39.542143],[-107.670389,39.542154],[-107.672507,39.542723],[-107.675071,39.544479],[-107.677813,39.545655],[-107.679324,39.546007],[-107.681865,39.545872],[-107.685813,39.544659],[-107.688748,39.544397],[-107.691462,39.544875],[-107.694025,39.546595],[-107.696238,39.547007],[-107.698379,39.546841],[-107.702728,39.545695],[-107.70748,39.545931],[-107.708419,39.545679],[-107.709589,39.544958],[-107.710758,39.542917],[-107.714068,39.539439],[-107.715263,39.539375],[-107.719221,39.541021],[-107.721324,39.541166],[-107.722829,39.540086],[-107.723528,39.538795],[-107.724294,39.537961],[-107.725137,39.537829],[-107.727504,39.53835],[-107.729095,39.5382],[-107.730672,39.537658],[-107.732326,39.536574],[-107.733716,39.536353],[-107.735317,39.536468],[-107.736534,39.536939],[-107.738027,39.536828],[-107.738798,39.536116],[-107.739587,39.534588],[-107.744117,39.531738],[-107.747797,39.531381],[-107.749332,39.531074],[-107.750754,39.530419],[-107.753294,39.530282],[-107.758598,39.529346],[-107.760851,39.529522],[-107.762118,39.529996],[-107.762964,39.529936],[-107.765702,39.528483],[-107.770135,39.52826],[-107.775445,39.526237],[-107.778156,39.525965],[-107.779239,39.527759],[-107.780294,39.528941],[-107.783166,39.529688],[-107.783469,39.547576],[-107.781608,39.550354],[-107.777055,39.553481],[-107.772021,39.56411],[-107.771812,39.56461],[-107.771895,39.570144],[-107.771339,39.573459],[-107.771699,39.575581],[-107.77134,39.580382],[-107.772311,39.581746],[-107.773024,39.583504],[-107.773157,39.584527],[-107.773855,39.585934],[-107.775469,39.587278],[-107.775767,39.590145],[-107.777078,39.59196],[-107.778126,39.592931],[-107.780182,39.593841],[-107.7808,39.594393],[-107.781501,39.595832],[-107.784281,39.597648],[-107.789127,39.599482],[-107.793107,39.600309],[-107.799168,39.603821],[-107.801916,39.604817],[-107.804286,39.606679],[-107.805018,39.6089],[-107.805784,39.609697],[-107.816052,39.616155],[-107.824537,39.620493],[-107.844448,39.628065],[-107.852566,39.634577],[-107.854305,39.635566],[-107.859243,39.637286],[-107.868565,39.641745],[-107.869837,39.642529],[-107.873696,39.645911],[-107.879584,39.649458],[-107.890118,39.658709],[-107.891585,39.65974],[-107.893485,39.662354],[-107.894344,39.663112],[-107.895387,39.663906],[-107.898253,39.665429],[-107.89938,39.667108],[-107.901834,39.668677],[-107.904107,39.67139],[-107.905365,39.671818],[-107.907999,39.673279],[-107.910464,39.6751],[-107.913647,39.677596],[-107.919107,39.682886],[-107.922382,39.686461],[-107.923089,39.68797],[-107.926145,39.692866],[-107.927097,39.693657],[-107.929341,39.69456],[-107.930157,39.69539],[-107.935883,39.70492],[-107.93329,39.705945],[-107.931145,39.706067],[-107.928831,39.706765],[-107.925275,39.706823],[-107.923836,39.70781],[-107.923213,39.709024],[-107.922656,39.711425],[-107.921692,39.712449],[-107.919566,39.713174],[-107.919038,39.714583],[-107.918181,39.715352],[-107.917559,39.716431],[-107.916464,39.719661],[-107.914377,39.719745],[-107.913913,39.720112],[-107.913886,39.720892],[-107.914259,39.722067],[-107.91336,39.723986],[-107.911659,39.725218],[-107.9095,39.727803],[-107.907779,39.728175],[-107.90598,39.729828],[-107.905343,39.731547],[-107.905455,39.732796],[-107.904953,39.733637],[-107.905008,39.734442],[-107.905762,39.735549],[-107.903745,39.73796],[-107.903495,39.740416],[-107.901418,39.740847],[-107.898999,39.740831],[-107.899375,39.743902],[-107.898884,39.744779],[-107.895936,39.7461],[-107.890024,39.747329],[-107.887061,39.749281],[-107.88503,39.749984],[-107.88278,39.752779],[-107.882259,39.753841],[-107.88203,39.755887],[-107.881397,39.75707],[-107.879614,39.758551],[-107.876981,39.760098],[-107.874862,39.760984],[-107.872355,39.763721],[-107.8716,39.764195],[-107.869191,39.765151],[-107.866528,39.76568],[-107.863151,39.765917],[-107.861753,39.76537],[-107.860416,39.765421],[-107.852564,39.767912],[-107.853288,39.769407],[-107.853642,39.770998],[-107.852713,39.771876],[-107.850275,39.775107],[-107.849795,39.777173],[-107.848259,39.780489],[-107.848034,39.77922],[-107.847514,39.778751],[-107.841683,39.777858],[-107.839357,39.777181],[-107.838088,39.777077],[-107.836003,39.778141],[-107.833071,39.777763],[-107.831293,39.776802],[-107.830607,39.776913],[-107.829231,39.777672],[-107.828543,39.777707],[-107.827997,39.777206],[-107.827937,39.774861],[-107.827024,39.77351],[-107.82632,39.773261],[-107.825722,39.773402],[-107.823811,39.774822],[-107.821826,39.774686],[-107.81783,39.77499],[-107.813152,39.776428],[-107.812889,39.776876],[-107.81306,39.778714],[-107.812556,39.779942],[-107.814023,39.781852],[-107.814586,39.78351],[-107.814562,39.785267],[-107.814125,39.787795],[-107.814291,39.788841],[-107.814923,39.790104],[-107.814845,39.792399],[-107.814727,39.792834],[-107.814453,39.792953],[-107.812804,39.793029],[-107.811126,39.793647],[-107.81028,39.795217],[-107.809796,39.795471],[-107.807428,39.796002],[-107.805301,39.79604],[-107.804601,39.79498],[-107.803494,39.794575],[-107.802556,39.793723],[-107.79815,39.791866],[-107.792473,39.787823],[-107.789181,39.789046],[-107.787979,39.789724],[-107.787183,39.79109],[-107.785404,39.792759],[-107.784146,39.792293],[-107.780625,39.791882],[-107.779195,39.790723],[-107.77773,39.789965],[-107.776492,39.789626],[-107.775042,39.789926],[-107.77295,39.791418],[-107.770269,39.791576],[-107.767395,39.792181],[-107.766378,39.792759],[-107.765567,39.7929],[-107.763069,39.792397],[-107.760647,39.79018],[-107.758711,39.789487],[-107.757325,39.789624],[-107.755571,39.790314],[-107.753483,39.7904],[-107.752545,39.791332],[-107.752059,39.791451],[-107.75063,39.791553],[-107.749408,39.791347],[-107.748111,39.790167],[-107.747034,39.788503],[-107.746305,39.788016],[-107.744235,39.787272],[-107.742844,39.788458],[-107.740712,39.79245],[-107.741118,39.794872],[-107.742038,39.79726],[-107.742083,39.798331],[-107.741893,39.799538],[-107.741411,39.800338],[-107.740927,39.802881],[-107.737526,39.802718],[-107.734458,39.803502],[-107.733987,39.804648],[-107.733204,39.80554],[-107.730585,39.805624],[-107.72869,39.807502],[-107.723144,39.809601],[-107.721982,39.810948],[-107.721735,39.81226],[-107.721258,39.812149],[-107.720566,39.811107],[-107.719193,39.810658],[-107.718233,39.809793],[-107.716056,39.809519],[-107.713963,39.810339],[-107.711801,39.810741],[-107.710228,39.812692],[-107.709758,39.812937],[-107.704522,39.813685],[-107.70098,39.815092],[-107.700439,39.815776],[-107.70031,39.816819],[-107.701616,39.82059],[-107.699384,39.824052],[-107.699116,39.82336],[-107.698041,39.822795],[-107.697273,39.822777],[-107.695656,39.823242],[-107.693259,39.822046],[-107.692854,39.821596],[-107.692839,39.82129],[-107.69373,39.820386],[-107.693788,39.819565],[-107.691478,39.816511],[-107.691638,39.815778],[-107.691333,39.81524],[-107.693063,39.812632],[-107.693187,39.812215],[-107.692995,39.811782],[-107.690256,39.811269],[-107.688151,39.810165],[-107.686114,39.807321],[-107.68462,39.807054],[-107.683725,39.806579],[-107.683022,39.80573],[-107.681977,39.805304],[-107.679906,39.805131],[-107.678205,39.805535],[-107.676872,39.806426],[-107.67624,39.809427],[-107.673524,39.809967],[-107.672481,39.810397],[-107.670463,39.810664],[-107.669741,39.811181],[-107.667319,39.813889],[-107.665324,39.814169],[-107.66486,39.814112],[-107.661377,39.812256],[-107.660061,39.811903],[-107.658527,39.810637],[-107.655245,39.81023],[-107.654237,39.809073],[-107.652722,39.808571],[-107.652318,39.808085],[-107.651979,39.806931],[-107.652624,39.804907],[-107.652548,39.803972],[-107.652108,39.80355],[-107.650685,39.803317],[-107.650272,39.803623],[-107.649084,39.807344],[-107.648388,39.808098],[-107.646174,39.810095],[-107.641839,39.812572],[-107.640379,39.814209],[-107.639908,39.813413],[-107.638266,39.812469],[-107.637997,39.811997],[-107.639085,39.80922],[-107.639002,39.808497],[-107.637243,39.806339],[-107.635174,39.805328],[-107.634088,39.804352],[-107.632499,39.802348],[-107.632411,39.80326],[-107.631975,39.804301],[-107.630661,39.805845],[-107.627838,39.807679],[-107.62645,39.807787],[-107.625839,39.807517],[-107.624448,39.805801],[-107.624124,39.804772],[-107.622485,39.80344],[-107.61984,39.802901],[-107.618352,39.802047],[-107.615916,39.799971],[-107.615278,39.799837],[-107.61439,39.800051],[-107.613942,39.800448],[-107.611836,39.805288],[-107.611001,39.806226],[-107.610265,39.806634],[-107.606405,39.807915],[-107.605006,39.808671],[-107.602681,39.808985],[-107.60162,39.809684],[-107.59863,39.809837],[-107.597025,39.808837],[-107.59665,39.808818],[-107.595303,39.809961],[-107.593895,39.812308],[-107.591136,39.81359],[-107.589485,39.813766],[-107.587993,39.81302],[-107.586842,39.812812],[-107.5865,39.812221],[-107.585801,39.812263],[-107.584975,39.81366],[-107.584246,39.816861],[-107.584299,39.817418],[-107.58604,39.819983],[-107.585855,39.820505],[-107.583664,39.822301],[-107.583018,39.823095],[-107.582461,39.824179],[-107.58223,39.827297],[-107.581909,39.827894],[-107.581247,39.828098],[-107.578177,39.827792],[-107.575736,39.827914],[-107.57501,39.828214],[-107.574635,39.829263],[-107.575272,39.830992],[-107.575132,39.832679],[-107.573348,39.83548],[-107.57267,39.838445],[-107.570959,39.840767],[-107.569135,39.84224],[-107.56591,39.842793],[-107.564549,39.842211],[-107.5627,39.842022],[-107.560773,39.842141],[-107.55805,39.841017],[-107.556284,39.840839],[-107.553188,39.841083],[-107.551905,39.840706],[-107.547105,39.837024],[-107.545008,39.83493],[-107.545265,39.834141],[-107.546079,39.83315],[-107.54603,39.832376],[-107.54492,39.832054],[-107.542969,39.832182],[-107.540328,39.831637],[-107.537657,39.831898],[-107.534475,39.831625],[-107.532215,39.832918],[-107.528902,39.833801],[-107.523712,39.834071],[-107.517964,39.833462],[-107.515685,39.832904],[-107.513672,39.832019],[-107.511529,39.830669],[-107.504932,39.833735],[-107.504706,39.834263],[-107.505069,39.835151],[-107.504768,39.836622],[-107.503722,39.838455],[-107.503707,39.839122]]]},"properties":{"kind":"hunt-boundary","huntCode":"BE012O1R","gmu":33}},{"type":"Feature","geometry":{"type":"Polygon","coordinates":[[[-107.42351,40.525576],[-107.411465,40.525752],[-107.405925,40.524264],[-107.402652,40.52308],[-107.388639,40.512589],[-107.382828,40.509227],[-107.378728,40.506375],[-107.378246,40.505799],[-107.378011,40.504944],[-107.377932,40.502712],[-107.37758,40.501431],[-107.370231,40.495123],[-107.367833,40.493961],[-107.36551,40.4935],[-107.350115,40.49299],[-107.346861,40.492277],[-107.34501,40.492116],[-107.338726,40.492712],[-107.295274,40.491629],[-107.27767,40.493972],[-107.261673,40.493859],[-107.254473,40.496189],[-107.246713,40.497164],[-107.235005,40.495004],[-107.233164,40.495116],[-107.230475,40.495952],[-107.223198,40.499141],[-107.221005,40.499458],[-107.194393,40.499264],[-107.189905,40.498408],[-107.188038,40.497741],[-107.186628,40.496943],[-107.183273,40.49466],[-107.176942,40.489069],[-107.175433,40.48839],[-107.173426,40.488153],[-107.164051,40.488293],[-107.160189,40.487739],[-107.156102,40.488167],[-107.153164,40.487636],[-107.149777,40.485897],[-107.145786,40.484485],[-107.137242,40.476892],[-107.136039,40.476135],[-107.133555,40.475357],[-107.132012,40.475192],[-107.129362,40.475669],[-107.127848,40.476404],[-107.126809,40.477594],[-107.12545,40.47997],[-107.122689,40.483426],[-107.121887,40.484026],[-107.113278,40.487314],[-107.110329,40.488071],[-107.108069,40.487918],[-107.104214,40.485953],[-107.099253,40.484633],[-107.094866,40.485303],[-107.089529,40.486728],[-107.057631,40.482801],[-107.052783,40.483473],[-107.04762,40.4856],[-107.020924,40.485638],[-107.020935,40.483552],[-107.017671,40.48347],[-107.016377,40.483074],[-107.015851,40.482659],[-107.011607,40.47672],[-107.011706,40.471458],[-107.011328,40.471086],[-107.010729,40.471196],[-107.010328,40.471635],[-107.009473,40.47201],[-107.007393,40.4717],[-107.005577,40.472006],[-107.004662,40.472882],[-107.003896,40.473057],[-107.001637,40.472421],[-107.000961,40.472487],[-107.000705,40.472739],[-107.001058,40.473233],[-107.000916,40.47351],[-107.000244,40.473062],[-106.999957,40.473527],[-106.999544,40.473574],[-106.999097,40.473096],[-106.997733,40.473434],[-106.996299,40.473329],[-106.993991,40.472278],[-106.99357,40.471421],[-106.992646,40.471986],[-106.991188,40.47171],[-106.9909,40.470881],[-106.990044,40.470563],[-106.986331,40.470384],[-106.987036,40.468128],[-106.986969,40.467756],[-106.987639,40.467528],[-106.98841,40.466209],[-106.988256,40.464846],[-106.988122,40.464745],[-106.987757,40.465125],[-106.987213,40.464563],[-106.987188,40.46436],[-106.987807,40.464291],[-106.987875,40.464047],[-106.986908,40.463789],[-106.987082,40.462651],[-106.985974,40.461463],[-106.984749,40.461398],[-106.984456,40.461043],[-106.98383,40.460882],[-106.983514,40.461018],[-106.983417,40.461552],[-106.983105,40.461827],[-106.982608,40.461565],[-106.982615,40.461173],[-106.981971,40.460383],[-106.983028,40.460464],[-106.983107,40.459976],[-106.98243,40.459969],[-106.982188,40.459429],[-106.982314,40.459233],[-106.983126,40.459336],[-106.983418,40.459029],[-106.982575,40.457891],[-106.982896,40.456637],[-106.983523,40.456838],[-106.983121,40.457264],[-106.983658,40.457584],[-106.984169,40.457062],[-106.986056,40.457214],[-106.987285,40.456774],[-106.987445,40.455177],[-106.985787,40.454489],[-106.985068,40.453695],[-106.985715,40.45331],[-106.985243,40.452629],[-106.986926,40.452253],[-106.987425,40.451943],[-106.987454,40.451672],[-106.987122,40.451259],[-106.986252,40.451103],[-106.985046,40.449772],[-106.985566,40.448899],[-106.985433,40.447581],[-106.98493,40.447099],[-106.985015,40.446796],[-106.983616,40.446576],[-106.982979,40.446024],[-106.981481,40.446253],[-106.980437,40.445942],[-106.980562,40.44571],[-106.98129,40.445522],[-106.98058,40.445048],[-106.980965,40.444091],[-106.980763,40.44359],[-106.981097,40.443426],[-106.981444,40.443709],[-106.981686,40.443632],[-106.98201,40.44314],[-106.981602,40.442039],[-106.981255,40.44177],[-106.981508,40.441424],[-106.981176,40.440997],[-106.981492,40.440244],[-106.982504,40.440114],[-106.9833,40.439682],[-106.982066,40.43927],[-106.982145,40.438769],[-106.982929,40.438553],[-106.982075,40.437649],[-106.981583,40.437585],[-106.981044,40.437162],[-106.980912,40.437781],[-106.980197,40.437766],[-106.980144,40.436601],[-106.979905,40.436145],[-106.979382,40.436272],[-106.97926,40.436602],[-106.978574,40.436974],[-106.978235,40.436305],[-106.978698,40.436067],[-106.978649,40.435018],[-106.979331,40.434547],[-106.979827,40.434769],[-106.980162,40.434646],[-106.979832,40.433674],[-106.982105,40.433549],[-106.982952,40.43421],[-106.983345,40.434163],[-106.983493,40.43344],[-106.984244,40.432724],[-106.984394,40.432073],[-106.983691,40.431829],[-106.982686,40.430923],[-106.982188,40.429967],[-106.981959,40.428579],[-106.982745,40.427805],[-106.981879,40.427806],[-106.981639,40.427319],[-106.980942,40.427273],[-106.980596,40.426927],[-106.98166,40.426738],[-106.981839,40.426419],[-106.982885,40.426172],[-106.983184,40.425491],[-106.983055,40.424917],[-106.984181,40.424839],[-106.98548,40.42424],[-106.985839,40.423662],[-106.98543,40.423164],[-106.985457,40.422835],[-106.985967,40.42288],[-106.986903,40.422103],[-106.986802,40.421848],[-106.987057,40.421582],[-106.986385,40.421121],[-106.986519,40.42056],[-106.986855,40.420469],[-106.987377,40.420946],[-106.987702,40.420481],[-106.988022,40.420489],[-106.988984,40.421221],[-106.991493,40.421506],[-106.993326,40.421146],[-106.994329,40.420714],[-106.995516,40.419527],[-106.997786,40.419317],[-106.999519,40.419431],[-107.000233,40.41877],[-107.000608,40.418736],[-107.000401,40.418091],[-107.000727,40.417653],[-107.000343,40.41739],[-107.000407,40.417015],[-107.001093,40.416701],[-107.001461,40.417037],[-107.002252,40.416451],[-107.003032,40.416767],[-107.003298,40.416217],[-107.003688,40.416052],[-107.005866,40.415911],[-107.005433,40.417171],[-107.006913,40.417605],[-107.007125,40.417141],[-107.007444,40.417136],[-107.007857,40.417732],[-107.007222,40.417901],[-107.007137,40.418177],[-107.007966,40.418865],[-107.00852,40.418527],[-107.008634,40.417921],[-107.009296,40.418685],[-107.010162,40.418093],[-107.011611,40.41814],[-107.01087,40.417234],[-107.011196,40.416827],[-107.012115,40.416739],[-107.012672,40.417131],[-107.013124,40.417136],[-107.013221,40.415986],[-107.012719,40.415535],[-107.013665,40.4151],[-107.013921,40.415483],[-107.014628,40.41461],[-107.014501,40.414139],[-107.014682,40.413889],[-107.014376,40.413709],[-107.014588,40.413273],[-107.013726,40.413374],[-107.013642,40.413073],[-107.014962,40.411312],[-107.015737,40.411442],[-107.015376,40.410701],[-107.015861,40.410557],[-107.016298,40.411325],[-107.016762,40.411132],[-107.016969,40.410507],[-107.016842,40.410036],[-107.017382,40.409855],[-107.017486,40.409552],[-107.016445,40.40934],[-107.016561,40.40882],[-107.016368,40.408634],[-107.016088,40.408711],[-107.016099,40.409071],[-107.015603,40.40885],[-107.015883,40.408143],[-107.015725,40.407871],[-107.015368,40.407904],[-107.015585,40.408234],[-107.01538,40.408278],[-107.014645,40.407615],[-107.014364,40.407034],[-107.014735,40.406825],[-107.014653,40.406637],[-107.013861,40.406552],[-107.013166,40.407181],[-107.011954,40.407549],[-107.011362,40.407244],[-107.011407,40.406838],[-107.010835,40.406578],[-107.011223,40.406368],[-107.010843,40.4056],[-107.010504,40.405561],[-107.010034,40.404966],[-107.01014,40.404707],[-107.010499,40.404773],[-107.010296,40.404286],[-107.012118,40.404209],[-107.012902,40.40338],[-107.012514,40.402981],[-107.012821,40.402562],[-107.012386,40.402466],[-107.012617,40.402034],[-107.012394,40.401474],[-107.01151,40.401476],[-107.011757,40.400941],[-107.01147,40.400743],[-107.011564,40.400138],[-107.012098,40.399741],[-107.012687,40.399961],[-107.012845,40.399584],[-107.013512,40.399874],[-107.01445,40.399196],[-107.014896,40.399647],[-107.015464,40.399754],[-107.015525,40.39928],[-107.016251,40.399682],[-107.016311,40.398546],[-107.016613,40.397951],[-107.01581,40.398136],[-107.016005,40.397718],[-107.015739,40.397637],[-107.015155,40.398219],[-107.015307,40.397645],[-107.015882,40.397392],[-107.016887,40.397676],[-107.01721,40.397166],[-107.017008,40.396696],[-107.017571,40.396655],[-107.017579,40.396294],[-107.018323,40.396038],[-107.017841,40.395632],[-107.016993,40.396179],[-107.017412,40.395104],[-107.018059,40.395354],[-107.0192,40.39519],[-107.018949,40.394964],[-107.018502,40.395116],[-107.018825,40.394579],[-107.019259,40.394644],[-107.019381,40.39493],[-107.019678,40.394821],[-107.019554,40.394449],[-107.019174,40.394312],[-107.01958,40.394048],[-107.017923,40.39396],[-107.01853,40.393521],[-107.018453,40.392847],[-107.019137,40.393065],[-107.019082,40.392489],[-107.019866,40.392921],[-107.02001,40.392716],[-107.01974,40.392491],[-107.020149,40.39234],[-107.02103,40.392856],[-107.020646,40.393237],[-107.020824,40.393535],[-107.021772,40.393807],[-107.022194,40.393471],[-107.021818,40.392842],[-107.021941,40.392538],[-107.022557,40.392383],[-107.023086,40.391829],[-107.022958,40.391327],[-107.02237,40.39118],[-107.022218,40.390466],[-107.021081,40.390815],[-107.020775,40.390649],[-107.01999,40.390793],[-107.019722,40.390622],[-107.019859,40.390174],[-107.020805,40.390374],[-107.020792,40.389946],[-107.021049,40.389752],[-107.021546,40.39],[-107.021442,40.389687],[-107.021924,40.389462],[-107.021415,40.388782],[-107.021482,40.388493],[-107.023093,40.388928],[-107.023475,40.38853],[-107.023412,40.387657],[-107.024973,40.387067],[-107.025949,40.386406],[-107.02744,40.386578],[-107.027262,40.386279],[-107.02744,40.385961],[-107.026984,40.385784],[-107.026986,40.385234],[-107.027918,40.385605],[-107.028151,40.385214],[-107.028814,40.385391],[-107.028879,40.385057],[-107.030555,40.384528],[-107.030748,40.384695],[-107.030511,40.384929],[-107.030687,40.385169],[-107.031231,40.385119],[-107.031622,40.385612],[-107.031577,40.386019],[-107.030955,40.385944],[-107.030686,40.386377],[-107.031302,40.386253],[-107.031737,40.386948],[-107.032223,40.386867],[-107.032345,40.38655],[-107.033012,40.38684],[-107.033249,40.386593],[-107.032959,40.386323],[-107.033398,40.385941],[-107.033681,40.38595],[-107.033657,40.386396],[-107.034419,40.386113],[-107.034505,40.385863],[-107.035358,40.386083],[-107.034955,40.385828],[-107.035133,40.385479],[-107.035008,40.385093],[-107.036025,40.385751],[-107.035883,40.386042],[-107.036759,40.385797],[-107.036836,40.384615],[-107.036277,40.384783],[-107.036061,40.384458],[-107.03631,40.38398],[-107.036679,40.384388],[-107.037217,40.384163],[-107.037061,40.383967],[-107.03732,40.383819],[-107.038069,40.38435],[-107.038228,40.384019],[-107.038773,40.384009],[-107.038854,40.384206],[-107.038353,40.384431],[-107.039754,40.384753],[-107.039597,40.384526],[-107.039789,40.384045],[-107.040775,40.384334],[-107.040862,40.384098],[-107.04065,40.383944],[-107.041078,40.383811],[-107.04071,40.383443],[-107.04072,40.383141],[-107.041211,40.383218],[-107.041557,40.382865],[-107.041714,40.383079],[-107.041436,40.383201],[-107.041798,40.383352],[-107.041757,40.383853],[-107.043785,40.38379],[-107.043986,40.383602],[-107.043998,40.384016],[-107.04462,40.384063],[-107.044287,40.384227],[-107.044744,40.384449],[-107.044216,40.385003],[-107.044354,40.385203],[-107.045551,40.385024],[-107.045315,40.384668],[-107.045853,40.384416],[-107.045906,40.384946],[-107.046249,40.385098],[-107.046292,40.384664],[-107.046586,40.38443],[-107.046528,40.385007],[-107.047484,40.384918],[-107.047274,40.385426],[-107.046675,40.385491],[-107.047631,40.386037],[-107.048973,40.38627],[-107.050755,40.386153],[-107.05131,40.385855],[-107.051402,40.385177],[-107.051938,40.385483],[-107.052186,40.385006],[-107.051835,40.384566],[-107.052338,40.384431],[-107.052092,40.38376],[-107.05164,40.383723],[-107.051567,40.383193],[-107.051075,40.383084],[-107.051855,40.382742],[-107.052897,40.383642],[-107.053382,40.383521],[-107.05322,40.383132],[-107.053458,40.382943],[-107.054611,40.383125],[-107.054563,40.382793],[-107.055113,40.382959],[-107.055632,40.382733],[-107.055759,40.383177],[-107.056381,40.383251],[-107.0569,40.383616],[-107.056528,40.384357],[-107.057105,40.384184],[-107.057348,40.384743],[-107.057709,40.384867],[-107.057793,40.384564],[-107.057562,40.384392],[-107.057898,40.384301],[-107.057947,40.384057],[-107.058182,40.384381],[-107.058082,40.384788],[-107.058652,40.384373],[-107.058864,40.384527],[-107.058649,40.384891],[-107.058934,40.384971],[-107.058982,40.384714],[-107.059939,40.384652],[-107.059598,40.383955],[-107.059724,40.383764],[-107.061153,40.383797],[-107.061127,40.383554],[-107.060553,40.383204],[-107.061344,40.383275],[-107.061618,40.383],[-107.061549,40.382596],[-107.062132,40.381982],[-107.062469,40.381949],[-107.062685,40.382247],[-107.062822,40.381812],[-107.063071,40.381966],[-107.063663,40.381653],[-107.06388,40.381983],[-107.063471,40.382116],[-107.06417,40.382234],[-107.064167,40.381532],[-107.064984,40.381805],[-107.06511,40.381627],[-107.064785,40.381462],[-107.065286,40.381237],[-107.06531,40.380804],[-107.064559,40.380817],[-107.064551,40.379926],[-107.06582,40.379029],[-107.067821,40.378678],[-107.06781,40.378332],[-107.068033,40.378256],[-107.068492,40.378522],[-107.068885,40.378443],[-107.069634,40.378975],[-107.071141,40.379092],[-107.070702,40.378856],[-107.071315,40.378629],[-107.071605,40.378881],[-107.07223,40.378442],[-107.071959,40.378172],[-107.072568,40.377827],[-107.072891,40.376718],[-107.073719,40.37673],[-107.073242,40.376509],[-107.073255,40.376293],[-107.074001,40.376122],[-107.074776,40.376265],[-107.075115,40.376894],[-107.076555,40.377297],[-107.076543,40.376896],[-107.076994,40.376888],[-107.07752,40.376248],[-107.077934,40.376267],[-107.078187,40.375947],[-107.078031,40.375761],[-107.078712,40.375303],[-107.078721,40.374974],[-107.079107,40.374692],[-107.079486,40.374803],[-107.079823,40.375369],[-107.080389,40.37543],[-107.080521,40.376667],[-107.081226,40.376969],[-107.08116,40.377299],[-107.082012,40.377473],[-107.082096,40.377787],[-107.082794,40.37786],[-107.083145,40.377655],[-107.08344,40.378078],[-107.08409,40.377823],[-107.084362,40.378106],[-107.08501,40.377779],[-107.086209,40.378289],[-107.086691,40.378051],[-107.086851,40.378363],[-107.086596,40.378643],[-107.086769,40.378739],[-107.087179,40.378646],[-107.087611,40.378034],[-107.08782,40.378089],[-107.087648,40.378606],[-107.0879,40.378862],[-107.088772,40.3785],[-107.088635,40.378921],[-107.089971,40.378982],[-107.090802,40.378495],[-107.090845,40.378075],[-107.091559,40.378062],[-107.091251,40.377824],[-107.091364,40.377232],[-107.091641,40.377056],[-107.09165,40.376133],[-107.092072,40.375823],[-107.092363,40.376106],[-107.092746,40.375712],[-107.093168,40.375992],[-107.093252,40.376279],[-107.092805,40.376418],[-107.092668,40.376848],[-107.093195,40.37687],[-107.093676,40.377235],[-107.093916,40.377087],[-107.093975,40.376568],[-107.094779,40.376423],[-107.095025,40.375887],[-107.095515,40.375905],[-107.095391,40.376155],[-107.095603,40.376336],[-107.096198,40.376122],[-107.096267,40.375306],[-107.095931,40.375397],[-107.095829,40.375138],[-107.094958,40.374911],[-107.095159,40.374722],[-107.095484,40.374901],[-107.095776,40.374639],[-107.095674,40.374393],[-107.096272,40.374283],[-107.09613,40.373939],[-107.095886,40.373943],[-107.096008,40.373639],[-107.096668,40.373713],[-107.097188,40.374109],[-107.09723,40.373635],[-107.097662,40.373627],[-107.097616,40.373367],[-107.097951,40.373248],[-107.0977,40.373037],[-107.097795,40.372485],[-107.097338,40.372264],[-107.097568,40.3718],[-107.096502,40.371977],[-107.096986,40.371843],[-107.096867,40.371615],[-107.097284,40.371144],[-107.097124,40.370845],[-107.097817,40.37076],[-107.097936,40.370357],[-107.098613,40.369768],[-107.098512,40.36954],[-107.098944,40.368915],[-107.098557,40.368562],[-107.09838,40.368912],[-107.097797,40.368896],[-107.097923,40.368128],[-107.097391,40.367926],[-107.097453,40.367506],[-107.098042,40.367094],[-107.097685,40.366497],[-107.098398,40.365862],[-107.098025,40.365941],[-107.097845,40.365602],[-107.098478,40.365415],[-107.098553,40.36481],[-107.098215,40.364816],[-107.098338,40.36453],[-107.098145,40.364358],[-107.098644,40.364092],[-107.099093,40.363422],[-107.099135,40.362975],[-107.09941,40.362754],[-107.099308,40.361882],[-107.099631,40.361372],[-107.100633,40.360966],[-107.100489,40.360564],[-107.101274,40.36045],[-107.100718,40.3601],[-107.101166,40.359993],[-107.101601,40.35948],[-107.101615,40.358733],[-107.102046,40.358684],[-107.101826,40.358242],[-107.10264,40.358426],[-107.103177,40.358173],[-107.103254,40.357023],[-107.105093,40.355751],[-107.104736,40.35514],[-107.105392,40.355088],[-107.105213,40.354771],[-107.106197,40.354424],[-107.106504,40.354621],[-107.106573,40.355021],[-107.107008,40.35513],[-107.107799,40.354566],[-107.10803,40.354751],[-107.109283,40.354571],[-107.109286,40.354066],[-107.110885,40.354109],[-107.111213,40.353801],[-107.111609,40.353821],[-107.111881,40.353501],[-107.111686,40.353288],[-107.111982,40.353139],[-107.111826,40.352943],[-107.112346,40.352776],[-107.112842,40.35301],[-107.113042,40.352777],[-107.113704,40.352923],[-107.113702,40.353468],[-107.114193,40.354148],[-107.114493,40.354129],[-107.115041,40.353646],[-107.115245,40.352935],[-107.115794,40.353069],[-107.115676,40.353504],[-107.116016,40.353583],[-107.116507,40.353042],[-107.117092,40.353131],[-107.117515,40.352853],[-107.118021,40.352181],[-107.119101,40.351873],[-107.120943,40.351898],[-107.121482,40.351127],[-107.121382,40.350913],[-107.122012,40.350658],[-107.122074,40.350224],[-107.121631,40.349872],[-107.122418,40.349214],[-107.122684,40.349308],[-107.122922,40.349101],[-107.123813,40.349373],[-107.123419,40.34879],[-107.123778,40.348238],[-107.123938,40.348564],[-107.124485,40.348626],[-107.124903,40.348173],[-107.127164,40.347789],[-107.127992,40.347224],[-107.128044,40.346493],[-107.129188,40.346441],[-107.128473,40.345796],[-107.128956,40.345643],[-107.128885,40.345154],[-107.129393,40.345203],[-107.129589,40.344852],[-107.130387,40.344536],[-107.130376,40.344194],[-107.129739,40.344246],[-107.12955,40.343605],[-107.130107,40.34342],[-107.130455,40.342521],[-107.13079,40.34243],[-107.130636,40.341703],[-107.131033,40.341177],[-107.130598,40.340496],[-107.131108,40.340573],[-107.131323,40.340267],[-107.131029,40.33988],[-107.131688,40.339337],[-107.131389,40.33936],[-107.131361,40.339086],[-107.131747,40.338804],[-107.1317,40.338517],[-107.132308,40.33874],[-107.132825,40.338442],[-107.133154,40.337571],[-107.133851,40.337013],[-107.135229,40.336641],[-107.134975,40.33633],[-107.135723,40.335614],[-107.136962,40.335605],[-107.137326,40.334634],[-107.137969,40.33419],[-107.139845,40.334101],[-107.140083,40.334497],[-107.141513,40.335174],[-107.143486,40.334605],[-107.143777,40.334298],[-107.145669,40.334151],[-107.146273,40.334252],[-107.14621,40.334627],[-107.146497,40.334797],[-107.146619,40.334493],[-107.146882,40.334502],[-107.147128,40.335141],[-107.147981,40.334783],[-107.148272,40.335093],[-107.148674,40.334725],[-107.149208,40.33499],[-107.149217,40.334071],[-107.149621,40.333802],[-107.150467,40.332062],[-107.150824,40.332055],[-107.150704,40.331827],[-107.150954,40.331408],[-107.151583,40.331095],[-107.152429,40.331147],[-107.152513,40.331406],[-107.152201,40.331642],[-107.153049,40.332315],[-107.153479,40.332267],[-107.153487,40.33192],[-107.154227,40.332149],[-107.15433,40.331846],[-107.154652,40.331943],[-107.154548,40.332188],[-107.155934,40.332077],[-107.155755,40.33176],[-107.156262,40.331751],[-107.156187,40.331194],[-107.156698,40.330698],[-107.156479,40.330342],[-107.155718,40.330023],[-107.156103,40.329714],[-107.155647,40.329564],[-107.155241,40.329775],[-107.155339,40.329313],[-107.154976,40.329131],[-107.155294,40.328495],[-107.15501,40.327234],[-107.15462,40.327372],[-107.154006,40.326978],[-107.154285,40.326874],[-107.154268,40.325766],[-107.154644,40.325187],[-107.154042,40.325167],[-107.154421,40.324673],[-107.154278,40.323726],[-107.154636,40.32316],[-107.155212,40.322961],[-107.155252,40.322455],[-107.155579,40.322107],[-107.15514,40.321282],[-107.155705,40.321357],[-107.156254,40.320901],[-107.155681,40.320583],[-107.156042,40.32013],[-107.155793,40.319977],[-107.15586,40.319746],[-107.156512,40.319558],[-107.156847,40.318876],[-107.157111,40.318903],[-107.15702,40.318414],[-107.157966,40.318049],[-107.157792,40.317291],[-107.157405,40.316943],[-107.157834,40.316273],[-107.157523,40.315932],[-107.15764,40.315456],[-107.159687,40.313707],[-107.160967,40.313223],[-107.161197,40.312787],[-107.160985,40.310867],[-107.161729,40.310034],[-107.161726,40.309372],[-107.162279,40.309028],[-107.162726,40.30774],[-107.16338,40.307053],[-107.163441,40.30661],[-107.163829,40.306427],[-107.163481,40.305501],[-107.163642,40.304678],[-107.163126,40.3044],[-107.163205,40.303925],[-107.162838,40.303599],[-107.163242,40.302745],[-107.163208,40.301682],[-107.162931,40.301228],[-107.163258,40.300875],[-107.163079,40.299973],[-107.162005,40.299259],[-107.160836,40.299096],[-107.160445,40.298613],[-107.160488,40.298211],[-107.160088,40.298016],[-107.160035,40.297544],[-107.16022,40.296865],[-107.160426,40.296834],[-107.160515,40.295508],[-107.161079,40.294966],[-107.160911,40.293217],[-107.161299,40.29243],[-107.161141,40.2916],[-107.161414,40.291325],[-107.161555,40.290471],[-107.161296,40.289989],[-107.161873,40.288663],[-107.162359,40.28624],[-107.163539,40.283227],[-107.164289,40.282596],[-107.164612,40.281703],[-107.164898,40.283661],[-107.164468,40.286025],[-107.165093,40.286725],[-107.165718,40.28819],[-107.166625,40.289394],[-107.169471,40.289377],[-107.170275,40.290393],[-107.170854,40.290382],[-107.170889,40.289976],[-107.171987,40.289622],[-107.17283,40.288832],[-107.173052,40.288238],[-107.173673,40.288041],[-107.176491,40.288673],[-107.180847,40.289109],[-107.182024,40.289713],[-107.184963,40.289585],[-107.192094,40.290815],[-107.196285,40.290623],[-107.198964,40.291423],[-107.200298,40.292393],[-107.20166,40.292741],[-107.202206,40.293208],[-107.203768,40.293768],[-107.20487,40.295004],[-107.205506,40.295289],[-107.206907,40.295335],[-107.207986,40.295868],[-107.2092,40.296106],[-107.210982,40.296031],[-107.212637,40.296464],[-107.213869,40.297251],[-107.214645,40.297385],[-107.21681,40.297195],[-107.220435,40.297422],[-107.22282,40.298043],[-107.226382,40.29779],[-107.227523,40.297286],[-107.229974,40.296982],[-107.231936,40.297976],[-107.234171,40.299892],[-107.234952,40.300174],[-107.247339,40.299785],[-107.248856,40.298981],[-107.249738,40.299369],[-107.25211,40.299616],[-107.254153,40.298653],[-107.25855,40.298864],[-107.261372,40.298142],[-107.262938,40.297337],[-107.265518,40.296584],[-107.267533,40.296252],[-107.270954,40.296108],[-107.272085,40.296752],[-107.27257,40.298256],[-107.281521,40.299003],[-107.283275,40.299523],[-107.285596,40.301103],[-107.288979,40.302698],[-107.290624,40.30285],[-107.291273,40.303468],[-107.291392,40.304127],[-107.293525,40.30586],[-107.295809,40.306332],[-107.298259,40.307428],[-107.299655,40.308765],[-107.300331,40.310192],[-107.301796,40.310717],[-107.304116,40.312225],[-107.307184,40.313051],[-107.309553,40.313189],[-107.311476,40.312965],[-107.313281,40.313555],[-107.315656,40.313841],[-107.316983,40.314553],[-107.318667,40.314407],[-107.31974,40.313318],[-107.320169,40.313161],[-107.320607,40.31326],[-107.32059,40.314184],[-107.320789,40.314364],[-107.321437,40.313541],[-107.323019,40.313252],[-107.326751,40.313731],[-107.329345,40.314787],[-107.33029,40.315578],[-107.332745,40.315416],[-107.337524,40.316838],[-107.342623,40.319171],[-107.344817,40.319793],[-107.345315,40.320261],[-107.346048,40.320507],[-107.348689,40.32012],[-107.354056,40.320416],[-107.355131,40.3208],[-107.355949,40.320711],[-107.357697,40.321009],[-107.36097,40.322158],[-107.368787,40.323475],[-107.369871,40.32412],[-107.370872,40.325135],[-107.371175,40.325534],[-107.371259,40.326528],[-107.372286,40.326935],[-107.373534,40.326725],[-107.374716,40.326034],[-107.376423,40.326517],[-107.379777,40.325822],[-107.381591,40.326631],[-107.383425,40.326629],[-107.385078,40.326964],[-107.38875,40.328442],[-107.394009,40.32837],[-107.395255,40.328123],[-107.398721,40.326497],[-107.402734,40.325347],[-107.408134,40.32246],[-107.41233,40.322372],[-107.41391,40.323375],[-107.415849,40.326326],[-107.414827,40.330153],[-107.414287,40.333934],[-107.414538,40.335555],[-107.416716,40.338428],[-107.417755,40.339145],[-107.417273,40.340519],[-107.417785,40.341324],[-107.419835,40.341943],[-107.423955,40.345109],[-107.426323,40.345172],[-107.430748,40.348736],[-107.432426,40.349768],[-107.441221,40.35265],[-107.443087,40.353498],[-107.457493,40.357957],[-107.459387,40.35825],[-107.460446,40.358151],[-107.466777,40.356985],[-107.475318,40.358131],[-107.487806,40.361556],[-107.496446,40.362775],[-107.499777,40.364032],[-107.507113,40.367827],[-107.508764,40.368084],[-107.51239,40.368154],[-107.513608,40.368461],[-107.515535,40.369639],[-107.518111,40.370061],[-107.535455,40.3702],[-107.538955,40.369533],[-107.54151,40.3694],[-107.543845,40.369831],[-107.54678,40.370838],[-107.558839,40.372972],[-107.565318,40.371869],[-107.56662,40.37184],[-107.572351,40.373929],[-107.573217,40.373837],[-107.574246,40.372963],[-107.5774,40.368276],[-107.577703,40.36609],[-107.578738,40.365364],[-107.582804,40.365607],[-107.587111,40.364587],[-107.592126,40.365655],[-107.59819,40.365113],[-107.600464,40.365211],[-107.603182,40.366811],[-107.604533,40.369294],[-107.605087,40.369872],[-107.607386,40.37063],[-107.608825,40.371634],[-107.611503,40.372199],[-107.613364,40.37286],[-107.615621,40.372901],[-107.618578,40.374224],[-107.621996,40.376372],[-107.622578,40.377142],[-107.622695,40.377826],[-107.621043,40.381428],[-107.621071,40.3829],[-107.621628,40.384081],[-107.624227,40.386394],[-107.625747,40.388865],[-107.626619,40.389547],[-107.628096,40.389919],[-107.63113,40.389679],[-107.632508,40.390093],[-107.633147,40.39059],[-107.633569,40.391211],[-107.634816,40.394653],[-107.636263,40.397475],[-107.637069,40.398121],[-107.639286,40.39885],[-107.640176,40.399376],[-107.642311,40.402654],[-107.642992,40.404504],[-107.642819,40.407379],[-107.643246,40.408495],[-107.644433,40.40956],[-107.65052,40.412188],[-107.652164,40.413261],[-107.653651,40.415336],[-107.654638,40.417592],[-107.654996,40.419462],[-107.654794,40.423006],[-107.654378,40.424378],[-107.653431,40.4256],[-107.648429,40.429823],[-107.647365,40.430971],[-107.646654,40.432511],[-107.646381,40.435481],[-107.645724,40.436969],[-107.644284,40.438402],[-107.640156,40.440753],[-107.638644,40.441951],[-107.637485,40.443375],[-107.634601,40.448099],[-107.633406,40.449482],[-107.631478,40.451031],[-107.629989,40.451878],[-107.612321,40.460207],[-107.610761,40.461172],[-107.609379,40.462558],[-107.608576,40.464131],[-107.608406,40.466342],[-107.612558,40.478007],[-107.612651,40.479283],[-107.612066,40.480485],[-107.600221,40.489942],[-107.59825,40.493397],[-107.596888,40.494876],[-107.59533,40.495865],[-107.59173,40.497234],[-107.589485,40.499081],[-107.586064,40.501054],[-107.585354,40.501901],[-107.584397,40.50409],[-107.583748,40.504992],[-107.575026,40.512607],[-107.574493,40.514063],[-107.536879,40.514301],[-107.534761,40.513879],[-107.5263,40.511128],[-107.523775,40.510791],[-107.508803,40.510766],[-107.495044,40.511649],[-107.493214,40.512081],[-107.489289,40.514084],[-107.488688,40.514448],[-107.486368,40.516885],[-107.484161,40.518225],[-107.476121,40.519884],[-107.46392,40.524176],[-107.460771,40.526396],[-107.459104,40.528503],[-107.457355,40.529757],[-107.442723,40.533549],[-107.441082,40.533583],[-107.439273,40.533189],[-107.432286,40.528603],[-107.428265,40.526611],[-107.42531,40.525737],[-107.42351,40.525576]]]},"properties":{"kind":"hunt-boundary","huntCode":"BE012O1R","gmu":13}},{"type":"Feature","geometry":{"type":"Polygon","coordinates":[[[-107.815876,40.006996],[-107.815456,40.007109],[-107.815044,40.006303],[-107.815534,40.005999],[-107.815877,40.006463],[-107.815876,40.006996]]]},"properties":{"kind":"human-conflict","conflictId":"conflict-1","source":"CPW Species Activity Mapping","meaning":"Historical human-conflict area; not a current sighting"}},{"type":"Feature","geometry":{"type":"Polygon","coordinates":[[[-107.452747,40.226863],[-107.453884,40.22796],[-107.454736,40.231305],[-107.453822,40.23637],[-107.452786,40.238074],[-107.451811,40.241458],[-107.449059,40.246281],[-107.448003,40.247425],[-107.447333,40.249121],[-107.435964,40.268701],[-107.435293,40.270397],[-107.434376,40.275461],[-107.434487,40.278542],[-107.433064,40.279693],[-107.431236,40.279732],[-107.429377,40.27893],[-107.428526,40.275584],[-107.428771,40.272216],[-107.430103,40.268544],[-107.433884,40.261737],[-107.435296,40.260306],[-107.438771,40.255188],[-107.439442,40.253492],[-107.44187,40.249797],[-107.444562,40.243293],[-107.444867,40.241605],[-107.446604,40.239045],[-107.447569,40.235381],[-107.447387,40.23034],[-107.447692,40.228652],[-107.449103,40.22722],[-107.45092,40.226901],[-107.452747,40.226863]]]},"properties":{"kind":"human-conflict","conflictId":"conflict-2","source":"CPW Species Activity Mapping","meaning":"Historical human-conflict area; not a current sighting"}},{"type":"Feature","geometry":{"type":"Polygon","coordinates":[[[-106.891135,40.426291],[-106.886576,40.424074],[-106.885708,40.422815],[-106.884613,40.419396],[-106.883387,40.417251],[-106.880999,40.415253],[-106.875315,40.408471],[-106.872631,40.401768],[-106.872271,40.394772],[-106.87283,40.390944],[-106.875063,40.386409],[-106.873556,40.386434],[-106.872612,40.385742],[-106.871687,40.385757],[-106.870743,40.385064],[-106.867949,40.384402],[-106.866099,40.384432],[-106.874324,40.380761],[-106.875229,40.380039],[-106.876154,40.380024],[-106.878869,40.377858],[-106.87885,40.377151],[-106.879774,40.377135],[-106.880679,40.376413],[-106.88066,40.375706],[-106.88247,40.374262],[-106.88245,40.373554],[-106.883375,40.373539],[-106.883355,40.372832],[-106.88428,40.372817],[-106.88426,40.37211],[-106.88605,40.369958],[-106.88601,40.368544],[-106.886935,40.368529],[-106.886896,40.367115],[-106.8878,40.366392],[-106.887781,40.365685],[-106.890495,40.363518],[-106.890475,40.362811],[-106.894094,40.359922],[-106.895018,40.359907],[-106.894998,40.3592],[-106.897752,40.358447],[-106.902374,40.358371],[-106.903279,40.357649],[-106.906052,40.357603],[-106.906956,40.35688],[-106.909709,40.356128],[-106.913407,40.356066],[-106.914311,40.355344],[-106.923555,40.355191],[-106.924499,40.355882],[-106.927272,40.355836],[-106.928217,40.356528],[-106.930066,40.356497],[-106.93101,40.357189],[-106.931935,40.357173],[-106.931955,40.35788],[-106.934748,40.358541],[-106.934768,40.359248],[-106.935693,40.359233],[-106.936638,40.359925],[-106.936658,40.360632],[-106.938547,40.362015],[-106.938567,40.362722],[-106.939512,40.363414],[-106.940437,40.363398],[-106.940477,40.364813],[-106.941402,40.364797],[-106.943352,40.368302],[-106.945262,40.370392],[-106.945283,40.371099],[-106.946228,40.371791],[-106.946268,40.373205],[-106.947234,40.374604],[-106.947254,40.375311],[-106.948179,40.375295],[-106.94824,40.377417],[-106.949164,40.377401],[-106.950211,40.381629],[-106.951177,40.383027],[-106.951401,40.390806],[-106.94879,40.39651],[-106.946981,40.397955],[-106.947022,40.39937],[-106.946097,40.399385],[-106.946117,40.400092],[-106.945213,40.400815],[-106.945253,40.402229],[-106.944349,40.402952],[-106.94441,40.405073],[-106.943485,40.405089],[-106.943505,40.405796],[-106.94258,40.405812],[-106.9426,40.406519],[-106.941696,40.407242],[-106.941716,40.407949],[-106.938961,40.408702],[-106.938981,40.40941],[-106.937131,40.409441],[-106.937151,40.410148],[-106.914048,40.410533],[-106.909022,40.416704],[-106.903102,40.42533],[-106.901306,40.426633],[-106.898479,40.426807],[-106.891135,40.426291]]]},"properties":{"kind":"human-conflict","conflictId":"conflict-3","source":"CPW Species Activity Mapping","meaning":"Historical human-conflict area; not a current sighting"}},{"type":"Feature","geometry":{"type":"Polygon","coordinates":[[[-107.588267,39.999581],[-107.587134,39.999243],[-107.587912,39.998002],[-107.589641,39.997464],[-107.591239,39.998154],[-107.59092,39.999068],[-107.588267,39.999581]]]},"properties":{"kind":"human-conflict","conflictId":"conflict-4","source":"CPW Species Activity Mapping","meaning":"Historical human-conflict area; not a current sighting"}},{"type":"Feature","geometry":{"type":"Polygon","coordinates":[[[-107.765356,39.546745],[-107.767124,39.54577],[-107.768282,39.544576],[-107.774788,39.540903],[-107.776532,39.537515],[-107.773031,39.535459],[-107.767818,39.530907],[-107.768071,39.528823],[-107.768377047295,39.528348432991926],[-107.770135,39.52826],[-107.775445,39.526237],[-107.778156,39.525965],[-107.779239,39.527759],[-107.780294,39.528941],[-107.783166,39.529688],[-107.783469,39.547576],[-107.781608,39.550354],[-107.777055,39.553481],[-107.772021,39.56411],[-107.771812,39.56461],[-107.771895,39.570144],[-107.771339,39.573459],[-107.771699,39.575581],[-107.77134,39.580382],[-107.77151602867781,39.58062927406441],[-107.769951,39.586515],[-107.77042,39.590702],[-107.769382,39.594925],[-107.768835,39.596337],[-107.767686,39.597764],[-107.767279,39.602671],[-107.762844,39.604876],[-107.761028,39.604686],[-107.758516,39.60218],[-107.757145,39.598015],[-107.75892,39.589577],[-107.759546,39.582565],[-107.757708,39.574213],[-107.757486,39.568621],[-107.758524,39.564399],[-107.759577,39.552946],[-107.760725,39.551519],[-107.765356,39.546745]]]},"properties":{"kind":"human-conflict","conflictId":"conflict-5","source":"CPW Species Activity Mapping","meaning":"Historical human-conflict area; not a current sighting"}},{"type":"Feature","geometry":{"type":"Polygon","coordinates":[[[-107.69378,39.689758],[-107.69288,39.674386],[-107.693128,39.672981],[-107.696172,39.665914],[-107.697324,39.664488],[-107.698804,39.663754],[-107.700604,39.663479],[-107.70244,39.664136],[-107.703701,39.665506],[-107.705381,39.669898],[-107.706202,39.675476],[-107.708833,39.681012],[-107.709545,39.683794],[-107.709709,39.687988],[-107.708613,39.690812],[-107.704654,39.697667],[-107.702049,39.700527],[-107.700577,39.701494],[-107.698785,39.702002],[-107.696957,39.701578],[-107.696065,39.695722],[-107.69378,39.689758]]]},"properties":{"kind":"human-conflict","conflictId":"conflict-6","source":"CPW Species Activity Mapping","meaning":"Historical human-conflict area; not a current sighting"}},{"type":"Feature","geometry":{"type":"Polygon","coordinates":[[[-107.335916,39.842109],[-107.33708,39.842352],[-107.339256,39.84174],[-107.339946,39.842484],[-107.340094,39.843417],[-107.335374,39.843601],[-107.334604,39.843049],[-107.335024,39.84265],[-107.335916,39.842109]]]},"properties":{"kind":"human-conflict","conflictId":"conflict-7","source":"CPW Species Activity Mapping","meaning":"Historical human-conflict area; not a current sighting"}},{"type":"Feature","geometry":{"type":"Polygon","coordinates":[[[-107.594263,39.955466],[-107.594957,39.956817],[-107.594591,39.957674],[-107.592802,39.955711],[-107.592845,39.955238],[-107.593424,39.955155],[-107.594021,39.955566],[-107.594263,39.955466]]]},"properties":{"kind":"human-conflict","conflictId":"conflict-8","source":"CPW Species Activity Mapping","meaning":"Historical human-conflict area; not a current sighting"}},{"type":"Feature","geometry":{"type":"GeometryCollection","geometries":[{"type":"Polygon","coordinates":[[[-106.817776,40.449894],[-106.820291,40.441517],[-106.82629,40.433986],[-106.828181,40.432708],[-106.830119,40.432155],[-106.835581,40.431355],[-106.844078,40.424586],[-106.847261,40.423167],[-106.851715,40.422412],[-106.855509,40.423719],[-106.857161,40.425197],[-106.857548,40.426285],[-106.857083,40.428891],[-106.85572,40.431376],[-106.852239,40.434988],[-106.8431,40.439836],[-106.841032,40.441931],[-106.836763,40.449621],[-106.836007,40.451353],[-106.835582,40.453828],[-106.836339,40.45819],[-106.833278,40.466247],[-106.833288,40.46939],[-106.835372,40.471339],[-106.836461,40.473047],[-106.837556,40.476408],[-106.840349,40.4788],[-106.841792,40.480574],[-106.843525,40.484213],[-106.845207,40.484235],[-106.846359,40.484748],[-106.848815,40.486497],[-106.849498,40.487486],[-106.850844,40.492738],[-106.8528917789415,40.4963905079949],[-106.852777,40.496218],[-106.851129,40.494758],[-106.84958,40.494183],[-106.847138,40.493736],[-106.844282,40.491872],[-106.842094,40.491164],[-106.840139,40.489398],[-106.828477,40.482588],[-106.826631,40.480703],[-106.826427,40.48008],[-106.825963,40.476745],[-106.82612,40.468752],[-106.825086,40.462287],[-106.82388,40.460567],[-106.816953,40.45451],[-106.815872,40.453212],[-106.815785,40.452759],[-106.8157750693052,40.45114888343942],[-106.817776,40.449894]]]},{"type":"Polygon","coordinates":[[[-106.85576253028947,40.501510905532626],[-106.85515,40.500918],[-106.85424711165275,40.498807938638066],[-106.85576253028947,40.501510905532626]]]},{"type":"Polygon","coordinates":[[[-106.864812,40.502816],[-106.868768,40.503892],[-106.8644708140982,40.50280736943048],[-106.864812,40.502816]]]},{"type":"Polygon","coordinates":[[[-106.88192287834796,40.505644087299565],[-106.880746,40.506125],[-106.879003,40.506117],[-106.87823,40.505972],[-106.88192287834796,40.505644087299565]]]},{"type":"Polygon","coordinates":[[[-106.886361,40.50525],[-106.889602,40.507467],[-106.893469,40.508228],[-106.891683,40.508532],[-106.890441,40.50812],[-106.8861505036265,40.505268691228835],[-106.886361,40.50525]]]},{"type":"Polygon","coordinates":[[[-106.897616,40.506201],[-106.8976810489372,40.50625055671682],[-106.893469,40.508228],[-106.897616,40.506201]]]},{"type":"LineString","coordinates":[[-106.875026,40.504335],[-106.87823,40.505972]]},{"type":"Point","coordinates":[-106.85991,40.502692]}]},"properties":{"kind":"human-conflict","conflictId":"conflict-9","source":"CPW Species Activity Mapping","meaning":"Historical human-conflict area; not a current sighting"}},{"type":"Feature","geometry":{"type":"Polygon","coordinates":[[[-107.15364,39.79868],[-107.153418,39.79714],[-107.15419,39.796791],[-107.15901,39.797909],[-107.160123,39.797351],[-107.160951,39.795994],[-107.161551,39.795714],[-107.1627,39.796297],[-107.16263,39.796835],[-107.160861,39.79868],[-107.160805,39.799687],[-107.166843,39.800782],[-107.167288,39.80111],[-107.167232,39.802117],[-107.166136,39.803211],[-107.161964,39.803356],[-107.158268,39.802016],[-107.155609,39.800455],[-107.15364,39.79868]]]},"properties":{"kind":"human-conflict","conflictId":"conflict-10","source":"CPW Species Activity Mapping","meaning":"Historical human-conflict area; not a current sighting"}},{"type":"Feature","geometry":{"type":"Polygon","coordinates":[[[-107.797393,39.962836],[-107.796745,39.962616],[-107.795358,39.961251],[-107.794827,39.960161],[-107.795577,39.960359],[-107.797108,39.962115],[-107.797393,39.962836]]]},"properties":{"kind":"human-conflict","conflictId":"conflict-11","source":"CPW Species Activity Mapping","meaning":"Historical human-conflict area; not a current sighting"}},{"type":"Feature","geometry":{"type":"Polygon","coordinates":[[[-107.909459,39.678953],[-107.906929,39.676218],[-107.904128,39.674189],[-107.899509,39.671973],[-107.895424,39.66811],[-107.891078,39.665187],[-107.890125,39.664045],[-107.887042,39.662489],[-107.884466,39.658588],[-107.884709,39.657183],[-107.886178,39.656214],[-107.8874236523223,39.656342813331456],[-107.890118,39.658709],[-107.89102860439054,39.65934896804815],[-107.891778,39.660272],[-107.89207549827513,39.66041482236379],[-107.893485,39.662354],[-107.894344,39.663112],[-107.895387,39.663906],[-107.898253,39.665429],[-107.89938,39.667108],[-107.901834,39.668677],[-107.904107,39.67139],[-107.905365,39.671818],[-107.907999,39.673279],[-107.90944626652751,39.674348157138574],[-107.910839,39.675887],[-107.91497090153996,39.678878681162345],[-107.91714245715697,39.680982624241835],[-107.918077,39.682935],[-107.917834,39.68434],[-107.916979,39.685528],[-107.913613,39.684446],[-107.91265,39.683071],[-107.910772,39.681486],[-107.909459,39.678953]]]},"properties":{"kind":"human-conflict","conflictId":"conflict-12","source":"CPW Species Activity Mapping","meaning":"Historical human-conflict area; not a current sighting"}},{"type":"Feature","geometry":{"type":"Polygon","coordinates":[[[-106.972268,40.271705],[-106.96693,40.27598],[-106.966975,40.277501],[-106.969743,40.281637],[-106.970284,40.283149],[-106.969993,40.284549],[-106.968361,40.285337],[-106.96749759953062,40.28541207830168],[-106.967163,40.284567],[-106.9655,40.28424],[-106.96440859370061,40.283620843261],[-106.96375748773464,40.28243297608278],[-106.964442,40.281569],[-106.964174,40.279438],[-106.964976,40.278632],[-106.965007,40.27792],[-106.963456,40.27605],[-106.962567,40.275669],[-106.959168,40.276001],[-106.955341,40.275831],[-106.952625,40.272986],[-106.950528,40.271877],[-106.949097,40.270595],[-106.948562,40.269969],[-106.94778500918521,40.26826871209729],[-106.948161,40.26793],[-106.950135,40.267517],[-106.955638,40.268945],[-106.957612,40.268531],[-106.9607,40.266577],[-106.96714,40.260383],[-106.970074,40.258811],[-106.971882,40.2584],[-106.974043,40.258744],[-106.977076,40.260594],[-106.977943,40.261973],[-106.977991,40.263621],[-106.977043,40.265158],[-106.97197,40.267146],[-106.969699,40.268707],[-106.972268,40.271705]]]},"properties":{"kind":"human-conflict","conflictId":"conflict-13","source":"CPW Species Activity Mapping","meaning":"Historical human-conflict area; not a current sighting"}},{"type":"Feature","geometry":{"type":"Polygon","coordinates":[[[-107.635704,40.398291],[-107.630862,40.393365],[-107.627958,40.393431],[-107.624991,40.391869],[-107.618715,40.3849],[-107.618297,40.38254],[-107.614231,40.379609],[-107.613734,40.377683],[-107.612406,40.376099],[-107.605459,40.371091],[-107.605806,40.369146],[-107.607344,40.365237],[-107.608981,40.363908],[-107.611474,40.362884],[-107.614004,40.362826],[-107.61615,40.363746],[-107.61656463538561,40.36424090754689],[-107.613867,40.367183],[-107.613303,40.368339],[-107.612963,40.369577],[-107.612994,40.370378],[-107.613354,40.37109],[-107.615621,40.372901],[-107.618578,40.374224],[-107.621996,40.376372],[-107.622578,40.377142],[-107.622695,40.377826],[-107.621043,40.381428],[-107.621071,40.3829],[-107.621628,40.384081],[-107.624227,40.386394],[-107.625747,40.388865],[-107.626619,40.389547],[-107.628096,40.389919],[-107.63113,40.389679],[-107.632508,40.390093],[-107.633147,40.39059],[-107.633569,40.391211],[-107.634816,40.394653],[-107.636263,40.397475],[-107.637069,40.398121],[-107.63708646037509,40.398126741368266],[-107.635704,40.398291]]]},"properties":{"kind":"human-conflict","conflictId":"conflict-14","source":"CPW Species Activity Mapping","meaning":"Historical human-conflict area; not a current sighting"}},{"type":"Feature","geometry":{"type":"Polygon","coordinates":[[[-107.812246,39.975428],[-107.811945,39.975976],[-107.810851,39.975969],[-107.810853,39.975221],[-107.81198,39.974928],[-107.812246,39.975428]]]},"properties":{"kind":"human-conflict","conflictId":"conflict-15","source":"CPW Species Activity Mapping","meaning":"Historical human-conflict area; not a current sighting"}},{"type":"Feature","geometry":{"type":"Polygon","coordinates":[[[-107.769034,39.945985],[-107.768012,39.9455],[-107.76797,39.945037],[-107.770275,39.94542],[-107.770463,39.945845],[-107.769034,39.945985]]]},"properties":{"kind":"human-conflict","conflictId":"conflict-16","source":"CPW Species Activity Mapping","meaning":"Historical human-conflict area; not a current sighting"}},{"type":"Feature","geometry":{"type":"MultiPolygon","coordinates":[[[[-106.666078,39.855072],[-106.659652,39.85485],[-106.65270511922678,39.85548821179271],[-106.652978,39.855383],[-106.658962,39.854329],[-106.661312,39.854697],[-106.665992,39.85463],[-106.66613872857044,39.85470418520479],[-106.666078,39.855072]]],[[[-106.65220548398659,39.856820647396056],[-106.651332,39.85747],[-106.649995,39.857187],[-106.650459,39.856712],[-106.651593,39.855917],[-106.65264706973859,39.855510593328226],[-106.65220548398659,39.856820647396056]]]]},"properties":{"kind":"human-conflict","conflictId":"conflict-17","source":"CPW Species Activity Mapping","meaning":"Historical human-conflict area; not a current sighting"}},{"type":"Feature","geometry":{"type":"Polygon","coordinates":[[[-107.564069,39.561098],[-107.560588,39.560108],[-107.558064,39.560164],[-107.548671,39.567036],[-107.544146,39.568913],[-107.54173,39.568788],[-107.54161139802098,39.56853650664689],[-107.541893,39.568501],[-107.546729,39.566886],[-107.549322,39.565437],[-107.551115,39.563929],[-107.551529,39.562952],[-107.551601,39.558122],[-107.551957,39.556916],[-107.552947,39.555344],[-107.554847,39.554028],[-107.556885,39.553789],[-107.558339,39.553951],[-107.562345,39.555601],[-107.563848,39.555726],[-107.565435,39.555457],[-107.56545184666236,39.55544963504509],[-107.568396,39.557003],[-107.572513,39.558059],[-107.574698,39.557355],[-107.578283,39.557043],[-107.581534,39.555811],[-107.585127,39.555731],[-107.586898,39.554996],[-107.592279,39.554644],[-107.599422,39.553324],[-107.603306,39.553005],[-107.608652,39.551726],[-107.612536,39.551406],[-107.621448,39.54935],[-107.625631,39.549023],[-107.629233,39.549174],[-107.630756,39.549835],[-107.636137,39.549481],[-107.637915,39.548977],[-107.646897,39.548772],[-107.648711,39.549195],[-107.654814,39.552072],[-107.658434,39.552685],[-107.659675,39.553816],[-107.662732,39.55537],[-107.664934,39.558103],[-107.664688,39.559501],[-107.662399,39.562337],[-107.659457,39.563796],[-107.654058,39.563688],[-107.647373,39.561289],[-107.643771,39.561139],[-107.640433,39.560055],[-107.636831,39.559905],[-107.635307,39.559243],[-107.629874,39.558207],[-107.626827,39.556884],[-107.623225,39.556733],[-107.617544,39.557093],[-107.611898,39.55838],[-107.60472,39.558773],[-107.594908,39.560849],[-107.587729,39.561241],[-107.580585,39.56256],[-107.573372,39.562024],[-107.564069,39.561098]]]},"properties":{"kind":"human-conflict","conflictId":"conflict-18","source":"CPW Species Activity Mapping","meaning":"Historical human-conflict area; not a current sighting"}},{"type":"Feature","geometry":{"type":"Polygon","coordinates":[[[-107.597049,39.962732],[-107.595515,39.963474],[-107.594319,39.961827],[-107.594963,39.961035],[-107.596162,39.96115],[-107.597076,39.961836],[-107.597049,39.962732]]]},"properties":{"kind":"human-conflict","conflictId":"conflict-19","source":"CPW Species Activity Mapping","meaning":"Historical human-conflict area; not a current sighting"}},{"type":"Feature","geometry":{"type":"MultiPolygon","coordinates":[[[[-106.703060394648,39.89481834859014],[-106.703187,39.894987],[-106.704604,39.895718],[-106.705622,39.89592],[-106.707855,39.895725],[-106.710578,39.894175],[-106.711011,39.893309],[-106.712105,39.892297],[-106.713001,39.890401],[-106.713904,39.890144],[-106.71458,39.890616],[-106.715233,39.89158],[-106.715214,39.893625],[-106.715581,39.895746],[-106.715071,39.897717],[-106.713358,39.899116],[-106.713093,39.899688],[-106.71339739932571,39.90026983312343],[-106.71207092403934,39.901108700509624],[-106.710726,39.899502],[-106.710309,39.89736],[-106.709806,39.896664],[-106.709255,39.896483],[-106.706225,39.896672],[-106.704761,39.896365],[-106.70304283929278,39.8955039217851],[-106.703060394648,39.89481834859014]]],[[[-106.70438099812034,39.890796086093],[-106.704377,39.890821],[-106.70426965223352,39.890968893225484],[-106.70438099812034,39.890796086093]]]]},"properties":{"kind":"human-conflict","conflictId":"conflict-20","source":"CPW Species Activity Mapping","meaning":"Historical human-conflict area; not a current sighting"}},{"type":"Feature","geometry":{"type":"Polygon","coordinates":[[[-107.497345,40.426748],[-107.499866,40.42637],[-107.503749,40.428546],[-107.505075,40.430132],[-107.506063,40.433984],[-107.506279,40.439791],[-107.507761,40.44557],[-107.513285,40.457718],[-107.514624,40.459626],[-107.515119,40.461552],[-107.516458,40.46346],[-107.516953,40.465387],[-107.518087,40.47311],[-107.517314,40.475064],[-107.517387,40.477],[-107.515842,40.480907],[-107.513427,40.484188],[-107.509721,40.486852],[-107.507186,40.486907],[-107.504627,40.486317],[-107.502467,40.485072],[-107.500633,40.481238],[-107.500561,40.479302],[-107.501541,40.471533],[-107.501047,40.469606],[-107.500903,40.465735],[-107.499986,40.463818],[-107.499915,40.461882],[-107.498082,40.458048],[-107.497588,40.456121],[-107.496261,40.454536],[-107.496189,40.4526],[-107.494779,40.448757],[-107.494214,40.444895],[-107.492382,40.44106],[-107.491888,40.439134],[-107.491745,40.435262],[-107.492096,40.433318],[-107.492869,40.431364],[-107.494075,40.429724],[-107.495716,40.428397],[-107.497345,40.426748]]]},"properties":{"kind":"human-conflict","conflictId":"conflict-21","source":"CPW Species Activity Mapping","meaning":"Historical human-conflict area; not a current sighting"}},{"type":"Feature","geometry":{"type":"Polygon","coordinates":[[[-107.924963,40.029168],[-107.923906,40.029675],[-107.923259,40.029604],[-107.922564,40.028865],[-107.923132,40.02754],[-107.924323,40.027466],[-107.925017,40.028206],[-107.924963,40.029168]]]},"properties":{"kind":"human-conflict","conflictId":"conflict-22","source":"CPW Species Activity Mapping","meaning":"Historical human-conflict area; not a current sighting"}},{"type":"Feature","geometry":{"type":"Polygon","coordinates":[[[-107.535425,39.864516],[-107.536609,39.868647],[-107.536625,39.869728],[-107.535778,39.870323],[-107.53518,39.869237],[-107.533227,39.867987],[-107.53269,39.86717],[-107.533162,39.86462],[-107.533889,39.863405],[-107.534321,39.863346],[-107.535425,39.864516]]]},"properties":{"kind":"human-conflict","conflictId":"conflict-23","source":"CPW Species Activity Mapping","meaning":"Historical human-conflict area; not a current sighting"}},{"type":"Feature","geometry":{"type":"Polygon","coordinates":[[[-107.547401,40.019588],[-107.544458,40.018267],[-107.543674,40.01627],[-107.544652,40.011714],[-107.546478,40.009449],[-107.54717,40.007503],[-107.548767,40.004949],[-107.550717,40.004528],[-107.556495,40.004317],[-107.557342,40.005054],[-107.557821,40.007646],[-107.55718,40.012919],[-107.556108,40.013943],[-107.553678,40.015258],[-107.551941,40.019278],[-107.551307,40.019679],[-107.55027,40.019472],[-107.547401,40.019588]]]},"properties":{"kind":"human-conflict","conflictId":"conflict-24","source":"CPW Species Activity Mapping","meaning":"Historical human-conflict area; not a current sighting"}},{"type":"Feature","geometry":{"type":"Polygon","coordinates":[[[-107.92514858652797,40.034203730657886],[-107.92491,40.034213],[-107.905868,40.037617],[-107.90135054057272,40.03765537933319],[-107.903164,40.034464],[-107.905152,40.033193],[-107.909845,40.031506],[-107.912557,40.031263],[-107.917353,40.032014],[-107.922347,40.032063],[-107.92351,40.032731],[-107.92514858652797,40.034203730657886]]]},"properties":{"kind":"human-conflict","conflictId":"conflict-25","source":"CPW Species Activity Mapping","meaning":"Historical human-conflict area; not a current sighting"}},{"type":"Feature","geometry":{"type":"Polygon","coordinates":[[[-107.555866,39.621815],[-107.551293,39.62185],[-107.550062,39.623057],[-107.547434,39.6262],[-107.546515,39.628342],[-107.5464,39.632008],[-107.545218,39.63377],[-107.543038,39.635553],[-107.539845,39.643723],[-107.536995,39.647642],[-107.533127,39.651005],[-107.530739,39.65395],[-107.528696,39.652644],[-107.528633,39.65091],[-107.529226,39.646655],[-107.530581,39.642768],[-107.53314,39.637698],[-107.540363,39.630598],[-107.541425,39.62556],[-107.544018,39.621454],[-107.547628,39.617903],[-107.548561,39.616147],[-107.548556,39.609205],[-107.551852,39.603925],[-107.554145,39.598475],[-107.552659,39.591951],[-107.551364,39.590629],[-107.548838,39.589721],[-107.545095,39.58961],[-107.540648,39.590672],[-107.538904,39.59071],[-107.532843,39.588528],[-107.52984,39.588208],[-107.523635,39.588921],[-107.522133,39.588761],[-107.50629,39.584861],[-107.503537,39.584535],[-107.495809,39.584508],[-107.490358,39.585397],[-107.486608,39.585091],[-107.483814,39.583608],[-107.481739,39.581339],[-107.480466,39.580594],[-107.474987,39.580711],[-107.468816,39.582385],[-107.46257,39.58194],[-107.460557,39.581404],[-107.456248,39.579373],[-107.454942,39.577665],[-107.455399,39.576499],[-107.458077,39.574706],[-107.459315,39.574487],[-107.470825,39.575786],[-107.474089,39.576488],[-107.479582,39.576756],[-107.484756,39.575103],[-107.488657,39.572705],[-107.490558,39.572211],[-107.493403,39.572877],[-107.494682,39.573578],[-107.501921,39.574392],[-107.505859,39.572914],[-107.510065,39.572052],[-107.513502,39.570627],[-107.515245,39.570589],[-107.517251,39.570932],[-107.525159,39.573923],[-107.526631,39.575356],[-107.529682,39.577026],[-107.532193,39.577549],[-107.539429,39.577777],[-107.545704,39.57899],[-107.552697,39.579415],[-107.560964,39.580583],[-107.563775,39.582449],[-107.565333,39.584151],[-107.565639,39.585145],[-107.569712,39.585699],[-107.573293,39.586793],[-107.574593,39.587743],[-107.578434,39.589028],[-107.585663,39.592976],[-107.588278,39.595266],[-107.590409,39.598154],[-107.591716,39.599299],[-107.594397,39.603349],[-107.594759,39.606276],[-107.592652,39.610824],[-107.58492,39.620585],[-107.584017,39.623541],[-107.583635,39.626876],[-107.583796,39.631177],[-107.583399,39.634121],[-107.582706,39.635898],[-107.581045,39.63887],[-107.575699,39.64486],[-107.572881,39.650793],[-107.571834,39.656687],[-107.572052,39.662552],[-107.573845,39.669949],[-107.573534,39.673215],[-107.575607,39.678022],[-107.57546,39.679408],[-107.57441,39.680583],[-107.572739,39.68108],[-107.570952,39.68112],[-107.569338,39.680465],[-107.566977,39.678444],[-107.566875,39.675682],[-107.567449,39.672146],[-107.566031,39.670905],[-107.565221,39.669553],[-107.564911,39.667994],[-107.56246,39.663352],[-107.562157,39.661989],[-107.562243,39.657486],[-107.561268,39.651637],[-107.561723,39.650257],[-107.563645,39.647475],[-107.565387,39.646654],[-107.569578,39.643626],[-107.572028,39.641419],[-107.57491,39.637245],[-107.575307,39.634301],[-107.573124,39.630045],[-107.569461,39.626799],[-107.563516,39.623408],[-107.557903,39.622162],[-107.555866,39.621815]]]},"properties":{"kind":"human-conflict","conflictId":"conflict-26","source":"CPW Species Activity Mapping","meaning":"Historical human-conflict area; not a current sighting"}},{"type":"Feature","geometry":{"type":"Polygon","coordinates":[[[-107.234783,40.00068],[-107.233921,40.004794],[-107.232384,40.00549],[-107.23072,40.004956],[-107.229851,40.000875],[-107.23081,39.999723],[-107.232256,39.998896],[-107.234687,39.995085],[-107.236868,39.99291],[-107.241752,39.99125],[-107.243493,39.991516],[-107.244441,39.992697],[-107.244703,39.994092],[-107.244665,39.996891],[-107.244014,39.998169],[-107.242339,39.998601],[-107.239174,39.997197],[-107.236836,39.997209],[-107.234783,40.00068]]]},"properties":{"kind":"human-conflict","conflictId":"conflict-27","source":"CPW Species Activity Mapping","meaning":"Historical human-conflict area; not a current sighting"}},{"type":"Feature","geometry":{"type":"Polygon","coordinates":[[[-107.451944,39.574338],[-107.453394,39.57457],[-107.453172,39.575649],[-107.450501,39.578591],[-107.450497,39.580939],[-107.451374,39.583672],[-107.451524,39.585481],[-107.449907,39.588803],[-107.449446,39.592973],[-107.449695,39.595116],[-107.448684,39.595942],[-107.447287,39.595703],[-107.446306,39.594919],[-107.44610871223246,39.594341410747745],[-107.446207,39.593727],[-107.447085,39.59314],[-107.447251,39.592155],[-107.44769,39.591375],[-107.4477913237373,39.59068002847399],[-107.447804,39.590659],[-107.44781764375303,39.5904995015612],[-107.447931,39.589722],[-107.448498,39.588782],[-107.448214,39.588297],[-107.448661,39.587747],[-107.448504,39.587079],[-107.449012,39.58637],[-107.44883587853879,39.58581580446873],[-107.448924,39.585536],[-107.44875287821006,39.58524233193121],[-107.449,39.584132],[-107.448573,39.583366],[-107.448533,39.582232],[-107.448254,39.58185],[-107.448194,39.580153],[-107.44853,39.579295],[-107.448189,39.578117],[-107.448504,39.575714],[-107.447734,39.574645],[-107.447443,39.573728],[-107.449945,39.572756],[-107.45298717025645,39.571081556774466],[-107.451944,39.574338]]]},"properties":{"kind":"human-conflict","conflictId":"conflict-28","source":"CPW Species Activity Mapping","meaning":"Historical human-conflict area; not a current sighting"}},{"type":"Feature","geometry":{"type":"Polygon","coordinates":[[[-107.525233,40.033701],[-107.522586,40.032769],[-107.522296,40.032325],[-107.523051,40.031649],[-107.529089,40.031361],[-107.530285,40.028943],[-107.531577,40.028015],[-107.532206,40.028151],[-107.53282,40.028947],[-107.531535,40.032154],[-107.531802,40.033047],[-107.532832,40.033475],[-107.537742,40.032288],[-107.544797,40.028984],[-107.548918,40.026525],[-107.55096,40.02585],[-107.551839,40.026401],[-107.550634,40.027567],[-107.547655,40.029281],[-107.539221,40.033245],[-107.533811,40.034623],[-107.531435,40.034735],[-107.529808,40.033991],[-107.525233,40.033701]]]},"properties":{"kind":"human-conflict","conflictId":"conflict-29","source":"CPW Species Activity Mapping","meaning":"Historical human-conflict area; not a current sighting"}},{"type":"Feature","geometry":{"type":"Polygon","coordinates":[[[-107.009036,40.052418],[-107.011061,40.049966],[-107.012268,40.0435],[-107.014674,40.042115],[-107.016761,40.041811],[-107.022357,40.041981],[-107.026611,40.044056],[-107.028056,40.045642],[-107.028445,40.046978],[-107.028191,40.050205],[-107.028456,40.052278],[-107.029601,40.053445],[-107.032851,40.054151],[-107.033883,40.053596],[-107.038058,40.052985],[-107.040122,40.051875],[-107.044281,40.050727],[-107.053225,40.046004],[-107.055646,40.045155],[-107.066066,40.04309],[-107.080245,40.038271],[-107.093823,40.036683],[-107.103476,40.03248],[-107.107707,40.033746],[-107.110242,40.036654],[-107.109269,40.039089],[-107.104771,40.040513],[-107.099599,40.042755],[-107.09584,40.045509],[-107.093087,40.046902],[-107.089969,40.047764],[-107.084397,40.048401],[-107.080888,40.047927],[-107.074261,40.048314],[-107.071499,40.049438],[-107.070476,40.050262],[-107.068388,40.050568],[-107.061825,40.053102],[-107.056334,40.056422],[-107.051484,40.057851],[-107.044173,40.058786],[-107.035528,40.061892],[-107.027517,40.062838],[-107.016791,40.066517],[-107.016116,40.067334],[-107.008834,40.069341],[-107.002616,40.071865],[-106.994706,40.076299],[-106.983068,40.084824],[-106.981685,40.085385],[-106.979938,40.085414],[-106.97955,40.084078],[-106.979845,40.082193],[-106.982888,40.07865],[-106.995224,40.070113],[-106.997607,40.067924],[-106.99926,40.064672],[-106.998809,40.061189],[-106.999794,40.059024],[-107.001144,40.057389],[-107.004923,40.055175],[-107.009036,40.052418]],[[-107.068632,40.044561],[-107.066522,40.04536],[-107.06877386350746,40.04453964370288],[-107.068632,40.044561]],[[-107.063869,40.045624],[-107.06353953647606,40.04573437303984],[-107.06396761573586,40.04561418674923],[-107.063869,40.045624]],[[-107.06280659833978,40.04597991345401],[-107.062675,40.046024],[-107.062076,40.046678],[-107.06203205869384,40.04680842004289],[-107.06280659833978,40.04597991345401]],[[-107.02504778269396,40.05882113874771],[-107.025277,40.058787],[-107.027436,40.057488],[-107.02504778269396,40.05882113874771]],[[-107.023202,40.058728],[-107.024384,40.05892],[-107.02483183552597,40.05885330109188],[-107.023202,40.058728]],[[-107.01212767600674,40.06147595368354],[-107.011159,40.061672],[-107.01102076094327,40.06178016093299],[-107.011748,40.061685],[-107.01212767600674,40.06147595368354]],[[-106.997627,40.070893],[-106.996076,40.072892],[-106.99785009396527,40.07073663145448],[-106.997627,40.070893]]]},"properties":{"kind":"human-conflict","conflictId":"conflict-30","source":"CPW Species Activity Mapping","meaning":"Historical human-conflict area; not a current sighting"}},{"type":"Feature","geometry":{"type":"Polygon","coordinates":[[[-106.940674,39.900869],[-106.939764,39.900899],[-106.939164,39.900499],[-106.939011,39.8998],[-106.940681,39.89907],[-106.941321,39.900229],[-106.940674,39.900869]]]},"properties":{"kind":"human-conflict","conflictId":"conflict-31","source":"CPW Species Activity Mapping","meaning":"Historical human-conflict area; not a current sighting"}},{"type":"Feature","geometry":{"type":"Polygon","coordinates":[[[-107.029322,40.173331],[-107.036578,40.168335],[-107.047718,40.163539],[-107.052267,40.162377],[-107.059298,40.161711],[-107.062142,40.162472],[-107.06501,40.164044],[-107.067953,40.168049],[-107.068732,40.17047],[-107.068453,40.172909],[-107.066748,40.174833],[-107.066429,40.175921],[-107.066486,40.177814],[-107.067593,40.179417],[-107.071528,40.18124],[-107.07752,40.181133],[-107.083094,40.178868],[-107.089413,40.177943],[-107.095447,40.179186],[-107.096521,40.179708],[-107.100154,40.183159],[-107.101034,40.188824],[-107.097928,40.191044],[-107.095486,40.1919],[-107.081073,40.193512],[-107.078638,40.194638],[-107.074489,40.197418],[-107.071071,40.200996],[-107.068635,40.202121],[-107.064412,40.202467],[-107.061928,40.201971],[-107.059427,40.200933],[-107.057238,40.198537],[-107.056114,40.196393],[-107.053204,40.193469],[-107.048548,40.191117],[-107.042899,40.190947],[-107.040086,40.191267],[-107.035544,40.192699],[-107.028853,40.193087],[-107.024943,40.192074],[-107.021,40.189979],[-107.017731,40.186789],[-107.016946,40.184098],[-107.016882,40.181935],[-107.017883,40.180024],[-107.019269,40.179188],[-107.022698,40.175882],[-107.029322,40.173331]]]},"properties":{"kind":"human-conflict","conflictId":"conflict-32","source":"CPW Species Activity Mapping","meaning":"Historical human-conflict area; not a current sighting"}},{"type":"Feature","geometry":{"type":"Polygon","coordinates":[[[-107.490083,40.043986],[-107.48594,40.042703],[-107.479544,40.042032],[-107.47918,40.041637],[-107.479407,40.041147],[-107.48124,40.039574],[-107.482621,40.039034],[-107.485164,40.038845],[-107.480852,40.033143],[-107.476015,40.031855],[-107.462008,40.029605],[-107.457133,40.027897],[-107.449712,40.026088],[-107.447127,40.024952],[-107.444742,40.023216],[-107.443932,40.022213],[-107.443785,40.021195],[-107.444983,40.02066],[-107.447958,40.020342],[-107.452416,40.021268],[-107.457038,40.022924],[-107.457369,40.022709],[-107.45927,40.023308],[-107.471148,40.024552],[-107.479461,40.027913],[-107.483709,40.031209],[-107.486174,40.032327],[-107.488844,40.034938],[-107.490131,40.03819],[-107.494362,40.038628],[-107.497772,40.038349],[-107.50002,40.037606],[-107.503311,40.037985],[-107.504291,40.039193],[-107.503227,40.041015],[-107.497658,40.044494],[-107.495251,40.044816],[-107.492768,40.04415],[-107.490083,40.043986]]]},"properties":{"kind":"human-conflict","conflictId":"conflict-33","source":"CPW Species Activity Mapping","meaning":"Historical human-conflict area; not a current sighting"}},{"type":"Feature","geometry":{"type":"Polygon","coordinates":[[[-107.770507,39.943547],[-107.770752,39.94284],[-107.772706,39.942714],[-107.77298,39.943015],[-107.772646,39.943478],[-107.770964,39.943861],[-107.770507,39.943547]]]},"properties":{"kind":"human-conflict","conflictId":"conflict-34","source":"CPW Species Activity Mapping","meaning":"Historical human-conflict area; not a current sighting"}},{"type":"Feature","geometry":{"type":"Polygon","coordinates":[[[-107.034739,39.722497],[-107.036539,39.724944],[-107.037852,39.727591],[-107.036444,39.730094],[-107.033779,39.731857],[-107.031114,39.73362],[-107.027192,39.734642],[-107.025180048303,39.734470816172255],[-107.024866,39.733845],[-107.022704,39.73146],[-107.022249,39.730202],[-107.02251,39.729576],[-107.02366,39.728371],[-107.023867,39.727079],[-107.023708,39.724064],[-107.024619,39.722998],[-107.027563,39.721113],[-107.028185,39.72094],[-107.02962,39.721131],[-107.032758,39.722288],[-107.033523,39.722221],[-107.0340761310258,39.72195884471422],[-107.034739,39.722497]]]},"properties":{"kind":"human-conflict","conflictId":"conflict-35","source":"CPW Species Activity Mapping","meaning":"Historical human-conflict area; not a current sighting"}},{"type":"Feature","geometry":{"type":"Polygon","coordinates":[[[-107.29476,40.29149],[-107.294788,40.29233],[-107.296399,40.285851],[-107.296257,40.28165],[-107.29498,40.27635],[-107.287915,40.262194],[-107.286236,40.255781],[-107.284707,40.253849],[-107.281566,40.247464],[-107.271612,40.234205],[-107.270112,40.233114],[-107.267817,40.230075],[-107.26702,40.228129],[-107.267339,40.226721],[-107.269785,40.22331],[-107.271603,40.222994],[-107.273439,40.223238],[-107.278274,40.225665],[-107.285022,40.230578],[-107.287432,40.236977],[-107.295738,40.244661],[-107.296891,40.24632],[-107.298101,40.249659],[-107.302716,40.256295],[-107.305071,40.261013],[-107.306985,40.263497],[-107.309783,40.270449],[-107.309945,40.275211],[-107.308345,40.28197],[-107.305658,40.289031],[-107.304252,40.290741],[-107.303933,40.292148],[-107.302893,40.293851],[-107.301487,40.295561],[-107.300879,40.299217],[-107.299444,40.300086],[-107.297615,40.300122],[-107.295729,40.298478],[-107.294152,40.295146],[-107.294432,40.292618],[-107.29476,40.29149]]]},"properties":{"kind":"human-conflict","conflictId":"conflict-36","source":"CPW Species Activity Mapping","meaning":"Historical human-conflict area; not a current sighting"}},{"type":"Feature","geometry":{"type":"Polygon","coordinates":[[[-107.301983,40.488708],[-107.2993061691309,40.491729498001675],[-107.295274,40.491629],[-107.27767,40.493972],[-107.261673,40.493859],[-107.254473,40.496189],[-107.246713,40.497164],[-107.24156777782528,40.496214761880985],[-107.241765,40.49554],[-107.244846,40.492399],[-107.245886,40.491731],[-107.252301,40.489576],[-107.254408,40.486837],[-107.259554,40.483524],[-107.263758,40.483442],[-107.265886,40.484203],[-107.27009,40.484121],[-107.271639,40.483287],[-107.280571,40.483111],[-107.284761,40.482627],[-107.286835,40.481783],[-107.296278,40.481194],[-107.297827,40.480361],[-107.312538,40.480067],[-107.314141,40.480838],[-107.316257,40.481197],[-107.317349,40.482379],[-107.317418,40.484385],[-107.316422,40.486011],[-107.315966,40.488027],[-107.314956,40.489252],[-107.314445,40.489664],[-107.312302,40.488502],[-107.303895,40.48867],[-107.301983,40.488708]]]},"properties":{"kind":"human-conflict","conflictId":"conflict-37","source":"CPW Species Activity Mapping","meaning":"Historical human-conflict area; not a current sighting"}},{"type":"Feature","geometry":{"type":"Polygon","coordinates":[[[-107.508631,40.031992],[-107.511205,40.034096],[-107.512189,40.035394],[-107.512139,40.037224],[-107.511024,40.037668],[-107.5094,40.037013],[-107.505181,40.033656],[-107.502038,40.030069],[-107.501769,40.029552],[-107.502408,40.027989],[-107.502539,40.025392],[-107.504061,40.024922],[-107.505315,40.025471],[-107.505466,40.026689],[-107.504081,40.028435],[-107.505203,40.030212],[-107.508631,40.031992]]]},"properties":{"kind":"human-conflict","conflictId":"conflict-38","source":"CPW Species Activity Mapping","meaning":"Historical human-conflict area; not a current sighting"}},{"type":"Feature","geometry":{"type":"Polygon","coordinates":[[[-107.42752,40.011853],[-107.426634,40.010697],[-107.426633,40.010222],[-107.428004,40.009443],[-107.427375,40.009131],[-107.425127,40.009466],[-107.424773,40.009098],[-107.424709,40.007737],[-107.425755,40.00744],[-107.428171,40.008652],[-107.428543,40.009982],[-107.427305,40.01082],[-107.42839,40.01116],[-107.428014,40.01158],[-107.42752,40.011853]]]},"properties":{"kind":"human-conflict","conflictId":"conflict-39","source":"CPW Species Activity Mapping","meaning":"Historical human-conflict area; not a current sighting"}},{"type":"Feature","geometry":{"type":"Polygon","coordinates":[[[-107.897171,39.865515],[-107.896605,39.865709],[-107.895155,39.864916],[-107.895804,39.864154],[-107.896921,39.864706],[-107.897171,39.865515]]]},"properties":{"kind":"human-conflict","conflictId":"conflict-40","source":"CPW Species Activity Mapping","meaning":"Historical human-conflict area; not a current sighting"}},{"type":"Feature","geometry":{"type":"Polygon","coordinates":[[[-107.822895,39.98356],[-107.822975,39.984133],[-107.821925,39.984382],[-107.82013,39.983094],[-107.819439,39.982304],[-107.819483,39.981745],[-107.820934,39.982276],[-107.822895,39.98356]]]},"properties":{"kind":"human-conflict","conflictId":"conflict-41","source":"CPW Species Activity Mapping","meaning":"Historical human-conflict area; not a current sighting"}},{"type":"Feature","geometry":{"type":"Point","coordinates":[-107.242789,39.9947]},"properties":{"kind":"target","model":"human-food","targetId":"target-1","rank":1,"name":"Trappers Lake/shephards Rim Campground","shortName":"H01 \u00b7 Trappers Lake/shephards Rim Campground","sourceCategory":"Campground","sourceCategories":["Campground"],"sourceManager":"USFS","sourceInventory":"CPW campgrounds","sourceCount":5,"huntCode":"BE012O1R","gmu":24,"relativeScore":97,"conflictScore":100,"conflictDistanceMiles":0.0,"securityOptions":3,"reason1":"mapped source overlaps CPW historical conflict habitat","reason2":"5 mapped campsite/habitation records converge here","reason3":"3 distinct federal-land security areas are nearby","caveat1":"historical conflict mapping is not a current bear report","caveat2":"do not hunt at or shoot toward campsites, homes, roads, or occupied areas","summary":"Human-food priority 97/100 with 3 modeled public-land security options. The source is context only; verify fresh sign, legal access, and a safe setup away from development.","latitude":39.9947,"longitude":-107.242789,"analysisDate":"2026-09-02"}},{"type":"Feature","geometry":{"type":"Polygon","coordinates":[[[-107.27717617948076,39.97260274994209],[-107.27717617948076,39.972086428895466],[-107.27784991594385,39.972086428895466],[-107.27784991594385,39.97157010394848],[-107.27919738887002,39.97157010394848],[-107.27919738887002,39.972086428895466],[-107.27987112533312,39.972086428895466],[-107.27987112533312,39.97157010394848],[-107.2812185982593,39.97157010394848],[-107.2812185982593,39.97105377510116],[-107.28189233472239,39.97105377510116],[-107.28189233472239,39.9705374423535],[-107.28256607118547,39.9705374423535],[-107.28256607118547,39.96795572011073],[-107.28323980764856,39.96795572011073],[-107.28323980764856,39.967439363961354],[-107.28391354411166,39.967439363961354],[-107.28391354411166,39.966923003911745],[-107.28256607118547,39.966923003911745],[-107.28256607118547,39.9664066399619],[-107.27987112533312,39.9664066399619],[-107.27987112533312,39.96795572011073],[-107.2805448617962,39.96795572011073],[-107.2805448617962,39.968472072359845],[-107.27987112533312,39.968472072359845],[-107.27987112533312,39.96898842070869],[-107.27919738887002,39.96898842070869],[-107.27919738887002,39.970021105705534],[-107.27852365240693,39.970021105705534],[-107.27852365240693,39.9705374423535],[-107.27717617948076,39.9705374423535],[-107.27717617948076,39.97157010394848],[-107.27650244301768,39.97157010394848],[-107.27650244301768,39.97260274994209],[-107.27717617948076,39.97260274994209]]]},"properties":{"kind":"security-area","targetId":"target-1","securityId":"target-1-security-1","option":1,"optionLabel":"A","name":"H01A \u00b7 Clinard Lake","sourceName":"Trappers Lake/shephards Rim Campground","gmu":24,"securityScore":69,"cover":55,"routeCover":32,"pressure":11,"distanceMiles":2.53,"routeMiles":2.77,"elevationFt":10044,"slopeDegrees":10,"latitude":39.970796,"longitude":-107.278861,"summary":"2.5 mi from Trappers Lake/shephards Rim Campground; modeled route 2.8 mi; security score 69/100. Verify ownership, closures, current sign, wind, and safe shooting conditions.","verified":false}},{"type":"Feature","geometry":{"type":"Point","coordinates":[-107.27886052063849,39.97079560921487]},"properties":{"kind":"security","targetId":"target-1","securityId":"target-1-security-1","option":1,"optionLabel":"A","name":"H01A \u00b7 Clinard Lake","sourceName":"Trappers Lake/shephards Rim Campground","gmu":24,"securityScore":69,"cover":55,"routeCover":32,"pressure":11,"distanceMiles":2.53,"routeMiles":2.77,"elevationFt":10044,"slopeDegrees":10,"latitude":39.970796,"longitude":-107.278861,"summary":"2.5 mi from Trappers Lake/shephards Rim Campground; modeled route 2.8 mi; security score 69/100. Verify ownership, closures, current sign, wind, and safe shooting conditions.","verified":false}},{"type":"Feature","geometry":{"type":"LineString","coordinates":[[-107.27886052063849,39.97079560921487],[-107.27886052063849,39.97131194001236],[-107.27751304771229,39.97234458990632],[-107.27751304771229,39.973377224198835],[-107.27751304771229,39.974409842889806],[-107.2768393112492,39.975442445979134],[-107.27549183832303,39.97647503346673],[-107.27549183832303,39.977507605352464],[-107.27481810185995,39.97854016163626],[-107.27414436539685,39.97957270231802],[-107.27347062893377,39.980605227397646],[-107.27212315600758,39.981637736875015],[-107.2707756830814,39.98267023075005],[-107.26942821015523,39.983702709022644],[-107.26808073722906,39.984735171692705],[-107.26673326430286,39.98576761876012],[-107.26538579137669,39.9868000502248],[-107.26403831845052,39.9868000502248],[-107.26269084552433,39.9868000502248],[-107.26134337259815,39.9868000502248],[-107.25999589967196,39.98731626010608],[-107.2586484267458,39.987832466086644],[-107.25730095381961,39.988348668166466],[-107.25595348089342,39.988348668166466],[-107.25460600796725,39.98886486634555],[-107.25325853504108,39.98989725100141],[-107.25191106211489,39.98989725100141],[-107.25056358918872,39.990413437478175],[-107.24921611626253,39.9914457987293],[-107.24786864333636,39.99196197350364],[-107.24652117041018,39.992994311349804],[-107.24517369748399,39.994026633592526],[-107.24382622455782,39.99454278886258],[-107.24247875163165,39.99454278886258]]},"properties":{"kind":"corridor","targetId":"target-1","securityId":"target-1-security-1","option":1,"optionLabel":"A","name":"H01A \u00b7 Clinard Lake \u2192 Trappers Lake/shephards Rim Campground","sourceName":"Trappers Lake/shephards Rim Campground","gmu":24,"securityScore":69,"cover":55,"routeCover":32,"pressure":11,"distanceMiles":2.53,"routeMiles":2.77,"elevationFt":10044,"slopeDegrees":10,"latitude":39.970796,"longitude":-107.278861,"summary":"2.5 mi from Trappers Lake/shephards Rim Campground; modeled route 2.8 mi; security score 69/100. Verify ownership, closures, current sign, wind, and safe shooting conditions.","verified":false}},{"type":"Feature","geometry":{"type":"Polygon","coordinates":[[[-107.26302771375587,40.02834246280739],[-107.26302771375587,40.02782656307215],[-107.26370145021896,40.02782656307215],[-107.26370145021896,40.02731065943522],[-107.26437518668205,40.02731065943522],[-107.26437518668205,40.02627884045635],[-107.26302771375587,40.02627884045635],[-107.26302771375587,40.02576292511442],[-107.26235397729279,40.02576292511442],[-107.26235397729279,40.024731082725644],[-107.2610065043666,40.024731082725644],[-107.2610065043666,40.02421515567882],[-107.25898529497734,40.02421515567882],[-107.25898529497734,40.024731082725644],[-107.25965903144042,40.024731082725644],[-107.25965903144042,40.02576292511442],[-107.26033276790352,40.02576292511442],[-107.26033276790352,40.02731065943522],[-107.26168024082969,40.02731065943522],[-107.26168024082969,40.02834246280739],[-107.26302771375587,40.02834246280739]]]},"properties":{"kind":"security-area","targetId":"target-1","securityId":"target-1-security-2","option":2,"optionLabel":"B","name":"H01B \u00b7 Lynx Creek","sourceName":"Trappers Lake/shephards Rim Campground","gmu":24,"securityScore":64,"cover":66,"routeCover":37,"pressure":25,"distanceMiles":2.46,"routeMiles":2.72,"elevationFt":9032,"slopeDegrees":10,"latitude":40.026537,"longitude":-107.262691,"summary":"2.5 mi from Trappers Lake/shephards Rim Campground; modeled route 2.7 mi; security score 64/100. Verify ownership, closures, current sign, wind, and safe shooting conditions.","verified":false}},{"type":"Feature","geometry":{"type":"Point","coordinates":[-107.26269084552433,40.026536796664196]},"properties":{"kind":"security","targetId":"target-1","securityId":"target-1-security-2","option":2,"optionLabel":"B","name":"H01B \u00b7 Lynx Creek","sourceName":"Trappers Lake/shephards Rim Campground","gmu":24,"securityScore":64,"cover":66,"routeCover":37,"pressure":25,"distanceMiles":2.46,"routeMiles":2.72,"elevationFt":9032,"slopeDegrees":10,"latitude":40.026537,"longitude":-107.262691,"summary":"2.5 mi from Trappers Lake/shephards Rim Campground; modeled route 2.7 mi; security score 64/100. Verify ownership, closures, current sign, wind, and safe shooting conditions.","verified":false}},{"type":"Feature","geometry":{"type":"LineString","coordinates":[[-107.26269084552433,40.026536796664196],[-107.26201710906123,40.02602088327309],[-107.26134337259815,40.02498904478595],[-107.26134337259815,40.0239571906923],[-107.26134337259815,40.02292532099226],[-107.26134337259815,40.021893435685904],[-107.26134337259815,40.020861534773346],[-107.26134337259815,40.01982961825469],[-107.26134337259815,40.01879768613002],[-107.26134337259815,40.01776573839943],[-107.25999589967196,40.016733775063045],[-107.2586484267458,40.01570179612094],[-107.25730095381961,40.01466980157323],[-107.25595348089342,40.01466980157323],[-107.25460600796725,40.014153798447296],[-107.25325853504108,40.013121780491346],[-107.25191106211489,40.012605765661355],[-107.25056358918872,40.01208974693002],[-107.24921611626253,40.01105769776345],[-107.24786864333636,40.0100256329917],[-107.24719490687326,40.008993552614875],[-107.24719490687326,40.00796145663308],[-107.24719490687326,40.00692934504642],[-107.24719490687326,40.00589721785499],[-107.24719490687326,40.00486507505888],[-107.24719490687326,40.0038329166582],[-107.24719490687326,40.002800742653044],[-107.24719490687326,40.00176855304351],[-107.24719490687326,40.0007363478297],[-107.24719490687326,39.99970412701171],[-107.24719490687326,39.99867189058965],[-107.24584743394709,39.9976396385636],[-107.24517369748399,39.996607370933674],[-107.24382622455782,39.99557508769996],[-107.24247875163165,39.99454278886258]]},"properties":{"kind":"corridor","targetId":"target-1","securityId":"target-1-security-2","option":2,"optionLabel":"B","name":"H01B \u00b7 Lynx Creek \u2192 Trappers Lake/shephards Rim Campground","sourceName":"Trappers Lake/shephards Rim Campground","gmu":24,"securityScore":64,"cover":66,"routeCover":37,"pressure":25,"distanceMiles":2.46,"routeMiles":2.72,"elevationFt":9032,"slopeDegrees":10,"latitude":40.026537,"longitude":-107.262691,"summary":"2.5 mi from Trappers Lake/shephards Rim Campground; modeled route 2.7 mi; security score 64/100. Verify ownership, closures, current sign, wind, and safe shooting conditions.","verified":false}},{"type":"Feature","geometry":{"type":"Polygon","coordinates":[[[-107.24079441047392,40.02111951146457],[-107.24079441047392,40.02060355710675],[-107.2421418834001,40.02060355710675],[-107.2421418834001,40.02008759884742],[-107.24348935632626,40.02008759884742],[-107.24348935632626,40.01853970066042],[-107.2421418834001,40.01853970066042],[-107.2421418834001,40.018023726795136],[-107.23944693754773,40.018023726795136],[-107.23944693754773,40.01853970066042],[-107.23877320108464,40.01853970066042],[-107.23877320108464,40.01905567062424],[-107.23944693754773,40.01905567062424],[-107.23944693754773,40.01957163668658],[-107.24012067401083,40.01957163668658],[-107.24012067401083,40.02111951146457],[-107.24079441047392,40.02111951146457]]]},"properties":{"kind":"security-area","targetId":"target-1","securityId":"target-1-security-3","option":3,"optionLabel":"C","name":"H01C \u00b7 Skinny Fish Creek","sourceName":"Trappers Lake/shephards Rim Campground","gmu":24,"securityScore":54,"cover":63,"routeCover":33,"pressure":31,"distanceMiles":1.68,"routeMiles":1.9,"elevationFt":9405,"slopeDegrees":19,"latitude":40.018798,"longitude":-107.240458,"summary":"1.7 mi from Trappers Lake/shephards Rim Campground; modeled route 1.9 mi; security score 54/100. Verify ownership, closures, current sign, wind, and safe shooting conditions.","verified":false}},{"type":"Feature","geometry":{"type":"Point","coordinates":[-107.24045754224237,40.01879768613002]},"properties":{"kind":"security","targetId":"target-1","securityId":"target-1-security-3","option":3,"optionLabel":"C","name":"H01C \u00b7 Skinny Fish Creek","sourceName":"Trappers Lake/shephards Rim Campground","gmu":24,"securityScore":54,"cover":63,"routeCover":33,"pressure":31,"distanceMiles":1.68,"routeMiles":1.9,"elevationFt":9405,"slopeDegrees":19,"latitude":40.018798,"longitude":-107.240458,"summary":"1.7 mi from Trappers Lake/shephards Rim Campground; modeled route 1.9 mi; security score 54/100. Verify ownership, closures, current sign, wind, and safe shooting conditions.","verified":false}},{"type":"Feature","geometry":{"type":"LineString","coordinates":[[-107.24045754224237,40.01879768613002],[-107.24113127870545,40.018281714215455],[-107.24180501516854,40.01724975868196],[-107.24315248809474,40.0162177875427],[-107.24382622455782,40.01518580079779],[-107.24517369748399,40.014153798447296],[-107.24584743394709,40.013121780491346],[-107.24719490687326,40.01208974693002],[-107.24719490687326,40.01105769776345],[-107.24719490687326,40.0100256329917],[-107.24719490687326,40.008993552614875],[-107.24719490687326,40.00796145663308],[-107.24719490687326,40.00692934504642],[-107.24719490687326,40.00589721785499],[-107.24719490687326,40.00486507505888],[-107.24719490687326,40.0038329166582],[-107.24719490687326,40.002800742653044],[-107.24719490687326,40.00176855304351],[-107.24719490687326,40.0007363478297],[-107.24719490687326,39.99970412701171],[-107.24719490687326,39.99867189058965],[-107.24584743394709,39.9976396385636],[-107.24517369748399,39.996607370933674],[-107.24382622455782,39.99557508769996],[-107.24247875163165,39.99454278886258]]},"properties":{"kind":"corridor","targetId":"target-1","securityId":"target-1-security-3","option":3,"optionLabel":"C","name":"H01C \u00b7 Skinny Fish Creek \u2192 Trappers Lake/shephards Rim Campground","sourceName":"Trappers Lake/shephards Rim Campground","gmu":24,"securityScore":54,"cover":63,"routeCover":33,"pressure":31,"distanceMiles":1.68,"routeMiles":1.9,"elevationFt":9405,"slopeDegrees":19,"latitude":40.018798,"longitude":-107.240458,"summary":"1.7 mi from Trappers Lake/shephards Rim Campground; modeled route 1.9 mi; security score 54/100. Verify ownership, closures, current sign, wind, and safe shooting conditions.","verified":false}},{"type":"Feature","geometry":{"type":"Point","coordinates":[-107.699043,39.67325]},"properties":{"kind":"target","model":"human-food","targetId":"target-2","rank":2,"name":"Rifle Falls State Park","shortName":"H02 \u00b7 Rifle Falls State Park","sourceCategory":"SWA campsite","sourceCategories":["Campground","Developed area","SWA campsite"],"sourceManager":"CPW","sourceInventory":"CPW SWA campsites","sourceCount":4,"huntCode":"BE012O1R","gmu":33,"relativeScore":97,"conflictScore":100,"conflictDistanceMiles":0.0,"securityOptions":4,"reason1":"mapped source overlaps CPW historical conflict habitat","reason2":"4 mapped campsite/habitation records converge here","reason3":"4 distinct federal-land security areas are nearby","caveat1":"historical conflict mapping is not a current bear report","caveat2":"do not hunt at or shoot toward campsites, homes, roads, or occupied areas","summary":"Human-food priority 97/100 with 4 modeled public-land security options. The source is context only; verify fresh sign, legal access, and a safe setup away from development.","latitude":39.67325,"longitude":-107.699043,"analysisDate":"2026-09-02"}},{"type":"Feature","geometry":{"type":"Polygon","coordinates":[[[-107.68209179379762,39.70047964289132],[-107.68209179379762,39.6999612720123],[-107.68276553026071,39.6999612720123],[-107.68276553026071,39.69944289723969],[-107.68343926672381,39.69944289723969],[-107.68343926672381,39.69892451857348],[-107.68276553026071,39.69892451857348],[-107.68276553026071,39.69840613601369],[-107.68209179379762,39.69840613601369],[-107.68209179379762,39.69892451857348],[-107.68007058440837,39.69892451857348],[-107.68007058440837,39.69944289723969],[-107.67939684794528,39.69944289723969],[-107.67939684794528,39.6999612720123],[-107.67872311148217,39.6999612720123],[-107.67872311148217,39.70047964289132],[-107.68209179379762,39.70047964289132]]]},"properties":{"kind":"security-area","targetId":"target-2","securityId":"target-2-security-1","option":1,"optionLabel":"A","name":"H02A \u00b7 Sawmill Gulch","sourceName":"Rifle Falls State Park","gmu":33,"securityScore":73,"cover":58,"routeCover":54,"pressure":11,"distanceMiles":2.04,"routeMiles":2.25,"elevationFt":7846,"slopeDegrees":11,"latitude":39.699702,"longitude":-107.681755,"summary":"2.0 mi from Rifle Falls State Park; modeled route 2.2 mi; security score 73/100. Verify ownership, closures, current sign, wind, and safe shooting conditions.","verified":false}},{"type":"Feature","geometry":{"type":"Point","coordinates":[-107.68175492556608,39.6997020851127]},"properties":{"kind":"security","targetId":"target-2","securityId":"target-2-security-1","option":1,"optionLabel":"A","name":"H02A \u00b7 Sawmill Gulch","sourceName":"Rifle Falls State Park","gmu":33,"securityScore":73,"cover":58,"routeCover":54,"pressure":11,"distanceMiles":2.04,"routeMiles":2.25,"elevationFt":7846,"slopeDegrees":11,"latitude":39.699702,"longitude":-107.681755,"summary":"2.0 mi from Rifle Falls State Park; modeled route 2.2 mi; security score 73/100. Verify ownership, closures, current sign, wind, and safe shooting conditions.","verified":false}},{"type":"Feature","geometry":{"type":"LineString","coordinates":[[-107.68175492556608,39.6997020851127],[-107.68242866202918,39.6997020851127],[-107.68377613495535,39.69866532778028],[-107.68512360788154,39.69762855487355],[-107.6864710808077,39.69659176639263],[-107.6871448172708,39.69555496233762],[-107.6871448172708,39.69451814270862],[-107.68781855373389,39.693481307505735],[-107.68849229019699,39.69244445672907],[-107.68916602666008,39.691407590378745],[-107.68983976312316,39.69037070845484],[-107.68983976312316,39.6893338109575],[-107.68983976312316,39.688296897886794],[-107.68983976312316,39.68725996924284],[-107.68983976312316,39.68622302502575],[-107.68983976312316,39.68518606523562],[-107.68983976312316,39.684149089872555],[-107.68983976312316,39.68311209893666],[-107.68983976312316,39.682075092428065],[-107.68983976312316,39.68103807034685],[-107.68983976312316,39.68000103269313],[-107.68983976312316,39.678963979467],[-107.69118723604933,39.67792691066858],[-107.69253470897553,39.67688982629798],[-107.6938821819017,39.67585272635529],[-107.69522965482787,39.674815610840625],[-107.69657712775405,39.674297047243826],[-107.69792460068024,39.674297047243826],[-107.69927207360642,39.6732599083714]]},"properties":{"kind":"corridor","targetId":"target-2","securityId":"target-2-security-1","option":1,"optionLabel":"A","name":"H02A \u00b7 Sawmill Gulch \u2192 Rifle Falls State Park","sourceName":"Rifle Falls State Park","gmu":33,"securityScore":73,"cover":58,"routeCover":54,"pressure":11,"distanceMiles":2.04,"routeMiles":2.25,"elevationFt":7846,"slopeDegrees":11,"latitude":39.699702,"longitude":-107.681755,"summary":"2.0 mi from Rifle Falls State Park; modeled route 2.2 mi; security score 73/100. Verify ownership, closures, current sign, wind, and safe shooting conditions.","verified":false}},{"type":"Feature","geometry":{"type":"Polygon","coordinates":[[[-107.65244738942168,39.69892451857348],[-107.65244738942168,39.69840613601369],[-107.65312112588477,39.69840613601369],[-107.65312112588477,39.697887749560316],[-107.65379486234787,39.697887749560316],[-107.65379486234787,39.69477734907592],[-107.65312112588477,39.69477734907592],[-107.65312112588477,39.6973693592134],[-107.65244738942168,39.6973693592134],[-107.65244738942168,39.697887749560316],[-107.6517736529586,39.697887749560316],[-107.6517736529586,39.69840613601369],[-107.65109991649551,39.69840613601369],[-107.65109991649551,39.69892451857348],[-107.65244738942168,39.69892451857348]]]},"properties":{"kind":"security-area","targetId":"target-2","securityId":"target-2-security-2","option":2,"optionLabel":"B","name":"H02B \u00b7 West Elk Reservoir","sourceName":"Rifle Falls State Park","gmu":33,"securityScore":76,"cover":60,"routeCover":49,"pressure":14,"distanceMiles":2.93,"routeMiles":3.27,"elevationFt":8052,"slopeDegrees":10,"latitude":39.69711,"longitude":-107.653458,"summary":"2.9 mi from Rifle Falls State Park; modeled route 3.3 mi; security score 76/100. Verify ownership, closures, current sign, wind, and safe shooting conditions.","verified":false}},{"type":"Feature","geometry":{"type":"Point","coordinates":[-107.65345799411632,39.697110162579854]},"properties":{"kind":"security","targetId":"target-2","securityId":"target-2-security-2","option":2,"optionLabel":"B","name":"H02B \u00b7 West Elk Reservoir","sourceName":"Rifle Falls State Park","gmu":33,"securityScore":76,"cover":60,"routeCover":49,"pressure":14,"distanceMiles":2.93,"routeMiles":3.27,"elevationFt":8052,"slopeDegrees":10,"latitude":39.69711,"longitude":-107.653458,"summary":"2.9 mi from Rifle Falls State Park; modeled route 3.3 mi; security score 76/100. Verify ownership, closures, current sign, wind, and safe shooting conditions.","verified":false}},{"type":"Feature","geometry":{"type":"LineString","coordinates":[[-107.65345799411632,39.697110162579854],[-107.65345799411632,39.69659176639263],[-107.65413173057941,39.69555496233762],[-107.6548054670425,39.69451814270862],[-107.65615293996868,39.693481307505735],[-107.65682667643178,39.69244445672907],[-107.65682667643178,39.691407590378745],[-107.65682667643178,39.69037070845484],[-107.65682667643178,39.6893338109575],[-107.65750041289486,39.688296897886794],[-107.65884788582103,39.68725996924284],[-107.66019535874722,39.686741499080924],[-107.6615428316734,39.6857045470773],[-107.66289030459957,39.68466757950069],[-107.66423777752576,39.68363059635121],[-107.66558525045193,39.68259359762895],[-107.66693272337812,39.68155658333403],[-107.6682801963043,39.68051955346654],[-107.66962766923047,39.67948250802661],[-107.67097514215665,39.678445447014326],[-107.67232261508283,39.6774083704298],[-107.673670088009,39.67688982629798],[-107.67501756093519,39.67637127827314],[-107.67636503386136,39.67637127827314],[-107.67771250678756,39.67637127827314],[-107.67905997971373,39.67637127827314],[-107.6804074526399,39.67585272635529],[-107.68175492556608,39.67585272635529],[-107.68310239849227,39.67585272635529],[-107.68444987141844,39.67585272635529],[-107.68579734434462,39.67533417054445],[-107.6871448172708,39.67533417054445],[-107.68849229019699,39.67533417054445],[-107.68983976312316,39.67533417054445],[-107.69118723604933,39.67533417054445],[-107.69253470897553,39.674815610840625],[-107.6938821819017,39.674815610840625],[-107.69522965482787,39.674297047243826],[-107.69657712775405,39.674297047243826],[-107.69792460068024,39.674297047243826],[-107.69927207360642,39.6732599083714]]},"properties":{"kind":"corridor","targetId":"target-2","securityId":"target-2-security-2","option":2,"optionLabel":"B","name":"H02B \u00b7 West Elk Reservoir \u2192 Rifle Falls State Park","sourceName":"Rifle Falls State Park","gmu":33,"securityScore":76,"cover":60,"routeCover":49,"pressure":14,"distanceMiles":2.93,"routeMiles":3.27,"elevationFt":8052,"slopeDegrees":10,"latitude":39.69711,"longitude":-107.653458,"summary":"2.9 mi from Rifle Falls State Park; modeled route 3.3 mi; security score 76/100. Verify ownership, closures, current sign, wind, and safe shooting conditions.","verified":false}},{"type":"Feature","geometry":{"type":"Polygon","coordinates":[[[-107.66592211868348,39.67818617932809],[-107.66592211868348,39.67766764103582],[-107.66659585514657,39.67766764103582],[-107.66659585514657,39.67663055277218],[-107.66592211868348,39.67663055277218],[-107.66592211868348,39.676112002800835],[-107.6652483822204,39.676112002800835],[-107.6652483822204,39.67663055277218],[-107.66390090929421,39.67663055277218],[-107.66390090929421,39.67714909885052],[-107.6645746457573,39.67714909885052],[-107.6645746457573,39.67766764103582],[-107.6652483822204,39.67766764103582],[-107.6652483822204,39.67818617932809],[-107.66592211868348,39.67818617932809]]]},"properties":{"kind":"security-area","targetId":"target-2","securityId":"target-2-security-3","option":3,"optionLabel":"C","name":"H02C \u00b7 West Elk Reservoir","sourceName":"Rifle Falls State Park","gmu":33,"securityScore":61,"cover":55,"routeCover":55,"pressure":14,"distanceMiles":1.8,"routeMiles":1.86,"elevationFt":7352,"slopeDegrees":10,"latitude":39.67689,"longitude":-107.665585,"summary":"1.8 mi from Rifle Falls State Park; modeled route 1.9 mi; security score 61/100. Verify ownership, closures, current sign, wind, and safe shooting conditions.","verified":false}},{"type":"Feature","geometry":{"type":"Point","coordinates":[-107.66558525045193,39.67688982629798]},"properties":{"kind":"security","targetId":"target-2","securityId":"target-2-security-3","option":3,"optionLabel":"C","name":"H02C \u00b7 West Elk Reservoir","sourceName":"Rifle Falls State Park","gmu":33,"securityScore":61,"cover":55,"routeCover":55,"pressure":14,"distanceMiles":1.8,"routeMiles":1.86,"elevationFt":7352,"slopeDegrees":10,"latitude":39.67689,"longitude":-107.665585,"summary":"1.8 mi from Rifle Falls State Park; modeled route 1.9 mi; security score 61/100. Verify ownership, closures, current sign, wind, and safe shooting conditions.","verified":false}},{"type":"Feature","geometry":{"type":"LineString","coordinates":[[-107.66558525045193,39.67688982629798],[-107.66693272337812,39.67688982629798],[-107.6682801963043,39.67688982629798],[-107.66962766923047,39.67637127827314],[-107.67097514215665,39.67637127827314],[-107.67232261508283,39.67637127827314],[-107.673670088009,39.67637127827314],[-107.67501756093519,39.67637127827314],[-107.67636503386136,39.67637127827314],[-107.67771250678756,39.67637127827314],[-107.67905997971373,39.67637127827314],[-107.6804074526399,39.67585272635529],[-107.68175492556608,39.67585272635529],[-107.68310239849227,39.67585272635529],[-107.68444987141844,39.67585272635529],[-107.68579734434462,39.67533417054445],[-107.6871448172708,39.67533417054445],[-107.68849229019699,39.67533417054445],[-107.68983976312316,39.67533417054445],[-107.69118723604933,39.67533417054445],[-107.69253470897553,39.674815610840625],[-107.6938821819017,39.674815610840625],[-107.69522965482787,39.674297047243826],[-107.69657712775405,39.674297047243826],[-107.69792460068024,39.674297047243826],[-107.69927207360642,39.6732599083714]]},"properties":{"kind":"corridor","targetId":"target-2","securityId":"target-2-security-3","option":3,"optionLabel":"C","name":"H02C \u00b7 West Elk Reservoir \u2192 Rifle Falls State Park","sourceName":"Rifle Falls State Park","gmu":33,"securityScore":61,"cover":55,"routeCover":55,"pressure":14,"distanceMiles":1.8,"routeMiles":1.86,"elevationFt":7352,"slopeDegrees":10,"latitude":39.67689,"longitude":-107.665585,"summary":"1.8 mi from Rifle Falls State Park; modeled route 1.9 mi; security score 61/100. Verify ownership, closures, current sign, wind, and safe shooting conditions.","verified":false}},{"type":"Feature","geometry":{"type":"Polygon","coordinates":[[[-107.74003312962333,39.6973693592134],[-107.74003312962333,39.69685096497294],[-107.74070686608644,39.69685096497294],[-107.74070686608644,39.69633256683895],[-107.74138060254953,39.69633256683895],[-107.74138060254953,39.69581416481143],[-107.74070686608644,39.69581416481143],[-107.74070686608644,39.695295758890424],[-107.74003312962333,39.695295758890424],[-107.74003312962333,39.69581416481143],[-107.73868565669716,39.69581416481143],[-107.73868565669716,39.69633256683895],[-107.73801192023407,39.69633256683895],[-107.73801192023407,39.69581416481143],[-107.7359907108448,39.69581416481143],[-107.7359907108448,39.69633256683895],[-107.73733818377099,39.69633256683895],[-107.73733818377099,39.69685096497294],[-107.73666444730789,39.69685096497294],[-107.73666444730789,39.6973693592134],[-107.73868565669716,39.6973693592134],[-107.73868565669716,39.69685096497294],[-107.73935939316024,39.69685096497294],[-107.73935939316024,39.6973693592134],[-107.74003312962333,39.6973693592134]]]},"properties":{"kind":"security-area","targetId":"target-2","securityId":"target-2-security-4","option":4,"optionLabel":"D","name":"H02D \u00b7 Big Parker Creek","sourceName":"Rifle Falls State Park","gmu":33,"securityScore":62,"cover":58,"routeCover":44,"pressure":7,"distanceMiles":2.66,"routeMiles":2.78,"elevationFt":7503,"slopeDegrees":19,"latitude":39.695555,"longitude":-107.74037,"summary":"2.7 mi from Rifle Falls State Park; modeled route 2.8 mi; security score 62/100. Verify ownership, closures, current sign, wind, and safe shooting conditions.","verified":false}},{"type":"Feature","geometry":{"type":"Point","coordinates":[-107.74036999785488,39.69555496233762]},"properties":{"kind":"security","targetId":"target-2","securityId":"target-2-security-4","option":4,"optionLabel":"D","name":"H02D \u00b7 Big Parker Creek","sourceName":"Rifle Falls State Park","gmu":33,"securityScore":62,"cover":58,"routeCover":44,"pressure":7,"distanceMiles":2.66,"routeMiles":2.78,"elevationFt":7503,"slopeDegrees":19,"latitude":39.695555,"longitude":-107.74037,"summary":"2.7 mi from Rifle Falls State Park; modeled route 2.8 mi; security score 62/100. Verify ownership, closures, current sign, wind, and safe shooting conditions.","verified":false}},{"type":"Feature","geometry":{"type":"LineString","coordinates":[[-107.74036999785488,39.69555496233762],[-107.73902252492871,39.69451814270862],[-107.73767505200252,39.6939997270539],[-107.73632757907635,39.6939997270539],[-107.73498010615018,39.692962884064116],[-107.73363263322399,39.691926025500614],[-107.7322851602978,39.690889151363486],[-107.73093768737162,39.690889151363486],[-107.72959021444545,39.69037070845484],[-107.72824274151928,39.689852261652845],[-107.72689526859308,39.6888153563688],[-107.72554779566691,39.68777843551147],[-107.72420032274074,39.686741499080924],[-107.72285284981456,39.6857045470773],[-107.72150537688837,39.68518606523562],[-107.72015790396219,39.68466757950069],[-107.71881043103602,39.68363059635121],[-107.71746295810983,39.68363059635121],[-107.71611548518365,39.68311209893666],[-107.71476801225748,39.682075092428065],[-107.7140942757944,39.68103807034685],[-107.71274680286821,39.68000103269313],[-107.71139932994203,39.678963979467],[-107.71005185701586,39.67792691066858],[-107.70870438408967,39.67688982629798],[-107.7073569111635,39.67585272635529],[-107.7060094382373,39.674815610840625],[-107.70466196531113,39.674815610840625],[-107.70331449238496,39.674815610840625],[-107.70196701945878,39.674297047243826],[-107.7006195465326,39.6732599083714],[-107.69927207360642,39.6732599083714]]},"properties":{"kind":"corridor","targetId":"target-2","securityId":"target-2-security-4","option":4,"optionLabel":"D","name":"H02D \u00b7 Big Parker Creek \u2192 Rifle Falls State Park","sourceName":"Rifle Falls State Park","gmu":33,"securityScore":62,"cover":58,"routeCover":44,"pressure":7,"distanceMiles":2.66,"routeMiles":2.78,"elevationFt":7503,"slopeDegrees":19,"latitude":39.695555,"longitude":-107.74037,"summary":"2.7 mi from Rifle Falls State Park; modeled route 2.8 mi; security score 62/100. Verify ownership, closures, current sign, wind, and safe shooting conditions.","verified":false}},{"type":"Feature","geometry":{"type":"Point","coordinates":[-107.426122,40.006951]},"properties":{"kind":"target","model":"human-food","targetId":"target-3","rank":3,"name":"Marvine Campground","shortName":"H03 \u00b7 Marvine Campground","sourceCategory":"Campground","sourceCategories":["Campground"],"sourceManager":"USFS","sourceInventory":"CPW campgrounds","sourceCount":2,"huntCode":"BE012O1R","gmu":24,"relativeScore":96,"conflictScore":100,"conflictDistanceMiles":0.0,"securityOptions":5,"reason1":"mapped source is 0.0 mi from CPW conflict habitat","reason2":"2 mapped campsite/habitation records converge here","reason3":"5 distinct federal-land security areas are nearby","caveat1":"historical conflict mapping is not a current bear report","caveat2":"do not hunt at or shoot toward campsites, homes, roads, or occupied areas","summary":"Human-food priority 96/100 with 5 modeled public-land security options. The source is context only; verify fresh sign, legal access, and a safe setup away from development.","latitude":40.006951,"longitude":-107.426122,"analysisDate":"2026-09-02"}},{"type":"Feature","geometry":{"type":"Polygon","coordinates":[[[-107.41327094502486,40.03298538484624],[-107.41327094502486,40.03143777928251],[-107.41394468148796,40.03143777928251],[-107.41394468148796,40.03040602273113],[-107.41461841795105,40.03040602273113],[-107.41461841795105,40.029374250572715],[-107.41529215441413,40.029374250572715],[-107.41529215441413,40.02885835864091],[-107.41596589087722,40.02885835864091],[-107.41596589087722,40.02627884045635],[-107.41529215441413,40.02627884045635],[-107.41529215441413,40.024731082725644],[-107.41461841795105,40.024731082725644],[-107.41461841795105,40.02369922473039],[-107.41529215441413,40.02369922473039],[-107.41529215441413,40.02318328988036],[-107.41461841795105,40.02318328988036],[-107.41461841795105,40.02266735112875],[-107.41394468148796,40.02266735112875],[-107.41394468148796,40.024731082725644],[-107.41327094502486,40.024731082725644],[-107.41327094502486,40.02834246280739],[-107.41259720856176,40.02834246280739],[-107.41259720856176,40.03092190295771],[-107.41192347209868,40.03092190295771],[-107.41192347209868,40.0324695202268],[-107.4112497356356,40.0324695202268],[-107.4112497356356,40.03298538484624],[-107.41327094502486,40.03298538484624]]]},"properties":{"kind":"security-area","targetId":"target-3","securityId":"target-3-security-1","option":1,"optionLabel":"A","name":"H03A \u00b7 East Marvine Creek","sourceName":"Marvine Campground","gmu":24,"securityScore":68,"cover":69,"routeCover":72,"pressure":12,"distanceMiles":1.6,"routeMiles":1.76,"elevationFt":9092,"slopeDegrees":18,"latitude":40.028085,"longitude":-107.414282,"summary":"1.6 mi from Marvine Campground; modeled route 1.8 mi; security score 68/100. Verify ownership, closures, current sign, wind, and safe shooting conditions.","verified":false}},{"type":"Feature","geometry":{"type":"Point","coordinates":[-107.41428154971949,40.02808451342748]},"properties":{"kind":"security","targetId":"target-3","securityId":"target-3-security-1","option":1,"optionLabel":"A","name":"H03A \u00b7 East Marvine Creek","sourceName":"Marvine Campground","gmu":24,"securityScore":68,"cover":69,"routeCover":72,"pressure":12,"distanceMiles":1.6,"routeMiles":1.76,"elevationFt":9092,"slopeDegrees":18,"latitude":40.028085,"longitude":-107.414282,"summary":"1.6 mi from Marvine Campground; modeled route 1.8 mi; security score 68/100. Verify ownership, closures, current sign, wind, and safe shooting conditions.","verified":false}},{"type":"Feature","geometry":{"type":"LineString","coordinates":[[-107.41428154971949,40.02808451342748],[-107.41428154971949,40.0275686117414],[-107.4136078132564,40.026536796664196],[-107.4136078132564,40.02550496598034],[-107.4136078132564,40.02447311968993],[-107.41428154971949,40.023441257793074],[-107.41428154971949,40.022409380289865],[-107.41495528618259,40.0213774871804],[-107.41630275910877,40.02034557846478],[-107.41697649557186,40.019313654143104],[-107.41765023203494,40.018281714215455],[-107.41899770496113,40.01724975868196],[-107.41899770496113,40.0162177875427],[-107.4203451778873,40.01518580079779],[-107.42169265081348,40.014153798447296],[-107.42169265081348,40.013121780491346],[-107.42169265081348,40.01208974693002],[-107.42169265081348,40.01105769776345],[-107.42169265081348,40.0100256329917],[-107.42236638727658,40.008993552614875],[-107.42371386020275,40.00796145663308],[-107.42506133312892,40.00692934504642],[-107.42640880605512,40.00692934504642]]},"properties":{"kind":"corridor","targetId":"target-3","securityId":"target-3-security-1","option":1,"optionLabel":"A","name":"H03A \u00b7 East Marvine Creek \u2192 Marvine Campground","sourceName":"Marvine Campground","gmu":24,"securityScore":68,"cover":69,"routeCover":72,"pressure":12,"distanceMiles":1.6,"routeMiles":1.76,"elevationFt":9092,"slopeDegrees":18,"latitude":40.028085,"longitude":-107.414282,"summary":"1.6 mi from Marvine Campground; modeled route 1.8 mi; security score 68/100. Verify ownership, closures, current sign, wind, and safe shooting conditions.","verified":false}},{"type":"Feature","geometry":{"type":"Polygon","coordinates":[[[-107.43617798476991,40.025247005870845],[-107.43617798476991,40.024731082725644],[-107.436851721233,40.024731082725644],[-107.436851721233,40.02421515567882],[-107.43617798476991,40.02421515567882],[-107.43617798476991,40.02266735112875],[-107.43550424830683,40.02266735112875],[-107.43550424830683,40.02215140847558],[-107.43483051184374,40.02215140847558],[-107.43483051184374,40.02318328988036],[-107.43550424830683,40.02318328988036],[-107.43550424830683,40.024731082725644],[-107.43483051184374,40.024731082725644],[-107.43483051184374,40.025247005870845],[-107.43617798476991,40.025247005870845]]]},"properties":{"kind":"security-area","targetId":"target-3","securityId":"target-3-security-2","option":2,"optionLabel":"B","name":"H03B \u00b7 West Marvine Creek","sourceName":"Marvine Campground","gmu":24,"securityScore":68,"cover":57,"routeCover":62,"pressure":31,"distanceMiles":1.25,"routeMiles":1.38,"elevationFt":8252,"slopeDegrees":8,"latitude":40.023441,"longitude":-107.435841,"summary":"1.2 mi from Marvine Campground; modeled route 1.4 mi; security score 68/100. Verify ownership, closures, current sign, wind, and safe shooting conditions.","verified":false}},{"type":"Feature","geometry":{"type":"Point","coordinates":[-107.43584111653836,40.023441257793074]},"properties":{"kind":"security","targetId":"target-3","securityId":"target-3-security-2","option":2,"optionLabel":"B","name":"H03B \u00b7 West Marvine Creek","sourceName":"Marvine Campground","gmu":24,"securityScore":68,"cover":57,"routeCover":62,"pressure":31,"distanceMiles":1.25,"routeMiles":1.38,"elevationFt":8252,"slopeDegrees":8,"latitude":40.023441,"longitude":-107.435841,"summary":"1.2 mi from Marvine Campground; modeled route 1.4 mi; security score 68/100. Verify ownership, closures, current sign, wind, and safe shooting conditions.","verified":false}},{"type":"Feature","geometry":{"type":"LineString","coordinates":[[-107.43584111653836,40.023441257793074],[-107.43449364361219,40.022409380289865],[-107.43314617068602,40.0213774871804],[-107.43179869775983,40.020861534773346],[-107.43045122483365,40.02034557846478],[-107.42910375190746,40.019313654143104],[-107.42775627898129,40.018281714215455],[-107.42640880605512,40.01724975868196],[-107.42640880605512,40.0162177875427],[-107.42640880605512,40.01518580079779],[-107.42640880605512,40.014153798447296],[-107.42640880605512,40.013121780491346],[-107.42640880605512,40.01208974693002],[-107.42640880605512,40.01105769776345],[-107.42640880605512,40.0100256329917],[-107.42640880605512,40.008993552614875],[-107.42640880605512,40.00796145663308],[-107.42640880605512,40.00692934504642]]},"properties":{"kind":"corridor","targetId":"target-3","securityId":"target-3-security-2","option":2,"optionLabel":"B","name":"H03B \u00b7 West Marvine Creek \u2192 Marvine Campground","sourceName":"Marvine Campground","gmu":24,"securityScore":68,"cover":57,"routeCover":62,"pressure":31,"distanceMiles":1.25,"routeMiles":1.38,"elevationFt":8252,"slopeDegrees":8,"latitude":40.023441,"longitude":-107.435841,"summary":"1.2 mi from Marvine Campground; modeled route 1.4 mi; security score 68/100. Verify ownership, closures, current sign, wind, and safe shooting conditions.","verified":false}},{"type":"Feature","geometry":{"type":"Polygon","coordinates":[[[-107.41663962734032,39.984477057487936],[-107.41663962734032,39.9808633562297],[-107.41596589087722,39.9808633562297],[-107.41596589087722,39.979314568610285],[-107.41529215441413,39.979314568610285],[-107.41529215441413,39.977765745886096],[-107.41461841795105,39.977765745886096],[-107.41461841795105,39.97673317790083],[-107.41394468148796,39.97673317790083],[-107.41394468148796,39.97621688805749],[-107.41327094502486,39.97621688805749],[-107.41327094502486,39.97466799512479],[-107.4112497356356,39.97466799512479],[-107.4112497356356,39.97518429666947],[-107.40990226270942,39.97518429666947],[-107.40990226270942,39.9757005943137],[-107.41057599917251,39.9757005943137],[-107.41057599917251,39.97673317790083],[-107.4112497356356,39.97673317790083],[-107.4112497356356,39.979314568610285],[-107.41259720856176,39.979314568610285],[-107.41259720856176,39.979830835050635],[-107.41327094502486,39.979830835050635],[-107.41327094502486,39.98034709759044],[-107.41394468148796,39.98034709759044],[-107.41394468148796,39.98137961096839],[-107.41327094502486,39.98137961096839],[-107.41327094502486,39.98189586180649],[-107.41394468148796,39.98189586180649],[-107.41394468148796,39.98241210874402],[-107.41461841795105,39.98241210874402],[-107.41461841795105,39.984477057487936],[-107.41663962734032,39.984477057487936]]]},"properties":{"kind":"security-area","targetId":"target-3","securityId":"target-3-security-3","option":3,"optionLabel":"C","name":"H03C \u00b7 Slide Lake","sourceName":"Marvine Campground","gmu":24,"securityScore":62,"cover":67,"routeCover":70,"pressure":25,"distanceMiles":2.0,"routeMiles":2.26,"elevationFt":8586,"slopeDegrees":18,"latitude":39.979573,"longitude":-107.414282,"summary":"2.0 mi from Marvine Campground; modeled route 2.3 mi; security score 62/100. Verify ownership, closures, current sign, wind, and safe shooting conditions.","verified":false}},{"type":"Feature","geometry":{"type":"Point","coordinates":[-107.41428154971949,39.97957270231802]},"properties":{"kind":"security","targetId":"target-3","securityId":"target-3-security-3","option":3,"optionLabel":"C","name":"H03C \u00b7 Slide Lake","sourceName":"Marvine Campground","gmu":24,"securityScore":62,"cover":67,"routeCover":70,"pressure":25,"distanceMiles":2.0,"routeMiles":2.26,"elevationFt":8586,"slopeDegrees":18,"latitude":39.979573,"longitude":-107.414282,"summary":"2.0 mi from Marvine Campground; modeled route 2.3 mi; security score 62/100. Verify ownership, closures, current sign, wind, and safe shooting conditions.","verified":false}},{"type":"Feature","geometry":{"type":"LineString","coordinates":[[-107.41428154971949,39.97957270231802],[-107.4136078132564,39.980088966808104],[-107.41226034033023,39.981121484086614],[-107.41158660386715,39.982153985762835],[-107.41158660386715,39.98318647183666],[-107.41158660386715,39.984218942308],[-107.41158660386715,39.98525139717675],[-107.41091286740405,39.986283836442816],[-107.41091286740405,39.98731626010608],[-107.41091286740405,39.988348668166466],[-107.41158660386715,39.98938106062387],[-107.41158660386715,39.990413437478175],[-107.41158660386715,39.9914457987293],[-107.41158660386715,39.99247814437714],[-107.41293407679332,39.993510474421605],[-107.41428154971949,39.99454278886258],[-107.41562902264567,39.99557508769996],[-107.41630275910877,39.996607370933674],[-107.41765023203494,39.9976396385636],[-107.41899770496113,39.99867189058965],[-107.4203451778873,39.99970412701171],[-107.42169265081348,40.0007363478297],[-107.42304012373967,40.00176855304351],[-107.42371386020275,40.002800742653044],[-107.42438759666584,40.0038329166582],[-107.42573506959202,40.00486507505888],[-107.42640880605512,40.00589721785499],[-107.42640880605512,40.00692934504642]]},"properties":{"kind":"corridor","targetId":"target-3","securityId":"target-3-security-3","option":3,"optionLabel":"C","name":"H03C \u00b7 Slide Lake \u2192 Marvine Campground","sourceName":"Marvine Campground","gmu":24,"securityScore":62,"cover":67,"routeCover":70,"pressure":25,"distanceMiles":2.0,"routeMiles":2.26,"elevationFt":8586,"slopeDegrees":18,"latitude":39.979573,"longitude":-107.414282,"summary":"2.0 mi from Marvine Campground; modeled route 2.3 mi; security score 62/100. Verify ownership, closures, current sign, wind, and safe shooting conditions.","verified":false}},{"type":"Feature","geometry":{"type":"Polygon","coordinates":[[[-107.40653358039397,40.01028365064761],[-107.40653358039397,40.00873553008239],[-107.40720731685705,40.00873553008239],[-107.40720731685705,40.00821948209149],[-107.40653358039397,40.00821948209149],[-107.40653358039397,40.00770343019937],[-107.40788105332014,40.00770343019937],[-107.40788105332014,40.007187374406044],[-107.40855478978324,40.007187374406044],[-107.40855478978324,40.00770343019937],[-107.41192347209868,40.00770343019937],[-107.41192347209868,40.007187374406044],[-107.4112497356356,40.007187374406044],[-107.4112497356356,40.00512311222084],[-107.41057599917251,40.00512311222084],[-107.41057599917251,40.004090957721296],[-107.40990226270942,40.004090957721296],[-107.40990226270942,40.00357487461982],[-107.40922852624632,40.00357487461982],[-107.40922852624632,40.00305878761725],[-107.40788105332014,40.00305878761725],[-107.40788105332014,40.00357487461982],[-107.40720731685705,40.00357487461982],[-107.40720731685705,40.00305878761725],[-107.40653358039397,40.00305878761725],[-107.40653358039397,40.00512311222084],[-107.40518610746778,40.00512311222084],[-107.40518610746778,40.006155251115786],[-107.40585984393088,40.006155251115786],[-107.40585984393088,40.006671314711504],[-107.4045123710047,40.006671314711504],[-107.4045123710047,40.007187374406044],[-107.40383863454161,40.007187374406044],[-107.40383863454161,40.00770343019937],[-107.40316489807851,40.00770343019937],[-107.40316489807851,40.00821948209149],[-107.4045123710047,40.00821948209149],[-107.4045123710047,40.00976761436046],[-107.40518610746778,40.00976761436046],[-107.40518610746778,40.01028365064761],[-107.40653358039397,40.01028365064761]],[[-107.40990226270942,40.007187374406044],[-107.40922852624632,40.007187374406044],[-107.40922852624632,40.006671314711504],[-107.40990226270942,40.006671314711504],[-107.40990226270942,40.007187374406044]],[[-107.40855478978324,40.006155251115786],[-107.40788105332014,40.006155251115786],[-107.40788105332014,40.00512311222084],[-107.40922852624632,40.00512311222084],[-107.40922852624632,40.0056391836189],[-107.40855478978324,40.0056391836189],[-107.40855478978324,40.006155251115786]],[[-107.40653358039397,40.006155251115786],[-107.40585984393088,40.006155251115786],[-107.40585984393088,40.0056391836189],[-107.40653358039397,40.0056391836189],[-107.40653358039397,40.006155251115786]],[[-107.40788105332014,40.00512311222084],[-107.40720731685705,40.00512311222084],[-107.40720731685705,40.00460703692164],[-107.40788105332014,40.00460703692164],[-107.40788105332014,40.00512311222084]],[[-107.40922852624632,40.00460703692164],[-107.40788105332014,40.00460703692164],[-107.40788105332014,40.004090957721296],[-107.40922852624632,40.004090957721296],[-107.40922852624632,40.00460703692164]]]},"properties":{"kind":"security-area","targetId":"target-3","securityId":"target-3-security-4","option":4,"optionLabel":"D","name":"H03D \u00b7 Muskrat Lakes","sourceName":"Marvine Campground","gmu":24,"securityScore":62,"cover":60,"routeCover":69,"pressure":17,"distanceMiles":1.14,"routeMiles":1.17,"elevationFt":8804,"slopeDegrees":9,"latitude":40.007445,"longitude":-107.404849,"summary":"1.1 mi from Marvine Campground; modeled route 1.2 mi; security score 62/100. Verify ownership, closures, current sign, wind, and safe shooting conditions.","verified":false}},{"type":"Feature","geometry":{"type":"Point","coordinates":[-107.40484923923624,40.00744540279036]},"properties":{"kind":"security","targetId":"target-3","securityId":"target-3-security-4","option":4,"optionLabel":"D","name":"H03D \u00b7 Muskrat Lakes","sourceName":"Marvine Campground","gmu":24,"securityScore":62,"cover":60,"routeCover":69,"pressure":17,"distanceMiles":1.14,"routeMiles":1.17,"elevationFt":8804,"slopeDegrees":9,"latitude":40.007445,"longitude":-107.404849,"summary":"1.1 mi from Marvine Campground; modeled route 1.2 mi; security score 62/100. Verify ownership, closures, current sign, wind, and safe shooting conditions.","verified":false}},{"type":"Feature","geometry":{"type":"LineString","coordinates":[[-107.40484923923624,40.00744540279036],[-107.40619671216243,40.00744540279036],[-107.4075441850886,40.00744540279036],[-107.40889165801478,40.00744540279036],[-107.41023913094095,40.00692934504642],[-107.41158660386715,40.00692934504642],[-107.41293407679332,40.00692934504642],[-107.41428154971949,40.00692934504642],[-107.41562902264567,40.00692934504642],[-107.41697649557186,40.00692934504642],[-107.41832396849803,40.00744540279036],[-107.41967144142421,40.00744540279036],[-107.4210189143504,40.00744540279036],[-107.42236638727658,40.00744540279036],[-107.42371386020275,40.00744540279036],[-107.42506133312892,40.00692934504642],[-107.42640880605512,40.00692934504642]]},"properties":{"kind":"corridor","targetId":"target-3","securityId":"target-3-security-4","option":4,"optionLabel":"D","name":"H03D \u00b7 Muskrat Lakes \u2192 Marvine Campground","sourceName":"Marvine Campground","gmu":24,"securityScore":62,"cover":60,"routeCover":69,"pressure":17,"distanceMiles":1.14,"routeMiles":1.17,"elevationFt":8804,"slopeDegrees":9,"latitude":40.007445,"longitude":-107.404849,"summary":"1.1 mi from Marvine Campground; modeled route 1.2 mi; security score 62/100. Verify ownership, closures, current sign, wind, and safe shooting conditions.","verified":false}},{"type":"Feature","geometry":{"type":"Polygon","coordinates":[[[-107.40249116161543,40.021635461920845],[-107.40249116161543,40.02111951146457],[-107.40316489807851,40.02111951146457],[-107.40316489807851,40.02060355710675],[-107.40383863454161,40.02060355710675],[-107.40383863454161,40.02008759884742],[-107.40518610746778,40.02008759884742],[-107.40518610746778,40.01957163668658],[-107.4045123710047,40.01957163668658],[-107.4045123710047,40.01905567062424],[-107.40518610746778,40.01905567062424],[-107.40518610746778,40.01853970066042],[-107.40585984393088,40.01853970066042],[-107.40585984393088,40.018023726795136],[-107.40720731685705,40.018023726795136],[-107.40720731685705,40.017507749028375],[-107.40518610746778,40.017507749028375],[-107.40518610746778,40.01699176736018],[-107.4045123710047,40.01699176736018],[-107.4045123710047,40.017507749028375],[-107.40383863454161,40.017507749028375],[-107.40383863454161,40.01853970066042],[-107.40316489807851,40.01853970066042],[-107.40316489807851,40.01905567062424],[-107.40249116161543,40.01905567062424],[-107.40249116161543,40.01957163668658],[-107.40046995222616,40.01957163668658],[-107.40046995222616,40.02008759884742],[-107.39979621576308,40.02008759884742],[-107.39979621576308,40.02060355710675],[-107.39844874283689,40.02060355710675],[-107.39844874283689,40.02111951146457],[-107.39777500637379,40.02111951146457],[-107.39777500637379,40.021635461920845],[-107.40249116161543,40.021635461920845]],[[-107.40383863454161,40.02008759884742],[-107.40316489807851,40.02008759884742],[-107.40316489807851,40.01957163668658],[-107.40383863454161,40.01957163668658],[-107.40383863454161,40.02008759884742]]]},"properties":{"kind":"security-area","targetId":"target-3","securityId":"target-3-security-5","option":5,"optionLabel":"E","name":"H03E \u00b7 Johnson Lake","sourceName":"Marvine Campground","gmu":24,"securityScore":61,"cover":60,"routeCover":68,"pressure":13,"distanceMiles":1.63,"routeMiles":1.7,"elevationFt":9259,"slopeDegrees":12,"latitude":40.020862,"longitude":-107.401481,"summary":"1.6 mi from Marvine Campground; modeled route 1.7 mi; security score 61/100. Verify ownership, closures, current sign, wind, and safe shooting conditions.","verified":false}},{"type":"Feature","geometry":{"type":"Point","coordinates":[-107.4014805569208,40.020861534773346]},"properties":{"kind":"security","targetId":"target-3","securityId":"target-3-security-5","option":5,"optionLabel":"E","name":"H03E \u00b7 Johnson Lake","sourceName":"Marvine Campground","gmu":24,"securityScore":61,"cover":60,"routeCover":68,"pressure":13,"distanceMiles":1.63,"routeMiles":1.7,"elevationFt":9259,"slopeDegrees":12,"latitude":40.020862,"longitude":-107.401481,"summary":"1.6 mi from Marvine Campground; modeled route 1.7 mi; security score 61/100. Verify ownership, closures, current sign, wind, and safe shooting conditions.","verified":false}},{"type":"Feature","geometry":{"type":"LineString","coordinates":[[-107.4014805569208,40.020861534773346],[-107.40215429338389,40.020861534773346],[-107.40350176631006,40.01982961825469],[-107.40484923923624,40.01879768613002],[-107.40619671216243,40.01776573839943],[-107.4075441850886,40.016733775063045],[-107.40889165801478,40.01570179612094],[-107.41023913094095,40.01466980157323],[-107.41158660386715,40.013637791419995],[-107.41293407679332,40.012605765661355],[-107.41428154971949,40.01157372429739],[-107.41562902264567,40.010541667328205],[-107.41697649557186,40.00950959475391],[-107.41832396849803,40.008993552614875],[-107.41967144142421,40.008993552614875],[-107.4210189143504,40.008993552614875],[-107.42236638727658,40.00796145663308],[-107.42371386020275,40.00744540279036],[-107.42506133312892,40.00692934504642],[-107.42640880605512,40.00692934504642]]},"properties":{"kind":"corridor","targetId":"target-3","securityId":"target-3-security-5","option":5,"optionLabel":"E","name":"H03E \u00b7 Johnson Lake \u2192 Marvine Campground","sourceName":"Marvine Campground","gmu":24,"securityScore":61,"cover":60,"routeCover":68,"pressure":13,"distanceMiles":1.63,"routeMiles":1.7,"elevationFt":9259,"slopeDegrees":12,"latitude":40.020862,"longitude":-107.401481,"summary":"1.6 mi from Marvine Campground; modeled route 1.7 mi; security score 61/100. Verify ownership, closures, current sign, wind, and safe shooting conditions.","verified":false}},{"type":"Feature","geometry":{"type":"Point","coordinates":[-107.070061,40.045986]},"properties":{"kind":"target","model":"human-food","targetId":"target-4","rank":4,"name":"Bear Lake Campground","shortName":"H04 \u00b7 Bear Lake Campground","sourceCategory":"Campground","sourceCategories":["Campground"],"sourceManager":"USFS","sourceInventory":"CPW campgrounds","sourceCount":1,"huntCode":"BE012O1R","gmu":231,"relativeScore":96,"conflictScore":100,"conflictDistanceMiles":0.0,"securityOptions":5,"reason1":"mapped source overlaps CPW historical conflict habitat","reason2":"mapped campground supplies the human-food hypothesis","reason3":"5 distinct federal-land security areas are nearby","caveat1":"historical conflict mapping is not a current bear report","caveat2":"do not hunt at or shoot toward campsites, homes, roads, or occupied areas","summary":"Human-food priority 96/100 with 5 modeled public-land security options. The source is context only; verify fresh sign, legal access, and a safe setup away from development.","latitude":40.045986,"longitude":-107.070061,"analysisDate":"2026-09-02"}},{"type":"Feature","geometry":{"type":"Polygon","coordinates":[[[-107.04204215386247,40.05928930635771],[-107.04204215386247,40.058773640746566],[-107.04271589032557,40.058773640746566],[-107.04271589032557,40.05825797123298],[-107.04204215386247,40.05825797123298],[-107.04204215386247,40.057742297816986],[-107.04136841739938,40.057742297816986],[-107.04136841739938,40.05722662049858],[-107.0406946809363,40.05722662049858],[-107.0406946809363,40.05671093927779],[-107.03934720801011,40.05671093927779],[-107.03934720801011,40.05722662049858],[-107.03799973508393,40.05722662049858],[-107.03799973508393,40.05619525415461],[-107.03463105276848,40.05619525415461],[-107.03463105276848,40.057742297816986],[-107.03395731630539,40.057742297816986],[-107.03395731630539,40.05825797123298],[-107.03463105276848,40.05825797123298],[-107.03463105276848,40.058773640746566],[-107.0400209444732,40.058773640746566],[-107.0400209444732,40.05928930635771],[-107.04204215386247,40.05928930635771]]]},"properties":{"kind":"security-area","targetId":"target-4","securityId":"target-4-security-1","option":1,"optionLabel":"A","name":"H04A \u00b7 Coal Creek","sourceName":"Bear Lake Campground","gmu":231,"securityScore":66,"cover":65,"routeCover":81,"pressure":10,"distanceMiles":1.74,"routeMiles":2.16,"elevationFt":9518,"slopeDegrees":13,"latitude":40.058,"longitude":-107.041032,"summary":"1.7 mi from Bear Lake Campground; modeled route 2.2 mi; security score 66/100. Verify ownership, closures, current sign, wind, and safe shooting conditions.","verified":false}},{"type":"Feature","geometry":{"type":"Point","coordinates":[-107.04103154916784,40.05800013501278]},"properties":{"kind":"security","targetId":"target-4","securityId":"target-4-security-1","option":1,"optionLabel":"A","name":"H04A \u00b7 Coal Creek","sourceName":"Bear Lake Campground","gmu":231,"securityScore":66,"cover":65,"routeCover":81,"pressure":10,"distanceMiles":1.74,"routeMiles":2.16,"elevationFt":9518,"slopeDegrees":13,"latitude":40.058,"longitude":-107.041032,"summary":"1.7 mi from Bear Lake Campground; modeled route 2.2 mi; security score 66/100. Verify ownership, closures, current sign, wind, and safe shooting conditions.","verified":false}},{"type":"Feature","geometry":{"type":"LineString","coordinates":[[-107.04103154916784,40.05800013501278],[-107.04237902209401,40.05851580647758],[-107.04305275855711,40.05954713769987],[-107.0444002314833,40.060062797457356],[-107.04574770440946,40.06057845331238],[-107.04709517733563,40.06057845331238],[-107.04844265026183,40.06057845331238],[-107.049790123188,40.060062797457356],[-107.05113759611417,40.05903147403994],[-107.05248506904036,40.05851580647758],[-107.05383254196654,40.05800013501278],[-107.05518001489273,40.05696878037598],[-107.0565274878189,40.05645309720399],[-107.05787496074507,40.0554217191529],[-107.05922243367127,40.05439032549241],[-107.06056990659744,40.05335891622262],[-107.0619173795236,40.05284320573427],[-107.06326485244979,40.05284320573427],[-107.06461232537598,40.05284320573427],[-107.06595979830216,40.05232749134363],[-107.06730727122833,40.05232749134363],[-107.06865474415451,40.05129605085553],[-107.0700022170807,40.05026459475841],[-107.07067595354378,40.04923312305238],[-107.0700022170807,40.04820163573755],[-107.0700022170807,40.047170132813996],[-107.0700022170807,40.04613861428183]]},"properties":{"kind":"corridor","targetId":"target-4","securityId":"target-4-security-1","option":1,"optionLabel":"A","name":"H04A \u00b7 Coal Creek \u2192 Bear Lake Campground","sourceName":"Bear Lake Campground","gmu":231,"securityScore":66,"cover":65,"routeCover":81,"pressure":10,"distanceMiles":1.74,"routeMiles":2.16,"elevationFt":9518,"slopeDegrees":13,"latitude":40.058,"longitude":-107.041032,"summary":"1.7 mi from Bear Lake Campground; modeled route 2.2 mi; security score 66/100. Verify ownership, closures, current sign, wind, and safe shooting conditions.","verified":false}},{"type":"Feature","geometry":{"type":"Polygon","coordinates":[[[-107.09526733444655,40.042786071256465],[-107.09526733444655,40.042270280773636],[-107.09998348968819,40.042270280773636],[-107.09998348968819,40.041754486388776],[-107.10200469907745,40.041754486388776],[-107.10200469907745,40.04123868810188],[-107.10335217200362,40.04123868810188],[-107.10335217200362,40.040207079822075],[-107.10604711785598,40.040207079822075],[-107.10604711785598,40.039691269829184],[-107.10672085431908,40.039691269829184],[-107.10672085431908,40.03917545593431],[-107.10604711785598,40.03917545593431],[-107.10604711785598,40.03865963813748],[-107.10402590846672,40.03865963813748],[-107.10402590846672,40.03917545593431],[-107.10335217200362,40.03917545593431],[-107.10335217200362,40.03865963813748],[-107.10200469907745,40.03865963813748],[-107.10200469907745,40.03917545593431],[-107.10065722615127,40.03917545593431],[-107.10065722615127,40.039691269829184],[-107.09998348968819,40.039691269829184],[-107.09998348968819,40.040207079822075],[-107.098636016762,40.040207079822075],[-107.098636016762,40.04072288591298],[-107.09728854383583,40.04072288591298],[-107.09728854383583,40.04123868810188],[-107.09594107090963,40.04123868810188],[-107.09594107090963,40.041754486388776],[-107.09526733444655,40.041754486388776],[-107.09526733444655,40.04123868810188],[-107.09459359798346,40.04123868810188],[-107.09459359798346,40.042786071256465],[-107.09526733444655,40.042786071256465]]]},"properties":{"kind":"security-area","targetId":"target-4","securityId":"target-4-security-2","option":2,"optionLabel":"B","name":"H04B \u00b7 Smith Creek","sourceName":"Bear Lake Campground","gmu":231,"securityScore":65,"cover":62,"routeCover":75,"pressure":11,"distanceMiles":1.69,"routeMiles":1.89,"elevationFt":9977,"slopeDegrees":12,"latitude":40.040465,"longitude":-107.100994,"summary":"1.7 mi from Bear Lake Campground; modeled route 1.9 mi; security score 65/100. Verify ownership, closures, current sign, wind, and safe shooting conditions.","verified":false}},{"type":"Feature","geometry":{"type":"Point","coordinates":[-107.10099409438281,40.04046498335528]},"properties":{"kind":"security","targetId":"target-4","securityId":"target-4-security-2","option":2,"optionLabel":"B","name":"H04B \u00b7 Smith Creek","sourceName":"Bear Lake Campground","gmu":231,"securityScore":65,"cover":62,"routeCover":75,"pressure":11,"distanceMiles":1.69,"routeMiles":1.89,"elevationFt":9977,"slopeDegrees":12,"latitude":40.040465,"longitude":-107.100994,"summary":"1.7 mi from Bear Lake Campground; modeled route 1.9 mi; security score 65/100. Verify ownership, closures, current sign, wind, and safe shooting conditions.","verified":false}},{"type":"Feature","geometry":{"type":"LineString","coordinates":[[-107.10099409438281,40.04046498335528],[-107.10032035791973,40.04046498335528],[-107.09897288499354,40.04098078749518],[-107.09762541206736,40.04149658773308],[-107.09627793914119,40.04149658773308],[-107.09493046621502,40.04149658773308],[-107.09358299328882,40.04149658773308],[-107.09223552036265,40.042012384068954],[-107.09088804743647,40.042012384068954],[-107.0895405745103,40.042012384068954],[-107.08819310158411,40.04149658773308],[-107.08684562865793,40.04098078749518],[-107.08549815573176,40.04098078749518],[-107.08415068280559,40.04098078749518],[-107.08280320987939,40.04046498335528],[-107.08145573695322,40.04046498335528],[-107.08010826402703,40.04046498335528],[-107.07876079110086,40.04098078749518],[-107.07741331817468,40.04149658773308],[-107.0760658452485,40.04149658773308],[-107.07471837232232,40.04149658773308],[-107.07337089939614,40.042012384068954],[-107.07202342646995,40.043043965034606],[-107.07067595354378,40.044075530392035],[-107.0700022170807,40.04510708014114],[-107.0700022170807,40.04613861428183]]},"properties":{"kind":"corridor","targetId":"target-4","securityId":"target-4-security-2","option":2,"optionLabel":"B","name":"H04B \u00b7 Smith Creek \u2192 Bear Lake Campground","sourceName":"Bear Lake Campground","gmu":231,"securityScore":65,"cover":62,"routeCover":75,"pressure":11,"distanceMiles":1.69,"routeMiles":1.89,"elevationFt":9977,"slopeDegrees":12,"latitude":40.040465,"longitude":-107.100994,"summary":"1.7 mi from Bear Lake Campground; modeled route 1.9 mi; security score 65/100. Verify ownership, closures, current sign, wind, and safe shooting conditions.","verified":false}},{"type":"Feature","geometry":{"type":"Polygon","coordinates":[[[-107.0528219372719,40.07011738270893],[-107.0528219372719,40.069086211491644],[-107.05214820080882,40.069086211491644],[-107.05214820080882,40.068055024663664],[-107.0528219372719,40.068055024663664],[-107.0528219372719,40.067539425395694],[-107.05214820080882,40.067539425395694],[-107.05214820080882,40.06702382222508],[-107.05147446434573,40.06702382222508],[-107.05147446434573,40.065992604175996],[-107.05080072788265,40.065992604175996],[-107.05080072788265,40.06444574783289],[-107.05012699141955,40.06444574783289],[-107.05012699141955,40.063930121246706],[-107.05080072788265,40.063930121246706],[-107.05080072788265,40.06289885636671],[-107.05012699141955,40.06289885636671],[-107.05012699141955,40.06341449075798],[-107.04945325495645,40.06341449075798],[-107.04945325495645,40.06289885636671],[-107.04810578203028,40.06289885636671],[-107.04810578203028,40.06341449075798],[-107.04743204556719,40.06341449075798],[-107.04743204556719,40.063930121246706],[-107.04608457264102,40.063930121246706],[-107.04608457264102,40.065476989297544],[-107.0467583091041,40.065476989297544],[-107.0467583091041,40.06650821515184],[-107.04810578203028,40.06650821515184],[-107.04810578203028,40.06702382222508],[-107.04945325495645,40.06702382222508],[-107.04945325495645,40.068055024663664],[-107.05080072788265,40.068055024663664],[-107.05080072788265,40.069086211491644],[-107.05147446434573,40.069086211491644],[-107.05147446434573,40.07011738270893],[-107.0528219372719,40.07011738270893]],[[-107.04877951849336,40.065992604175996],[-107.04810578203028,40.065992604175996],[-107.04810578203028,40.065476989297544],[-107.04877951849336,40.065476989297544],[-107.04877951849336,40.065992604175996]]]},"properties":{"kind":"security-area","targetId":"target-4","securityId":"target-4-security-3","option":3,"optionLabel":"C","name":"H04C \u00b7 East Coal Creek","sourceName":"Bear Lake Campground","gmu":231,"securityScore":65,"cover":61,"routeCover":69,"pressure":11,"distanceMiles":1.8,"routeMiles":1.9,"elevationFt":9944,"slopeDegrees":9,"latitude":40.067797,"longitude":-107.051138,"summary":"1.8 mi from Bear Lake Campground; modeled route 1.9 mi; security score 65/100. Verify ownership, closures, current sign, wind, and safe shooting conditions.","verified":false}},{"type":"Feature","geometry":{"type":"Point","coordinates":[-107.05113759611417,40.06779722551751]},"properties":{"kind":"security","targetId":"target-4","securityId":"target-4-security-3","option":3,"optionLabel":"C","name":"H04C \u00b7 East Coal Creek","sourceName":"Bear Lake Campground","gmu":231,"securityScore":65,"cover":61,"routeCover":69,"pressure":11,"distanceMiles":1.8,"routeMiles":1.9,"elevationFt":9944,"slopeDegrees":9,"latitude":40.067797,"longitude":-107.051138,"summary":"1.8 mi from Bear Lake Campground; modeled route 1.9 mi; security score 65/100. Verify ownership, closures, current sign, wind, and safe shooting conditions.","verified":false}},{"type":"Feature","geometry":{"type":"LineString","coordinates":[[-107.05113759611417,40.06779722551751],[-107.05181133257727,40.06676601917629],[-107.05248506904036,40.065734797224586],[-107.05383254196654,40.064703559662526],[-107.05383254196654,40.06367230649016],[-107.05450627842963,40.06264103770762],[-107.05585375135581,40.06160975331499],[-107.05720122428198,40.06057845331238],[-107.05854869720817,40.05954713769987],[-107.05989617013435,40.05851580647758],[-107.06124364306052,40.057484459645586],[-107.0625911159867,40.05645309720399],[-107.06393858891289,40.0554217191529],[-107.06528606183906,40.05439032549241],[-107.06595979830216,40.05335891622262],[-107.06730727122833,40.05232749134363],[-107.06865474415451,40.05129605085553],[-107.0700022170807,40.05026459475841],[-107.07067595354378,40.04923312305238],[-107.0700022170807,40.04820163573755],[-107.0700022170807,40.047170132813996],[-107.0700022170807,40.04613861428183]]},"properties":{"kind":"corridor","targetId":"target-4","securityId":"target-4-security-3","option":3,"optionLabel":"C","name":"H04C \u00b7 East Coal Creek \u2192 Bear Lake Campground","sourceName":"Bear Lake Campground","gmu":231,"securityScore":65,"cover":61,"routeCover":69,"pressure":11,"distanceMiles":1.8,"routeMiles":1.9,"elevationFt":9944,"slopeDegrees":9,"latitude":40.067797,"longitude":-107.051138,"summary":"1.8 mi from Bear Lake Campground; modeled route 1.9 mi; security score 65/100. Verify ownership, closures, current sign, wind, and safe shooting conditions.","verified":false}},{"type":"Feature","geometry":{"type":"Polygon","coordinates":[[[-107.10469964492981,40.05671093927779],[-107.10469964492981,40.05619525415461],[-107.1053733813929,40.05619525415461],[-107.1053733813929,40.05567956512906],[-107.10402590846672,40.05567956512906],[-107.10402590846672,40.05516387220116],[-107.10335217200362,40.05516387220116],[-107.10335217200362,40.05464817537091],[-107.10267843554054,40.05464817537091],[-107.10267843554054,40.05258534902673],[-107.10133096261436,40.05258534902673],[-107.10133096261436,40.05206963268495],[-107.09796228029892,40.05206963268495],[-107.09796228029892,40.051553912440895],[-107.09661480737273,40.051553912440895],[-107.09661480737273,40.051038188294584],[-107.09594107090963,40.051038188294584],[-107.09594107090963,40.05206963268495],[-107.09661480737273,40.05206963268495],[-107.09661480737273,40.05258534902673],[-107.09728854383583,40.05258534902673],[-107.09728854383583,40.05310106146623],[-107.098636016762,40.05310106146623],[-107.098636016762,40.05361677000344],[-107.09930975322509,40.05361677000344],[-107.09930975322509,40.05413247463834],[-107.09998348968819,40.05413247463834],[-107.09998348968819,40.05516387220116],[-107.10065722615127,40.05516387220116],[-107.10065722615127,40.05567956512906],[-107.10133096261436,40.05567956512906],[-107.10133096261436,40.05619525415461],[-107.10335217200362,40.05619525415461],[-107.10335217200362,40.05671093927779],[-107.10469964492981,40.05671093927779]]]},"properties":{"kind":"security-area","targetId":"target-4","securityId":"target-4-security-4","option":4,"optionLabel":"D","name":"H04D \u00b7 Mud Mandall Lake","sourceName":"Bear Lake Campground","gmu":231,"securityScore":64,"cover":63,"routeCover":69,"pressure":15,"distanceMiles":1.65,"routeMiles":1.89,"elevationFt":10317,"slopeDegrees":17,"latitude":40.053359,"longitude":-107.099647,"summary":"1.6 mi from Bear Lake Campground; modeled route 1.9 mi; security score 64/100. Verify ownership, closures, current sign, wind, and safe shooting conditions.","verified":false}},{"type":"Feature","geometry":{"type":"Point","coordinates":[-107.09964662145664,40.05335891622262]},"properties":{"kind":"security","targetId":"target-4","securityId":"target-4-security-4","option":4,"optionLabel":"D","name":"H04D \u00b7 Mud Mandall Lake","sourceName":"Bear Lake Campground","gmu":231,"securityScore":64,"cover":63,"routeCover":69,"pressure":15,"distanceMiles":1.65,"routeMiles":1.89,"elevationFt":10317,"slopeDegrees":17,"latitude":40.053359,"longitude":-107.099647,"summary":"1.6 mi from Bear Lake Campground; modeled route 1.9 mi; security score 64/100. Verify ownership, closures, current sign, wind, and safe shooting conditions.","verified":false}},{"type":"Feature","geometry":{"type":"LineString","coordinates":[[-107.09964662145664,40.05335891622262],[-107.09829914853046,40.05387462280868],[-107.09695167560427,40.05387462280868],[-107.0956042026781,40.05387462280868],[-107.09425672975192,40.05387462280868],[-107.09290925682573,40.05387462280868],[-107.09156178389956,40.05387462280868],[-107.09021431097338,40.05387462280868],[-107.0888668380472,40.05387462280868],[-107.08751936512103,40.05387462280868],[-107.08617189219484,40.05387462280868],[-107.08482441926867,40.05387462280868],[-107.08347694634247,40.05387462280868],[-107.0821294734163,40.05387462280868],[-107.08078200049013,40.05387462280868],[-107.07943452756395,40.05387462280868],[-107.07808705463776,40.05335891622262],[-107.07673958171159,40.05284320573427],[-107.07539210878541,40.05284320573427],[-107.07404463585924,40.05232749134363],[-107.07269716293304,40.05129605085553],[-107.07202342646995,40.05026459475841],[-107.07067595354378,40.04923312305238],[-107.0700022170807,40.04820163573755],[-107.0700022170807,40.047170132813996],[-107.0700022170807,40.04613861428183]]},"properties":{"kind":"corridor","targetId":"target-4","securityId":"target-4-security-4","option":4,"optionLabel":"D","name":"H04D \u00b7 Mud Mandall Lake \u2192 Bear Lake Campground","sourceName":"Bear Lake Campground","gmu":231,"securityScore":64,"cover":63,"routeCover":69,"pressure":15,"distanceMiles":1.65,"routeMiles":1.89,"elevationFt":10317,"slopeDegrees":17,"latitude":40.053359,"longitude":-107.099647,"summary":"1.6 mi from Bear Lake Campground; modeled route 1.9 mi; security score 64/100. Verify ownership, closures, current sign, wind, and safe shooting conditions.","verified":false}},{"type":"Feature","geometry":{"type":"Polygon","coordinates":[[[-107.07168655823843,40.07424191146915],[-107.07168655823843,40.073726359033785],[-107.07370776762768,40.073726359033785],[-107.07370776762768,40.073210802695634],[-107.0730340311646,40.073210802695634],[-107.0730340311646,40.07269524245471],[-107.07438150409077,40.07269524245471],[-107.07438150409077,40.072179678311024],[-107.0730340311646,40.072179678311024],[-107.0730340311646,40.07166411026459],[-107.07236029470151,40.07166411026459],[-107.07236029470151,40.072179678311024],[-107.07033908531223,40.072179678311024],[-107.07033908531223,40.07166411026459],[-107.0662966665337,40.07166411026459],[-107.0662966665337,40.073210802695634],[-107.06697040299679,40.073210802695634],[-107.06697040299679,40.073726359033785],[-107.06831787592297,40.073726359033785],[-107.06831787592297,40.07424191146915],[-107.06899161238606,40.07424191146915],[-107.06899161238606,40.073726359033785],[-107.07101282177533,40.073726359033785],[-107.07101282177533,40.07424191146915],[-107.07168655823843,40.07424191146915]]]},"properties":{"kind":"security-area","targetId":"target-4","securityId":"target-4-security-5","option":5,"optionLabel":"E","name":"H04E \u00b7 East Coal Creek","sourceName":"Bear Lake Campground","gmu":231,"securityScore":62,"cover":54,"routeCover":63,"pressure":8,"distanceMiles":1.82,"routeMiles":1.87,"elevationFt":10485,"slopeDegrees":11,"latitude":40.072437,"longitude":-107.072023,"summary":"1.8 mi from Bear Lake Campground; modeled route 1.9 mi; security score 62/100. Verify ownership, closures, current sign, wind, and safe shooting conditions.","verified":false}},{"type":"Feature","geometry":{"type":"Point","coordinates":[-107.07202342646995,40.07243746087071]},"properties":{"kind":"security","targetId":"target-4","securityId":"target-4-security-5","option":5,"optionLabel":"E","name":"H04E \u00b7 East Coal Creek","sourceName":"Bear Lake Campground","gmu":231,"securityScore":62,"cover":54,"routeCover":63,"pressure":8,"distanceMiles":1.82,"routeMiles":1.87,"elevationFt":10485,"slopeDegrees":11,"latitude":40.072437,"longitude":-107.072023,"summary":"1.8 mi from Bear Lake Campground; modeled route 1.9 mi; security score 62/100. Verify ownership, closures, current sign, wind, and safe shooting conditions.","verified":false}},{"type":"Feature","geometry":{"type":"LineString","coordinates":[[-107.07202342646995,40.07243746087071],[-107.07269716293304,40.071921894775656],[-107.07269716293304,40.07089075087732],[-107.07269716293304,40.069859591368115],[-107.07269716293304,40.06882841624815],[-107.07269716293304,40.06779722551751],[-107.07269716293304,40.06676601917629],[-107.07269716293304,40.065734797224586],[-107.07269716293304,40.064703559662526],[-107.07269716293304,40.06367230649016],[-107.07269716293304,40.06264103770762],[-107.07269716293304,40.06160975331499],[-107.07269716293304,40.06057845331238],[-107.07269716293304,40.05954713769987],[-107.07269716293304,40.05851580647758],[-107.07202342646995,40.057484459645586],[-107.07202342646995,40.05645309720399],[-107.07202342646995,40.0554217191529],[-107.07202342646995,40.05439032549241],[-107.07202342646995,40.05335891622262],[-107.07202342646995,40.05232749134363],[-107.07202342646995,40.05129605085553],[-107.07134969000687,40.05026459475841],[-107.07067595354378,40.04923312305238],[-107.0700022170807,40.04820163573755],[-107.0700022170807,40.047170132813996],[-107.0700022170807,40.04613861428183]]},"properties":{"kind":"corridor","targetId":"target-4","securityId":"target-4-security-5","option":5,"optionLabel":"E","name":"H04E \u00b7 East Coal Creek \u2192 Bear Lake Campground","sourceName":"Bear Lake Campground","gmu":231,"securityScore":62,"cover":54,"routeCover":63,"pressure":8,"distanceMiles":1.82,"routeMiles":1.87,"elevationFt":10485,"slopeDegrees":11,"latitude":40.072437,"longitude":-107.072023,"summary":"1.8 mi from Bear Lake Campground; modeled route 1.9 mi; security score 62/100. Verify ownership, closures, current sign, wind, and safe shooting conditions.","verified":false}},{"type":"Feature","geometry":{"type":"Point","coordinates":[-107.019401,40.058426]},"properties":{"kind":"target","model":"human-food","targetId":"target-5","rank":5,"name":"Bear River Campground","shortName":"H05 \u00b7 Bear River Campground","sourceCategory":"Campground","sourceCategories":["Campground"],"sourceManager":"USFS","sourceInventory":"CPW campgrounds","sourceCount":1,"huntCode":"BE012O1R","gmu":26,"relativeScore":96,"conflictScore":100,"conflictDistanceMiles":0.0,"securityOptions":5,"reason1":"mapped source overlaps CPW historical conflict habitat","reason2":"mapped campground supplies the human-food hypothesis","reason3":"5 distinct federal-land security areas are nearby","caveat1":"historical conflict mapping is not a current bear report","caveat2":"do not hunt at or shoot toward campsites, homes, roads, or occupied areas","summary":"Human-food priority 96/100 with 5 modeled public-land security options. The source is context only; verify fresh sign, legal access, and a safe setup away from development.","latitude":40.058426,"longitude":-107.019401,"analysisDate":"2026-09-02"}},{"type":"Feature","geometry":{"type":"Polygon","coordinates":[[[-107.01307148594961,40.09434541214704],[-107.01307148594961,40.09125295229468],[-107.01374522241271,40.09125295229468],[-107.01374522241271,40.090737528658025],[-107.01307148594961,40.090737528658025],[-107.01307148594961,40.08712945391288],[-107.01239774948652,40.08712945391288],[-107.01239774948652,40.086613999051075],[-107.00970280363417,40.086613999051075],[-107.00970280363417,40.08609854028619],[-107.00902906717107,40.08609854028619],[-107.00902906717107,40.085583077618224],[-107.00700785778182,40.085583077618224],[-107.00700785778182,40.08712945391288],[-107.00633412131872,40.08712945391288],[-107.00633412131872,40.088160351927186],[-107.0076815942449,40.088160351927186],[-107.0076815942449,40.08764490487159],[-107.00835533070799,40.08764490487159],[-107.00835533070799,40.08712945391288],[-107.00970280363417,40.08712945391288],[-107.00970280363417,40.088160351927186],[-107.00835533070799,40.088160351927186],[-107.00835533070799,40.08919123432898],[-107.0076815942449,40.08919123432898],[-107.0076815942449,40.09022210111817],[-107.00835533070799,40.09022210111817],[-107.00835533070799,40.08970666967516],[-107.00902906717107,40.08970666967516],[-107.00902906717107,40.09022210111817],[-107.01105027656035,40.09022210111817],[-107.01105027656035,40.090737528658025],[-107.00835533070799,40.090737528658025],[-107.00835533070799,40.09125295229468],[-107.0076815942449,40.09125295229468],[-107.0076815942449,40.09228378785839],[-107.00700785778182,40.09228378785839],[-107.00700785778182,40.09331460780921],[-107.00835533070799,40.09331460780921],[-107.00835533070799,40.093830011929754],[-107.00902906717107,40.093830011929754],[-107.00902906717107,40.09331460780921],[-107.00970280363417,40.09331460780921],[-107.00970280363417,40.09279919978542],[-107.01105027656035,40.09279919978542],[-107.01105027656035,40.09228378785839],[-107.01172401302344,40.09228378785839],[-107.01172401302344,40.09279919978542],[-107.01239774948652,40.09279919978542],[-107.01239774948652,40.09331460780921],[-107.01172401302344,40.09331460780921],[-107.01172401302344,40.093830011929754],[-107.01239774948652,40.093830011929754],[-107.01239774948652,40.09434541214704],[-107.01307148594961,40.09434541214704]],[[-107.01172401302344,40.09125295229468],[-107.01105027656035,40.09125295229468],[-107.01105027656035,40.090737528658025],[-107.01172401302344,40.090737528658025],[-107.01172401302344,40.09125295229468]]]},"properties":{"kind":"security-area","targetId":"target-5","securityId":"target-5-security-1","option":1,"optionLabel":"A","name":"H05A \u00b7 Maggies Nipple","sourceName":"Bear River Campground","gmu":231,"securityScore":69,"cover":60,"routeCover":89,"pressure":4,"distanceMiles":2.18,"routeMiles":2.5,"elevationFt":9092,"slopeDegrees":10,"latitude":40.089449,"longitude":-107.012061,"summary":"2.2 mi from Bear River Campground; modeled route 2.5 mi; security score 69/100. Verify ownership, closures, current sign, wind, and safe shooting conditions.","verified":false}},{"type":"Feature","geometry":{"type":"Point","coordinates":[-107.01206088125498,40.08944895248997]},"properties":{"kind":"security","targetId":"target-5","securityId":"target-5-security-1","option":1,"optionLabel":"A","name":"H05A \u00b7 Maggies Nipple","sourceName":"Bear River Campground","gmu":231,"securityScore":69,"cover":60,"routeCover":89,"pressure":4,"distanceMiles":2.18,"routeMiles":2.5,"elevationFt":9092,"slopeDegrees":10,"latitude":40.089449,"longitude":-107.012061,"summary":"2.2 mi from Bear River Campground; modeled route 2.5 mi; security score 69/100. Verify ownership, closures, current sign, wind, and safe shooting conditions.","verified":false}},{"type":"Feature","geometry":{"type":"LineString","coordinates":[[-107.01206088125498,40.08944895248997],[-107.01138714479188,40.088418073991306],[-107.01138714479188,40.08738717988013],[-107.01206088125498,40.086356270156514],[-107.01340835418117,40.08532534482059],[-107.01340835418117,40.08429440387241],[-107.01475582710734,40.083263447312106],[-107.01475582710734,40.08223247513976],[-107.01610330003352,40.08120148735548],[-107.0174507729597,40.08017048395934],[-107.01879824588588,40.079139464951474],[-107.02014571881206,40.078108430331945],[-107.02081945527515,40.077077380100874],[-107.02149319173823,40.07604631425835],[-107.02149319173823,40.07501523280446],[-107.02216692820132,40.07398413573932],[-107.02284066466443,40.07295302306302],[-107.02351440112751,40.071921894775656],[-107.02486187405368,40.07089075087732],[-107.02486187405368,40.069859591368115],[-107.02486187405368,40.06882841624815],[-107.02486187405368,40.06779722551751],[-107.02486187405368,40.06676601917629],[-107.0241881375906,40.065734797224586],[-107.0241881375906,40.064703559662526],[-107.02351440112751,40.06367230649016],[-107.02284066466443,40.06264103770762],[-107.02216692820132,40.06160975331499],[-107.02216692820132,40.06057845331238],[-107.02081945527515,40.05954713769987],[-107.01947198234897,40.05851580647758]]},"properties":{"kind":"corridor","targetId":"target-5","securityId":"target-5-security-1","option":1,"optionLabel":"A","name":"H05A \u00b7 Maggies Nipple \u2192 Bear River Campground","sourceName":"Bear River Campground","gmu":231,"securityScore":69,"cover":60,"routeCover":89,"pressure":4,"distanceMiles":2.18,"routeMiles":2.5,"elevationFt":9092,"slopeDegrees":10,"latitude":40.089449,"longitude":-107.012061,"summary":"2.2 mi from Bear River Campground; modeled route 2.5 mi; security score 69/100. Verify ownership, closures, current sign, wind, and safe shooting conditions.","verified":false}},{"type":"Feature","geometry":{"type":"Polygon","coordinates":[[[-106.99353312852001,40.073210802695634],[-106.99353312852001,40.072179678311024],[-106.9942068649831,40.072179678311024],[-106.9942068649831,40.07114853831543],[-106.99555433790928,40.07114853831543],[-106.99555433790928,40.070632962463534],[-106.99622807437238,40.070632962463534],[-106.99622807437238,40.07011738270893],[-106.99824928376164,40.07011738270893],[-106.99824928376164,40.06960179905163],[-106.99959675668782,40.06960179905163],[-106.99959675668782,40.068055024663664],[-107.00027049315092,40.068055024663664],[-107.00027049315092,40.06702382222508],[-107.000944229614,40.06702382222508],[-107.000944229614,40.06650821515184],[-107.00161796607709,40.06650821515184],[-107.00161796607709,40.065992604175996],[-107.00229170254018,40.065992604175996],[-107.00229170254018,40.065476989297544],[-107.00161796607709,40.065476989297544],[-107.00161796607709,40.06496137051651],[-107.000944229614,40.06496137051651],[-107.000944229614,40.06444574783289],[-107.00027049315092,40.06444574783289],[-107.00027049315092,40.06496137051651],[-106.99959675668782,40.06496137051651],[-106.99959675668782,40.065476989297544],[-106.99824928376164,40.065476989297544],[-106.99824928376164,40.065992604175996],[-106.99757554729855,40.065992604175996],[-106.99757554729855,40.06650821515184],[-106.99690181083547,40.06650821515184],[-106.99690181083547,40.06702382222508],[-106.99622807437238,40.06702382222508],[-106.99622807437238,40.067539425395694],[-106.99555433790928,40.067539425395694],[-106.99555433790928,40.068055024663664],[-106.9942068649831,40.068055024663664],[-106.9942068649831,40.069086211491644],[-106.99353312852001,40.069086211491644],[-106.99353312852001,40.06960179905163],[-106.99285939205693,40.06960179905163],[-106.99285939205693,40.07011738270893],[-106.99218565559384,40.07011738270893],[-106.99218565559384,40.07114853831543],[-106.99151191913074,40.07114853831543],[-106.99151191913074,40.07269524245471],[-106.99218565559384,40.07269524245471],[-106.99218565559384,40.073210802695634],[-106.99353312852001,40.073210802695634]]]},"properties":{"kind":"security-area","targetId":"target-5","securityId":"target-5-security-2","option":2,"optionLabel":"B","name":"H05B \u00b7 Gardner Creek","sourceName":"Bear River Campground","gmu":26,"securityScore":67,"cover":69,"routeCover":85,"pressure":9,"distanceMiles":1.41,"routeMiles":1.53,"elevationFt":9088,"slopeDegrees":12,"latitude":40.068828,"longitude":-106.996565,"summary":"1.4 mi from Bear River Campground; modeled route 1.5 mi; security score 67/100. Verify ownership, closures, current sign, wind, and safe shooting conditions.","verified":false}},{"type":"Feature","geometry":{"type":"Point","coordinates":[-106.99656494260391,40.06882841624815]},"properties":{"kind":"security","targetId":"target-5","securityId":"target-5-security-2","option":2,"optionLabel":"B","name":"H05B \u00b7 Gardner Creek","sourceName":"Bear River Campground","gmu":26,"securityScore":67,"cover":69,"routeCover":85,"pressure":9,"distanceMiles":1.41,"routeMiles":1.53,"elevationFt":9088,"slopeDegrees":12,"latitude":40.068828,"longitude":-106.996565,"summary":"1.4 mi from Bear River Campground; modeled route 1.5 mi; security score 67/100. Verify ownership, closures, current sign, wind, and safe shooting conditions.","verified":false}},{"type":"Feature","geometry":{"type":"LineString","coordinates":[[-106.99656494260391,40.06882841624815],[-106.99723867906701,40.06882841624815],[-106.9985861519932,40.06779722551751],[-106.99993362491936,40.06676601917629],[-107.00128109784555,40.066250410151746],[-107.00262857077173,40.066250410151746],[-107.0039760436979,40.066250410151746],[-107.00532351662409,40.066250410151746],[-107.00667098955026,40.065734797224586],[-107.00801846247644,40.065734797224586],[-107.00936593540263,40.065734797224586],[-107.0107134083288,40.064703559662526],[-107.01206088125498,40.06418793502762],[-107.01340835418117,40.063156674050155],[-107.01475582710734,40.06264103770762],[-107.01610330003352,40.062125397462566],[-107.0174507729597,40.06160975331499],[-107.01879824588588,40.06057845331238],[-107.01947198234897,40.05954713769987],[-107.01947198234897,40.05851580647758]]},"properties":{"kind":"corridor","targetId":"target-5","securityId":"target-5-security-2","option":2,"optionLabel":"B","name":"H05B \u00b7 Gardner Creek \u2192 Bear River Campground","sourceName":"Bear River Campground","gmu":26,"securityScore":67,"cover":69,"routeCover":85,"pressure":9,"distanceMiles":1.41,"routeMiles":1.53,"elevationFt":9088,"slopeDegrees":12,"latitude":40.068828,"longitude":-106.996565,"summary":"1.4 mi from Bear River Campground; modeled route 1.5 mi; security score 67/100. Verify ownership, closures, current sign, wind, and safe shooting conditions.","verified":false}},{"type":"Feature","geometry":{"type":"Polygon","coordinates":[[[-107.04204215386247,40.05928930635771],[-107.04204215386247,40.058773640746566],[-107.04271589032557,40.058773640746566],[-107.04271589032557,40.05825797123298],[-107.04204215386247,40.05825797123298],[-107.04204215386247,40.057742297816986],[-107.04136841739938,40.057742297816986],[-107.04136841739938,40.05722662049858],[-107.0406946809363,40.05722662049858],[-107.0406946809363,40.05671093927779],[-107.03934720801011,40.05671093927779],[-107.03934720801011,40.05722662049858],[-107.03799973508393,40.05722662049858],[-107.03799973508393,40.05619525415461],[-107.03463105276848,40.05619525415461],[-107.03463105276848,40.057742297816986],[-107.03395731630539,40.057742297816986],[-107.03395731630539,40.05825797123298],[-107.03463105276848,40.05825797123298],[-107.03463105276848,40.058773640746566],[-107.0400209444732,40.058773640746566],[-107.0400209444732,40.05928930635771],[-107.04204215386247,40.05928930635771]]]},"properties":{"kind":"security-area","targetId":"target-5","securityId":"target-5-security-3","option":3,"optionLabel":"C","name":"H05C \u00b7 Coal Creek","sourceName":"Bear River Campground","gmu":231,"securityScore":66,"cover":65,"routeCover":91,"pressure":8,"distanceMiles":1.14,"routeMiles":1.27,"elevationFt":9518,"slopeDegrees":13,"latitude":40.058,"longitude":-107.041032,"summary":"1.1 mi from Bear River Campground; modeled route 1.3 mi; security score 66/100. Verify ownership, closures, current sign, wind, and safe shooting conditions.","verified":false}},{"type":"Feature","geometry":{"type":"Point","coordinates":[-107.04103154916784,40.05800013501278]},"properties":{"kind":"security","targetId":"target-5","securityId":"target-5-security-3","option":3,"optionLabel":"C","name":"H05C \u00b7 Coal Creek","sourceName":"Bear River Campground","gmu":231,"securityScore":66,"cover":65,"routeCover":91,"pressure":8,"distanceMiles":1.14,"routeMiles":1.27,"elevationFt":9518,"slopeDegrees":13,"latitude":40.058,"longitude":-107.041032,"summary":"1.1 mi from Bear River Campground; modeled route 1.3 mi; security score 66/100. Verify ownership, closures, current sign, wind, and safe shooting conditions.","verified":false}},{"type":"Feature","geometry":{"type":"LineString","coordinates":[[-107.04103154916784,40.05800013501278],[-107.03968407624166,40.05800013501278],[-107.03833660331549,40.05800013501278],[-107.03698913038929,40.05800013501278],[-107.03564165746312,40.05800013501278],[-107.03429418453695,40.05800013501278],[-107.03294671161076,40.05800013501278],[-107.03159923868458,40.05800013501278],[-107.03025176575841,40.05800013501278],[-107.02890429283222,40.05800013501278],[-107.02755681990604,40.05903147403994],[-107.02620934697987,40.05954713769987],[-107.02486187405368,40.06057845331238],[-107.02351440112751,40.06057845331238],[-107.02216692820132,40.06057845331238],[-107.02081945527515,40.05954713769987],[-107.01947198234897,40.05851580647758]]},"properties":{"kind":"corridor","targetId":"target-5","securityId":"target-5-security-3","option":3,"optionLabel":"C","name":"H05C \u00b7 Coal Creek \u2192 Bear River Campground","sourceName":"Bear River Campground","gmu":231,"securityScore":66,"cover":65,"routeCover":91,"pressure":8,"distanceMiles":1.14,"routeMiles":1.27,"elevationFt":9518,"slopeDegrees":13,"latitude":40.058,"longitude":-107.041032,"summary":"1.1 mi from Bear River Campground; modeled route 1.3 mi; security score 66/100. Verify ownership, closures, current sign, wind, and safe shooting conditions.","verified":false}},{"type":"Feature","geometry":{"type":"Polygon","coordinates":[[[-107.04945325495645,40.083005705732646],[-107.04945325495645,40.082490219646466],[-107.05080072788265,40.082490219646466],[-107.05080072788265,40.081974729657304],[-107.05147446434573,40.081974729657304],[-107.05147446434573,40.08145923576516],[-107.0528219372719,40.08145923576516],[-107.0528219372719,40.080943737970046],[-107.05416941019809,40.080943737970046],[-107.05416941019809,40.080428236271985],[-107.05484314666117,40.080428236271985],[-107.05484314666117,40.079912730670976],[-107.05416941019809,40.079912730670976],[-107.05416941019809,40.079397221167035],[-107.053495673735,40.079397221167035],[-107.053495673735,40.07785066923776],[-107.0528219372719,40.07785066923776],[-107.0528219372719,40.07733514412222],[-107.05214820080882,40.07733514412222],[-107.05214820080882,40.07681961510381],[-107.05080072788265,40.07681961510381],[-107.05080072788265,40.079397221167035],[-107.05012699141955,40.079397221167035],[-107.05012699141955,40.07836619045042],[-107.04945325495645,40.07836619045042],[-107.04945325495645,40.07785066923776],[-107.04877951849336,40.07785066923776],[-107.04877951849336,40.07888170776018],[-107.04945325495645,40.07888170776018],[-107.04945325495645,40.080943737970046],[-107.04810578203028,40.080943737970046],[-107.04810578203028,40.08145923576516],[-107.04743204556719,40.08145923576516],[-107.04743204556719,40.080943737970046],[-107.0467583091041,40.080943737970046],[-107.0467583091041,40.08145923576516],[-107.04608457264102,40.08145923576516],[-107.04608457264102,40.081974729657304],[-107.0467583091041,40.081974729657304],[-107.0467583091041,40.082490219646466],[-107.04877951849336,40.082490219646466],[-107.04877951849336,40.083005705732646],[-107.04945325495645,40.083005705732646]]]},"properties":{"kind":"security-area","targetId":"target-5","securityId":"target-5-security-4","option":4,"optionLabel":"D","name":"H05D \u00b7 Maggies Nipple","sourceName":"Bear River Campground","gmu":231,"securityScore":62,"cover":59,"routeCover":73,"pressure":4,"distanceMiles":2.25,"routeMiles":2.27,"elevationFt":10579,"slopeDegrees":9,"latitude":40.081717,"longitude":-107.049116,"summary":"2.2 mi from Bear River Campground; modeled route 2.3 mi; security score 62/100. Verify ownership, closures, current sign, wind, and safe shooting conditions.","verified":false}},{"type":"Feature","geometry":{"type":"Point","coordinates":[-107.04911638672492,40.0817169831991]},"properties":{"kind":"security","targetId":"target-5","securityId":"target-5-security-4","option":4,"optionLabel":"D","name":"H05D \u00b7 Maggies Nipple","sourceName":"Bear River Campground","gmu":231,"securityScore":62,"cover":59,"routeCover":73,"pressure":4,"distanceMiles":2.25,"routeMiles":2.27,"elevationFt":10579,"slopeDegrees":9,"latitude":40.081717,"longitude":-107.049116,"summary":"2.2 mi from Bear River Campground; modeled route 2.3 mi; security score 62/100. Verify ownership, closures, current sign, wind, and safe shooting conditions.","verified":false}},{"type":"Feature","geometry":{"type":"LineString","coordinates":[[-107.04911638672492,40.0817169831991],[-107.04911638672492,40.08120148735548],[-107.04844265026183,40.08017048395934],[-107.04709517733563,40.079139464951474],[-107.04574770440946,40.078108430331945],[-107.0444002314833,40.077077380100874],[-107.04305275855711,40.07604631425835],[-107.04170528563093,40.07553077548281],[-107.04035781270474,40.0744996862233],[-107.03901033977857,40.07346858135256],[-107.03766286685239,40.07243746087071],[-107.0363153939262,40.07140632477785],[-107.03496792100003,40.070375173074076],[-107.03429418453695,40.06934400575947],[-107.03294671161076,40.06831282283415],[-107.03159923868458,40.06728162429821],[-107.03025176575841,40.066250410151746],[-107.02890429283222,40.06521918039485],[-107.02755681990604,40.06418793502762],[-107.02620934697987,40.063156674050155],[-107.02486187405368,40.062125397462566],[-107.02351440112751,40.06109410526493],[-107.02216692820132,40.06057845331238],[-107.02081945527515,40.05954713769987],[-107.01947198234897,40.05851580647758]]},"properties":{"kind":"corridor","targetId":"target-5","securityId":"target-5-security-4","option":4,"optionLabel":"D","name":"H05D \u00b7 Maggies Nipple \u2192 Bear River Campground","sourceName":"Bear River Campground","gmu":231,"securityScore":62,"cover":59,"routeCover":73,"pressure":4,"distanceMiles":2.25,"routeMiles":2.27,"elevationFt":10579,"slopeDegrees":9,"latitude":40.081717,"longitude":-107.049116,"summary":"2.2 mi from Bear River Campground; modeled route 2.3 mi; security score 62/100. Verify ownership, closures, current sign, wind, and safe shooting conditions.","verified":false}},{"type":"Feature","geometry":{"type":"Polygon","coordinates":[[[-107.04877951849336,40.03401710237966],[-107.04877951849336,40.0324695202268],[-107.04810578203028,40.0324695202268],[-107.04810578203028,40.03143777928251],[-107.04743204556719,40.03143777928251],[-107.04743204556719,40.03040602273113],[-107.0467583091041,40.03040602273113],[-107.0467583091041,40.02885835864091],[-107.04338962678865,40.02885835864091],[-107.04338962678865,40.029374250572715],[-107.04473709971482,40.029374250572715],[-107.04473709971482,40.029890138602795],[-107.04541083617792,40.029890138602795],[-107.04541083617792,40.03092190295771],[-107.04608457264102,40.03092190295771],[-107.04608457264102,40.03143777928251],[-107.0467583091041,40.03143777928251],[-107.0467583091041,40.03298538484624],[-107.04608457264102,40.03298538484624],[-107.04608457264102,40.03401710237966],[-107.04877951849336,40.03401710237966]]]},"properties":{"kind":"security-area","targetId":"target-5","securityId":"target-5-security-5","option":5,"optionLabel":"E","name":"H05E \u00b7 Rams Horn Lake","sourceName":"Bear River Campground","gmu":26,"securityScore":60,"cover":57,"routeCover":77,"pressure":7,"distanceMiles":2.36,"routeMiles":2.88,"elevationFt":10178,"slopeDegrees":12,"latitude":40.031696,"longitude":-107.047095,"summary":"2.4 mi from Bear River Campground; modeled route 2.9 mi; security score 60/100. Verify ownership, closures, current sign, wind, and safe shooting conditions.","verified":false}},{"type":"Feature","geometry":{"type":"Point","coordinates":[-107.04709517733563,40.03169571598176]},"properties":{"kind":"security","targetId":"target-5","securityId":"target-5-security-5","option":5,"optionLabel":"E","name":"H05E \u00b7 Rams Horn Lake","sourceName":"Bear River Campground","gmu":26,"securityScore":60,"cover":57,"routeCover":77,"pressure":7,"distanceMiles":2.36,"routeMiles":2.88,"elevationFt":10178,"slopeDegrees":12,"latitude":40.031696,"longitude":-107.047095,"summary":"2.4 mi from Bear River Campground; modeled route 2.9 mi; security score 60/100. Verify ownership, closures, current sign, wind, and safe shooting conditions.","verified":false}},{"type":"Feature","geometry":{"type":"LineString","coordinates":[[-107.04709517733563,40.03169571598176],[-107.04709517733563,40.032727453024236],[-107.04642144087255,40.03375917445948],[-107.04507396794638,40.034790880287396],[-107.0437264950202,40.03582257050786],[-107.04237902209401,40.03685424512078],[-107.04103154916784,40.03788590412608],[-107.03968407624166,40.03840172777583],[-107.03833660331549,40.03943336336949],[-107.03698913038929,40.04046498335528],[-107.03564165746312,40.04149658773308],[-107.03429418453695,40.0425281765028],[-107.03294671161076,40.043559749664354],[-107.03294671161076,40.04459130721764],[-107.03294671161076,40.04562284916255],[-107.03294671161076,40.04665437549898],[-107.03294671161076,40.04768588622686],[-107.03294671161076,40.048717381346066],[-107.03294671161076,40.0497488608565],[-107.03294671161076,40.05078032475808],[-107.03294671161076,40.0518117730507],[-107.03294671161076,40.05284320573427],[-107.03294671161076,40.05387462280868],[-107.03294671161076,40.054906024273826],[-107.03159923868458,40.05593741012963],[-107.03159923868458,40.05696878037598],[-107.03025176575841,40.057484459645586],[-107.02890429283222,40.05800013501278],[-107.02755681990604,40.05903147403994],[-107.02620934697987,40.05954713769987],[-107.02486187405368,40.06057845331238],[-107.02351440112751,40.06057845331238],[-107.02216692820132,40.06057845331238],[-107.02081945527515,40.05954713769987],[-107.01947198234897,40.05851580647758]]},"properties":{"kind":"corridor","targetId":"target-5","securityId":"target-5-security-5","option":5,"optionLabel":"E","name":"H05E \u00b7 Rams Horn Lake \u2192 Bear River Campground","sourceName":"Bear River Campground","gmu":26,"securityScore":60,"cover":57,"routeCover":77,"pressure":7,"distanceMiles":2.36,"routeMiles":2.88,"elevationFt":10178,"slopeDegrees":12,"latitude":40.031696,"longitude":-107.047095,"summary":"2.4 mi from Bear River Campground; modeled route 2.9 mi; security score 60/100. Verify ownership, closures, current sign, wind, and safe shooting conditions.","verified":false}},{"type":"Feature","geometry":{"type":"Point","coordinates":[-107.160566,39.797229]},"properties":{"kind":"target","model":"human-food","targetId":"target-6","rank":6,"name":"Sweetwater Lake Campground","shortName":"H06 \u00b7 Sweetwater Lake Campground","sourceCategory":"Campground","sourceCategories":["Campground"],"sourceManager":"USFS","sourceInventory":"CPW campgrounds","sourceCount":1,"huntCode":"BE012O1R","gmu":25,"relativeScore":95,"conflictScore":100,"conflictDistanceMiles":0.0,"securityOptions":5,"reason1":"mapped source overlaps CPW historical conflict habitat","reason2":"mapped campground supplies the human-food hypothesis","reason3":"5 distinct federal-land security areas are nearby","caveat1":"historical conflict mapping is not a current bear report","caveat2":"do not hunt at or shoot toward campsites, homes, roads, or occupied areas","summary":"Human-food priority 95/100 with 5 modeled public-land security options. The source is context only; verify fresh sign, legal access, and a safe setup away from development.","latitude":39.797229,"longitude":-107.160566,"analysisDate":"2026-09-02"}},{"type":"Feature","geometry":{"type":"Polygon","coordinates":[[[-107.14512383271519,39.83150233396206],[-107.14512383271519,39.830984948586014],[-107.14781877856755,39.830984948586014],[-107.14781877856755,39.83046755931307],[-107.14849251503064,39.83046755931307],[-107.14849251503064,39.829950166143234],[-107.14512383271519,39.829950166143234],[-107.14512383271519,39.82943276907653],[-107.1444500962521,39.82943276907653],[-107.1444500962521,39.828915368112966],[-107.14377635978902,39.828915368112966],[-107.14377635978902,39.82788055449529],[-107.1444500962521,39.82788055449529],[-107.1444500962521,39.828397963252534],[-107.14512383271519,39.828397963252534],[-107.14512383271519,39.82788055449529],[-107.14647130564136,39.82788055449529],[-107.14647130564136,39.827363141841204],[-107.14714504210446,39.827363141841204],[-107.14714504210446,39.82684572529031],[-107.14781877856755,39.82684572529031],[-107.14781877856755,39.82632830484263],[-107.14579756917827,39.82632830484263],[-107.14579756917827,39.825810880498146],[-107.14310262332592,39.825810880498146],[-107.14310262332592,39.82632830484263],[-107.14377635978902,39.82632830484263],[-107.14377635978902,39.827363141841204],[-107.14310262332592,39.827363141841204],[-107.14310262332592,39.82788055449529],[-107.14242888686283,39.82788055449529],[-107.14242888686283,39.828915368112966],[-107.14108141393665,39.828915368112966],[-107.14108141393665,39.82943276907653],[-107.14040767747356,39.82943276907653],[-107.14040767747356,39.829950166143234],[-107.14108141393665,39.829950166143234],[-107.14108141393665,39.83046755931307],[-107.14175515039973,39.83046755931307],[-107.14175515039973,39.830984948586014],[-107.14377635978902,39.830984948586014],[-107.14377635978902,39.83150233396206],[-107.14512383271519,39.83150233396206]],[[-107.14512383271519,39.827363141841204],[-107.1444500962521,39.827363141841204],[-107.1444500962521,39.82684572529031],[-107.14512383271519,39.82684572529031],[-107.14512383271519,39.827363141841204]]]},"properties":{"kind":"security-area","targetId":"target-6","securityId":"target-6-security-1","option":1,"optionLabel":"A","name":"H06A \u00b7 Hack Lake","sourceName":"Sweetwater Lake Campground","gmu":25,"securityScore":75,"cover":64,"routeCover":57,"pressure":7,"distanceMiles":2.45,"routeMiles":2.64,"elevationFt":10472,"slopeDegrees":11,"latitude":39.829691,"longitude":-107.142092,"summary":"2.4 mi from Sweetwater Lake Campground; modeled route 2.6 mi; security score 75/100. Verify ownership, closures, current sign, wind, and safe shooting conditions.","verified":false}},{"type":"Feature","geometry":{"type":"Point","coordinates":[-107.14209201863129,39.829691468096996]},"properties":{"kind":"security","targetId":"target-6","securityId":"target-6-security-1","option":1,"optionLabel":"A","name":"H06A \u00b7 Hack Lake","sourceName":"Sweetwater Lake Campground","gmu":25,"securityScore":75,"cover":64,"routeCover":57,"pressure":7,"distanceMiles":2.45,"routeMiles":2.64,"elevationFt":10472,"slopeDegrees":11,"latitude":39.829691,"longitude":-107.142092,"summary":"2.4 mi from Sweetwater Lake Campground; modeled route 2.6 mi; security score 75/100. Verify ownership, closures, current sign, wind, and safe shooting conditions.","verified":false}},{"type":"Feature","geometry":{"type":"LineString","coordinates":[[-107.14209201863129,39.829691468096996],[-107.14209201863129,39.82917406908185],[-107.14343949155746,39.82813925936102],[-107.14478696448363,39.827104434052856],[-107.14613443740983,39.82606959315749],[-107.14613443740983,39.825034736675],[-107.14680817387291,39.82399986460549],[-107.14680817387291,39.82296497694909],[-107.147481910336,39.821930073705865],[-107.14815564679908,39.82089515487595],[-107.14815564679908,39.819860220459425],[-107.147481910336,39.8188252704564],[-107.147481910336,39.81779030486699],[-107.147481910336,39.81675532369129],[-107.14882938326218,39.81572032692939],[-107.14950311972527,39.8146853145814],[-107.14950311972527,39.81365028664745],[-107.15017685618835,39.8126152431276],[-107.15017685618835,39.811580184021985],[-107.15085059265145,39.81054510933068],[-107.15152432911454,39.809510019053825],[-107.15219806557764,39.808474913191496],[-107.15219806557764,39.807439791743796],[-107.15219806557764,39.80640465471084],[-107.15287180204072,39.80536950209273],[-107.15287180204072,39.804334333889564],[-107.1535455385038,39.803299150101445],[-107.1535455385038,39.802263950728474],[-107.1535455385038,39.80122873577077],[-107.15489301142998,39.800193505228414],[-107.15624048435618,39.799158259101524],[-107.15758795728235,39.79864063019391],[-107.15893543020852,39.797605360690405],[-107.1602829031347,39.797087720094545]]},"properties":{"kind":"corridor","targetId":"target-6","securityId":"target-6-security-1","option":1,"optionLabel":"A","name":"H06A \u00b7 Hack Lake \u2192 Sweetwater Lake Campground","sourceName":"Sweetwater Lake Campground","gmu":25,"securityScore":75,"cover":64,"routeCover":57,"pressure":7,"distanceMiles":2.45,"routeMiles":2.64,"elevationFt":10472,"slopeDegrees":11,"latitude":39.829691,"longitude":-107.142092,"summary":"2.4 mi from Sweetwater Lake Campground; modeled route 2.6 mi; security score 75/100. Verify ownership, closures, current sign, wind, and safe shooting conditions.","verified":false}},{"type":"Feature","geometry":{"type":"Polygon","coordinates":[[[-107.18217933818511,39.82115388604467],[-107.18217933818511,39.82063642273306],[-107.18150560172202,39.82063642273306],[-107.18150560172202,39.82115388604467],[-107.18217933818511,39.82115388604467]]]},"properties":{"kind":"security-area","targetId":"target-6","securityId":"target-6-security-2","option":2,"optionLabel":"B","name":"H06B \u00b7 Turret Creek","sourceName":"Sweetwater Lake Campground","gmu":25,"securityScore":69,"cover":54,"routeCover":37,"pressure":12,"distanceMiles":2.0,"routeMiles":2.09,"elevationFt":8316,"slopeDegrees":12,"latitude":39.820895,"longitude":-107.181842,"summary":"2.0 mi from Sweetwater Lake Campground; modeled route 2.1 mi; security score 69/100. Verify ownership, closures, current sign, wind, and safe shooting conditions.","verified":false}},{"type":"Feature","geometry":{"type":"Point","coordinates":[-107.18184246995358,39.82089515487595]},"properties":{"kind":"security","targetId":"target-6","securityId":"target-6-security-2","option":2,"optionLabel":"B","name":"H06B \u00b7 Turret Creek","sourceName":"Sweetwater Lake Campground","gmu":25,"securityScore":69,"cover":54,"routeCover":37,"pressure":12,"distanceMiles":2.0,"routeMiles":2.09,"elevationFt":8316,"slopeDegrees":12,"latitude":39.820895,"longitude":-107.181842,"summary":"2.0 mi from Sweetwater Lake Campground; modeled route 2.1 mi; security score 69/100. Verify ownership, closures, current sign, wind, and safe shooting conditions.","verified":false}},{"type":"Feature","geometry":{"type":"LineString","coordinates":[[-107.18184246995358,39.82089515487595],[-107.1811687334905,39.819860220459425],[-107.18049499702738,39.8188252704564],[-107.1798212605643,39.81779030486699],[-107.1798212605643,39.81675532369129],[-107.17914752410121,39.81572032692939],[-107.17847378763813,39.8146853145814],[-107.17712631471194,39.81365028664745],[-107.17577884178577,39.8126152431276],[-107.17443136885959,39.811580184021985],[-107.1730838959334,39.81054510933068],[-107.17173642300723,39.81002756614045],[-107.17038895008105,39.808992468070834],[-107.16904147715486,39.808474913191496],[-107.1676940042287,39.807439791743796],[-107.16634653130251,39.80640465471084],[-107.16567279483942,39.80536950209273],[-107.16499905837632,39.804334333889564],[-107.16365158545015,39.803299150101445],[-107.16230411252397,39.802263950728474],[-107.1609566395978,39.80122873577077],[-107.1602829031347,39.800193505228414],[-107.1602829031347,39.799158259101524],[-107.1602829031347,39.798122997390195],[-107.1602829031347,39.797087720094545]]},"properties":{"kind":"corridor","targetId":"target-6","securityId":"target-6-security-2","option":2,"optionLabel":"B","name":"H06B \u00b7 Turret Creek \u2192 Sweetwater Lake Campground","sourceName":"Sweetwater Lake Campground","gmu":25,"securityScore":69,"cover":54,"routeCover":37,"pressure":12,"distanceMiles":2.0,"routeMiles":2.09,"elevationFt":8316,"slopeDegrees":12,"latitude":39.820895,"longitude":-107.181842,"summary":"2.0 mi from Sweetwater Lake Campground; modeled route 2.1 mi; security score 69/100. Verify ownership, closures, current sign, wind, and safe shooting conditions.","verified":false}},{"type":"Feature","geometry":{"type":"Polygon","coordinates":[[[-107.17139955477568,39.8247760201189],[-107.17139955477568,39.823223700324455],[-107.1700520818495,39.823223700324455],[-107.1700520818495,39.82270625259954],[-107.16870460892333,39.82270625259954],[-107.16870460892333,39.823223700324455],[-107.16803087246024,39.823223700324455],[-107.16803087246024,39.82270625259954],[-107.16668339953405,39.82270625259954],[-107.16668339953405,39.823223700324455],[-107.16600966307097,39.823223700324455],[-107.16600966307097,39.82270625259954],[-107.16533592660788,39.82270625259954],[-107.16533592660788,39.82115388604467],[-107.16466219014478,39.82115388604467],[-107.16466219014478,39.821671345459634],[-107.16196724429243,39.821671345459634],[-107.16196724429243,39.82218880097793],[-107.16264098075551,39.82218880097793],[-107.16264098075551,39.82270625259954],[-107.1639884536817,39.82270625259954],[-107.1639884536817,39.82374114415266],[-107.16466219014478,39.82374114415266],[-107.16466219014478,39.82425858408414],[-107.16533592660788,39.82425858408414],[-107.16533592660788,39.8247760201189],[-107.17139955477568,39.8247760201189]]]},"properties":{"kind":"security-area","targetId":"target-6","securityId":"target-6-security-3","option":3,"optionLabel":"C","name":"H06C \u00b7 Johnny Meyers Lake","sourceName":"Sweetwater Lake Campground","gmu":25,"securityScore":57,"cover":70,"routeCover":29,"pressure":14,"distanceMiles":1.84,"routeMiles":1.97,"elevationFt":9762,"slopeDegrees":9,"latitude":39.823482,"longitude":-107.164999,"summary":"1.8 mi from Sweetwater Lake Campground; modeled route 2.0 mi; security score 57/100. Verify ownership, closures, current sign, wind, and safe shooting conditions.","verified":false}},{"type":"Feature","geometry":{"type":"Point","coordinates":[-107.16499905837632,39.823482422725654]},"properties":{"kind":"security","targetId":"target-6","securityId":"target-6-security-3","option":3,"optionLabel":"C","name":"H06C \u00b7 Johnny Meyers Lake","sourceName":"Sweetwater Lake Campground","gmu":25,"securityScore":57,"cover":70,"routeCover":29,"pressure":14,"distanceMiles":1.84,"routeMiles":1.97,"elevationFt":9762,"slopeDegrees":9,"latitude":39.823482,"longitude":-107.164999,"summary":"1.8 mi from Sweetwater Lake Campground; modeled route 2.0 mi; security score 57/100. Verify ownership, closures, current sign, wind, and safe shooting conditions.","verified":false}},{"type":"Feature","geometry":{"type":"LineString","coordinates":[[-107.16499905837632,39.823482422725654],[-107.16499905837632,39.82296497694909],[-107.16567279483942,39.821930073705865],[-107.16567279483942,39.82089515487595],[-107.16567279483942,39.819860220459425],[-107.16567279483942,39.8188252704564],[-107.16567279483942,39.81779030486699],[-107.16567279483942,39.81675532369129],[-107.16567279483942,39.81572032692939],[-107.16567279483942,39.8146853145814],[-107.16567279483942,39.81365028664745],[-107.16567279483942,39.8126152431276],[-107.16567279483942,39.811580184021985],[-107.16634653130251,39.81054510933068],[-107.16702026776561,39.809510019053825],[-107.16702026776561,39.808474913191496],[-107.16702026776561,39.807439791743796],[-107.16634653130251,39.80640465471084],[-107.16567279483942,39.80536950209273],[-107.16499905837632,39.804334333889564],[-107.16365158545015,39.803299150101445],[-107.16230411252397,39.802263950728474],[-107.1609566395978,39.80122873577077],[-107.1602829031347,39.800193505228414],[-107.1602829031347,39.799158259101524],[-107.1602829031347,39.798122997390195],[-107.1602829031347,39.797087720094545]]},"properties":{"kind":"corridor","targetId":"target-6","securityId":"target-6-security-3","option":3,"optionLabel":"C","name":"H06C \u00b7 Johnny Meyers Lake \u2192 Sweetwater Lake Campground","sourceName":"Sweetwater Lake Campground","gmu":25,"securityScore":57,"cover":70,"routeCover":29,"pressure":14,"distanceMiles":1.84,"routeMiles":1.97,"elevationFt":9762,"slopeDegrees":9,"latitude":39.823482,"longitude":-107.164999,"summary":"1.8 mi from Sweetwater Lake Campground; modeled route 2.0 mi; security score 57/100. Verify ownership, closures, current sign, wind, and safe shooting conditions.","verified":false}},{"type":"Feature","geometry":{"type":"Polygon","coordinates":[[[-107.17544197355421,39.78802837900424],[-107.17544197355421,39.78751066633341],[-107.1767894464804,39.78751066633341],[-107.1767894464804,39.78699294976677],[-107.17746318294348,39.78699294976677],[-107.17746318294348,39.78647522930434],[-107.17813691940657,39.78647522930434],[-107.17813691940657,39.7859575049461],[-107.17881065586967,39.7859575049461],[-107.17881065586967,39.784922044542306],[-107.18015812879585,39.784922044542306],[-107.18015812879585,39.78440430849676],[-107.18083186525894,39.78440430849676],[-107.18083186525894,39.783368824718494],[-107.18015812879585,39.783368824718494],[-107.18015812879585,39.78285107698578],[-107.17948439233277,39.78285107698578],[-107.17948439233277,39.78233332535737],[-107.1767894464804,39.78233332535737],[-107.1767894464804,39.783368824718494],[-107.17611571001731,39.783368824718494],[-107.17611571001731,39.783886568555495],[-107.17544197355421,39.783886568555495],[-107.17544197355421,39.78440430849676],[-107.17139955477568,39.78440430849676],[-107.17139955477568,39.78699294976677],[-107.17207329123877,39.78699294976677],[-107.17207329123877,39.78751066633341],[-107.17342076416496,39.78751066633341],[-107.17342076416496,39.78802837900424],[-107.17544197355421,39.78802837900424]]]},"properties":{"kind":"security-area","targetId":"target-6","securityId":"target-6-security-4","option":4,"optionLabel":"D","name":"H06D \u00b7 Darnell Creek","sourceName":"Sweetwater Lake Campground","gmu":25,"securityScore":57,"cover":64,"routeCover":73,"pressure":12,"distanceMiles":1.24,"routeMiles":1.39,"elevationFt":8747,"slopeDegrees":12,"latitude":39.785181,"longitude":-107.1778,"summary":"1.2 mi from Sweetwater Lake Campground; modeled route 1.4 mi; security score 57/100. Verify ownership, closures, current sign, wind, and safe shooting conditions.","verified":false}},{"type":"Feature","geometry":{"type":"Point","coordinates":[-107.17780005117504,39.785180911104156]},"properties":{"kind":"security","targetId":"target-6","securityId":"target-6-security-4","option":4,"optionLabel":"D","name":"H06D \u00b7 Darnell Creek","sourceName":"Sweetwater Lake Campground","gmu":25,"securityScore":57,"cover":64,"routeCover":73,"pressure":12,"distanceMiles":1.24,"routeMiles":1.39,"elevationFt":8747,"slopeDegrees":12,"latitude":39.785181,"longitude":-107.1778,"summary":"1.2 mi from Sweetwater Lake Campground; modeled route 1.4 mi; security score 57/100. Verify ownership, closures, current sign, wind, and safe shooting conditions.","verified":false}},{"type":"Feature","geometry":{"type":"LineString","coordinates":[[-107.17780005117504,39.785180911104156],[-107.17712631471194,39.785180911104156],[-107.17577884178577,39.786216367612184],[-107.17443136885959,39.786216367612184],[-107.1730838959334,39.786216367612184],[-107.17173642300723,39.786216367612184],[-107.17038895008105,39.786216367612184],[-107.16904147715486,39.78725180853707],[-107.1676940042287,39.78828723387871],[-107.16702026776561,39.789322643637],[-107.16567279483942,39.79035803781185],[-107.16432532191324,39.79139341640313],[-107.16297784898707,39.791911099854914],[-107.16163037606088,39.79294645507067],[-107.1609566395978,39.79398179470262],[-107.1602829031347,39.79501711875065],[-107.1602829031347,39.796052427214654],[-107.1602829031347,39.797087720094545]]},"properties":{"kind":"corridor","targetId":"target-6","securityId":"target-6-security-4","option":4,"optionLabel":"D","name":"H06D \u00b7 Darnell Creek \u2192 Sweetwater Lake Campground","sourceName":"Sweetwater Lake Campground","gmu":25,"securityScore":57,"cover":64,"routeCover":73,"pressure":12,"distanceMiles":1.24,"routeMiles":1.39,"elevationFt":8747,"slopeDegrees":12,"latitude":39.785181,"longitude":-107.1778,"summary":"1.2 mi from Sweetwater Lake Campground; modeled route 1.4 mi; security score 57/100. Verify ownership, closures, current sign, wind, and safe shooting conditions.","verified":false}},{"type":"Feature","geometry":{"type":"Polygon","coordinates":[[[-107.20576011439326,39.81597907758106],[-107.20576011439326,39.81494406912959],[-107.20508637793017,39.81494406912959],[-107.20508637793017,39.8144265590591],[-107.2023914320778,39.8144265590591],[-107.2023914320778,39.81390904509212],[-107.20171769561472,39.81390904509212],[-107.20171769561472,39.8144265590591],[-107.20104395915163,39.8144265590591],[-107.20104395915163,39.81546157530359],[-107.20171769561472,39.81546157530359],[-107.20171769561472,39.81597907758106],[-107.2023914320778,39.81597907758106],[-107.2023914320778,39.81546157530359],[-107.20441264146709,39.81546157530359],[-107.20441264146709,39.81597907758106],[-107.20576011439326,39.81597907758106]]]},"properties":{"kind":"security-area","targetId":"target-6","securityId":"target-6-security-5","option":5,"optionLabel":"E","name":"H06E \u00b7 Cross Creek","sourceName":"Sweetwater Lake Campground","gmu":25,"securityScore":63,"cover":57,"routeCover":49,"pressure":8,"distanceMiles":2.67,"routeMiles":2.83,"elevationFt":8519,"slopeDegrees":17,"latitude":39.815203,"longitude":-107.20475,"summary":"2.7 mi from Sweetwater Lake Campground; modeled route 2.8 mi; security score 63/100. Verify ownership, closures, current sign, wind, and safe shooting conditions.","verified":false}},{"type":"Feature","geometry":{"type":"Point","coordinates":[-107.20474950969862,39.815202822703654]},"properties":{"kind":"security","targetId":"target-6","securityId":"target-6-security-5","option":5,"optionLabel":"E","name":"H06E \u00b7 Cross Creek","sourceName":"Sweetwater Lake Campground","gmu":25,"securityScore":63,"cover":57,"routeCover":49,"pressure":8,"distanceMiles":2.67,"routeMiles":2.83,"elevationFt":8519,"slopeDegrees":17,"latitude":39.815203,"longitude":-107.20475,"summary":"2.7 mi from Sweetwater Lake Campground; modeled route 2.8 mi; security score 63/100. Verify ownership, closures, current sign, wind, and safe shooting conditions.","verified":false}},{"type":"Feature","geometry":{"type":"LineString","coordinates":[[-107.20474950969862,39.815202822703654],[-107.20340203677245,39.81416780256267],[-107.20205456384626,39.81365028664745],[-107.20070709092008,39.8126152431276],[-107.1993596179939,39.81209771552301],[-107.19801214506772,39.81209771552301],[-107.19666467214155,39.811580184021985],[-107.19531719921537,39.81106264862454],[-107.19396972628918,39.81054510933068],[-107.19262225336301,39.81002756614045],[-107.19127478043683,39.809510019053825],[-107.18992730751064,39.809510019053825],[-107.18857983458447,39.809510019053825],[-107.18723236165829,39.809510019053825],[-107.1858848887321,39.809510019053825],[-107.18453741580593,39.809510019053825],[-107.18318994287975,39.808992468070834],[-107.18184246995358,39.80795735441581],[-107.18049499702738,39.807439791743796],[-107.17914752410121,39.807439791743796],[-107.17780005117504,39.807439791743796],[-107.17645257824886,39.807439791743796],[-107.17510510532267,39.807439791743796],[-107.1737576323965,39.80692222517548],[-107.17241015947032,39.805887080349926],[-107.17106268654415,39.80536950209273],[-107.16971521361795,39.804334333889564],[-107.16836774069178,39.803816743943614],[-107.16702026776561,39.803299150101445],[-107.16567279483942,39.802263950728474],[-107.16432532191324,39.80122873577077],[-107.16297784898707,39.800193505228414],[-107.16163037606088,39.799158259101524],[-107.1602829031347,39.798122997390195],[-107.1602829031347,39.797087720094545]]},"properties":{"kind":"corridor","targetId":"target-6","securityId":"target-6-security-5","option":5,"optionLabel":"E","name":"H06E \u00b7 Cross Creek \u2192 Sweetwater Lake Campground","sourceName":"Sweetwater Lake Campground","gmu":25,"securityScore":63,"cover":57,"routeCover":49,"pressure":8,"distanceMiles":2.67,"routeMiles":2.83,"elevationFt":8519,"slopeDegrees":17,"latitude":39.815203,"longitude":-107.20475,"summary":"2.7 mi from Sweetwater Lake Campground; modeled route 2.8 mi; security score 63/100. Verify ownership, closures, current sign, wind, and safe shooting conditions.","verified":false}},{"type":"Feature","geometry":{"type":"Point","coordinates":[-107.086231,40.186666]},"properties":{"kind":"target","model":"human-food","targetId":"target-7","rank":7,"name":"Chapman Reservoir Campground","shortName":"H07 \u00b7 Chapman Reservoir Campground","sourceCategory":"Campground","sourceCategories":["Campground"],"sourceManager":"USFS","sourceInventory":"CPW campgrounds","sourceCount":1,"huntCode":"BE012O1R","gmu":231,"relativeScore":95,"conflictScore":100,"conflictDistanceMiles":0.0,"securityOptions":5,"reason1":"mapped source overlaps CPW historical conflict habitat","reason2":"mapped campground supplies the human-food hypothesis","reason3":"5 distinct federal-land security areas are nearby","caveat1":"historical conflict mapping is not a current bear report","caveat2":"do not hunt at or shoot toward campsites, homes, roads, or occupied areas","summary":"Human-food priority 95/100 with 5 modeled public-land security options. The source is context only; verify fresh sign, legal access, and a safe setup away from development.","latitude":40.186666,"longitude":-107.086231,"analysisDate":"2026-09-02"}},{"type":"Feature","geometry":{"type":"Polygon","coordinates":[[[-107.10604711785598,40.20455124418134],[-107.10604711785598,40.20403667953862],[-107.10739459078218,40.20403667953862],[-107.10739459078218,40.203522110990065],[-107.10806832724526,40.203522110990065],[-107.10806832724526,40.20300753853569],[-107.10874206370835,40.20300753853569],[-107.10874206370835,40.20146379773781],[-107.10739459078218,40.20146379773781],[-107.10739459078218,40.2009492096603],[-107.10604711785598,40.2009492096603],[-107.10604711785598,40.20146379773781],[-107.1053733813929,40.20146379773781],[-107.1053733813929,40.201978381909555],[-107.10469964492981,40.201978381909555],[-107.10469964492981,40.20300753853569],[-107.1053733813929,40.20300753853569],[-107.1053733813929,40.203522110990065],[-107.10469964492981,40.203522110990065],[-107.10469964492981,40.20403667953862],[-107.10402590846672,40.20403667953862],[-107.10402590846672,40.20455124418134],[-107.10604711785598,40.20455124418134]],[[-107.10739459078218,40.201978381909555],[-107.10672085431908,40.201978381909555],[-107.10672085431908,40.20146379773781],[-107.10739459078218,40.20146379773781],[-107.10739459078218,40.201978381909555]]]},"properties":{"kind":"security-area","targetId":"target-7","securityId":"target-7-security-1","option":1,"optionLabel":"A","name":"H07A \u00b7 Little Oak Creek","sourceName":"Chapman Reservoir Campground","gmu":231,"securityScore":63,"cover":58,"routeCover":80,"pressure":6,"distanceMiles":1.54,"routeMiles":1.61,"elevationFt":8636,"slopeDegrees":10,"latitude":40.203265,"longitude":-107.10571,"summary":"1.5 mi from Chapman Reservoir Campground; modeled route 1.6 mi; security score 63/100. Verify ownership, closures, current sign, wind, and safe shooting conditions.","verified":false}},{"type":"Feature","geometry":{"type":"Point","coordinates":[-107.10571024962445,40.2032648252511]},"properties":{"kind":"security","targetId":"target-7","securityId":"target-7-security-1","option":1,"optionLabel":"A","name":"H07A \u00b7 Little Oak Creek","sourceName":"Chapman Reservoir Campground","gmu":231,"securityScore":63,"cover":58,"routeCover":80,"pressure":6,"distanceMiles":1.54,"routeMiles":1.61,"elevationFt":8636,"slopeDegrees":10,"latitude":40.203265,"longitude":-107.10571,"summary":"1.5 mi from Chapman Reservoir Campground; modeled route 1.6 mi; security score 63/100. Verify ownership, closures, current sign, wind, and safe shooting conditions.","verified":false}},{"type":"Feature","geometry":{"type":"LineString","coordinates":[[-107.10571024962445,40.2032648252511],[-107.10436277669827,40.202235672530755],[-107.10301530377208,40.20120650418727],[-107.1016678308459,40.20069191415688],[-107.10032035791973,40.20017732022074],[-107.09897288499354,40.19966272237886],[-107.09762541206736,40.198633514977935],[-107.09627793914119,40.19760429195421],[-107.09493046621502,40.196575053307754],[-107.09358299328882,40.1955457990387],[-107.09290925682573,40.1945165291471],[-107.09156178389956,40.19348724363308],[-107.09021431097338,40.192972595017686],[-107.09021431097338,40.191943286070206],[-107.09021431097338,40.19091396150053],[-107.0895405745103,40.18988462130876],[-107.08819310158411,40.18885526549497],[-107.08684562865793,40.18782589405929],[-107.08617189219484,40.1867965070018]]},"properties":{"kind":"corridor","targetId":"target-7","securityId":"target-7-security-1","option":1,"optionLabel":"A","name":"H07A \u00b7 Little Oak Creek \u2192 Chapman Reservoir Campground","sourceName":"Chapman Reservoir Campground","gmu":231,"securityScore":63,"cover":58,"routeCover":80,"pressure":6,"distanceMiles":1.54,"routeMiles":1.61,"elevationFt":8636,"slopeDegrees":10,"latitude":40.203265,"longitude":-107.10571,"summary":"1.5 mi from Chapman Reservoir Campground; modeled route 1.6 mi; security score 63/100. Verify ownership, closures, current sign, wind, and safe shooting conditions.","verified":false}},{"type":"Feature","geometry":{"type":"Polygon","coordinates":[[[-107.10806832724526,40.17675916453025],[-107.10806832724526,40.17521482619357],[-107.10874206370835,40.17521482619357],[-107.10874206370835,40.17418524777662],[-107.10806832724526,40.17418524777662],[-107.10806832724526,40.171611233394565],[-107.10739459078218,40.171611233394565],[-107.10739459078218,40.16903712138558],[-107.10806832724526,40.16903712138558],[-107.10806832724526,40.16852228726868],[-107.10874206370835,40.16852228726868],[-107.10874206370835,40.16800744924678],[-107.10941580017143,40.16800744924678],[-107.10941580017143,40.16852228726868],[-107.11008953663452,40.16852228726868],[-107.11008953663452,40.16800744924678],[-107.11076327309762,40.16800744924678],[-107.11076327309762,40.16749260731988],[-107.10941580017143,40.16749260731988],[-107.10941580017143,40.166977761488],[-107.10806832724526,40.166977761488],[-107.10806832724526,40.16800744924678],[-107.10739459078218,40.16800744924678],[-107.10739459078218,40.16749260731988],[-107.10672085431908,40.16749260731988],[-107.10672085431908,40.166462911751154],[-107.10604711785598,40.166462911751154],[-107.10604711785598,40.166977761488],[-107.10335217200362,40.166977761488],[-107.10335217200362,40.16749260731988],[-107.10267843554054,40.16749260731988],[-107.10267843554054,40.169551951597455],[-107.10335217200362,40.169551951597455],[-107.10335217200362,40.17006677790431],[-107.10402590846672,40.17006677790431],[-107.10402590846672,40.171096418802875],[-107.10469964492981,40.171096418802875],[-107.10469964492981,40.1726408508627],[-107.1053733813929,40.1726408508627],[-107.1053733813929,40.17367045271044],[-107.10604711785598,40.17367045271044],[-107.10604711785598,40.17470003893767],[-107.10672085431908,40.17470003893767],[-107.10672085431908,40.17675916453025],[-107.10806832724526,40.17675916453025]],[[-107.10672085431908,40.16800744924678],[-107.10604711785598,40.16800744924678],[-107.10604711785598,40.16749260731988],[-107.10672085431908,40.16749260731988],[-107.10672085431908,40.16800744924678]]]},"properties":{"kind":"security-area","targetId":"target-7","securityId":"target-7-security-2","option":2,"optionLabel":"B","name":"H07B \u00b7 Chapman Reservoir","sourceName":"Chapman Reservoir Campground","gmu":231,"securityScore":61,"cover":58,"routeCover":70,"pressure":7,"distanceMiles":1.49,"routeMiles":1.59,"elevationFt":9553,"slopeDegrees":15,"latitude":40.171869,"longitude":-107.106384,"summary":"1.5 mi from Chapman Reservoir Campground; modeled route 1.6 mi; security score 61/100. Verify ownership, closures, current sign, wind, and safe shooting conditions.","verified":false}},{"type":"Feature","geometry":{"type":"Point","coordinates":[-107.10638398608754,40.171868639226005]},"properties":{"kind":"security","targetId":"target-7","securityId":"target-7-security-2","option":2,"optionLabel":"B","name":"H07B \u00b7 Chapman Reservoir","sourceName":"Chapman Reservoir Campground","gmu":231,"securityScore":61,"cover":58,"routeCover":70,"pressure":7,"distanceMiles":1.49,"routeMiles":1.59,"elevationFt":9553,"slopeDegrees":15,"latitude":40.171869,"longitude":-107.106384,"summary":"1.5 mi from Chapman Reservoir Campground; modeled route 1.6 mi; security score 61/100. Verify ownership, closures, current sign, wind, and safe shooting conditions.","verified":false}},{"type":"Feature","geometry":{"type":"LineString","coordinates":[[-107.10638398608754,40.171868639226005],[-107.10571024962445,40.172898252789054],[-107.10571024962445,40.17392785073167],[-107.10503651316135,40.17495743305377],[-107.10368904023517,40.17598699975524],[-107.102341567309,40.177016550835994],[-107.10099409438281,40.17804608629594],[-107.09964662145664,40.17907560613499],[-107.09829914853046,40.179590360196634],[-107.09695167560427,40.18061985660414],[-107.09627793914119,40.181649337390496],[-107.09493046621502,40.18267880255562],[-107.09358299328882,40.1837082520994],[-107.09290925682573,40.18473768602176],[-107.09156178389956,40.18576710432259],[-107.09021431097338,40.1867965070018],[-107.0888668380472,40.1867965070018],[-107.08751936512103,40.1867965070018],[-107.08617189219484,40.1867965070018]]},"properties":{"kind":"corridor","targetId":"target-7","securityId":"target-7-security-2","option":2,"optionLabel":"B","name":"H07B \u00b7 Chapman Reservoir \u2192 Chapman Reservoir Campground","sourceName":"Chapman Reservoir Campground","gmu":231,"securityScore":61,"cover":58,"routeCover":70,"pressure":7,"distanceMiles":1.49,"routeMiles":1.59,"elevationFt":9553,"slopeDegrees":15,"latitude":40.171869,"longitude":-107.106384,"summary":"1.5 mi from Chapman Reservoir Campground; modeled route 1.6 mi; security score 61/100. Verify ownership, closures, current sign, wind, and safe shooting conditions.","verified":false}},{"type":"Feature","geometry":{"type":"Polygon","coordinates":[[[-107.09930975322509,40.22410180627027],[-107.09930975322509,40.22255854591385],[-107.09998348968819,40.22255854591385],[-107.09998348968819,40.22101525040116],[-107.10065722615127,40.22101525040116],[-107.10065722615127,40.21535619941164],[-107.09998348968819,40.21535619941164],[-107.09998348968819,40.21432723027031],[-107.09930975322509,40.21432723027031],[-107.09930975322509,40.21484171679401],[-107.09661480737273,40.21484171679401],[-107.09661480737273,40.21535619941164],[-107.09594107090963,40.21535619941164],[-107.09594107090963,40.216385152928616],[-107.09661480737273,40.216385152928616],[-107.09661480737273,40.21792855390822],[-107.09728854383583,40.21792855390822],[-107.09728854383583,40.21741409082115],[-107.09796228029892,40.21741409082115],[-107.09796228029892,40.215870678123174],[-107.098636016762,40.215870678123174],[-107.098636016762,40.22050081075115],[-107.09796228029892,40.22050081075115],[-107.09796228029892,40.22358739005774],[-107.098636016762,40.22358739005774],[-107.098636016762,40.22410180627027],[-107.09930975322509,40.22410180627027]]]},"properties":{"kind":"security-area","targetId":"target-7","securityId":"target-7-security-3","option":3,"optionLabel":"C","name":"H07C \u00b7 Last Chance Ditch","sourceName":"Chapman Reservoir Campground","gmu":231,"securityScore":65,"cover":62,"routeCover":78,"pressure":4,"distanceMiles":2.39,"routeMiles":2.58,"elevationFt":8419,"slopeDegrees":17,"latitude":40.219729,"longitude":-107.099647,"summary":"2.4 mi from Chapman Reservoir Campground; modeled route 2.6 mi; security score 65/100. Verify ownership, closures, current sign, wind, and safe shooting conditions.","verified":false}},{"type":"Feature","geometry":{"type":"Point","coordinates":[-107.09964662145664,40.21972914395199]},"properties":{"kind":"security","targetId":"target-7","securityId":"target-7-security-3","option":3,"optionLabel":"C","name":"H07C \u00b7 Last Chance Ditch","sourceName":"Chapman Reservoir Campground","gmu":231,"securityScore":65,"cover":62,"routeCover":78,"pressure":4,"distanceMiles":2.39,"routeMiles":2.58,"elevationFt":8419,"slopeDegrees":17,"latitude":40.219729,"longitude":-107.099647,"summary":"2.4 mi from Chapman Reservoir Campground; modeled route 2.6 mi; security score 65/100. Verify ownership, closures, current sign, wind, and safe shooting conditions.","verified":false}},{"type":"Feature","geometry":{"type":"LineString","coordinates":[[-107.09964662145664,40.21972914395199],[-107.10032035791973,40.21921469453649],[-107.10032035791973,40.21818578398695],[-107.10032035791973,40.21715685781281],[-107.09964662145664,40.21612791601416],[-107.09964662145664,40.215098958591085],[-107.09964662145664,40.21406998554368],[-107.09964662145664,40.213040996872046],[-107.10032035791973,40.21201199257628],[-107.09964662145664,40.21098297265647],[-107.09964662145664,40.20995393711271],[-107.09897288499354,40.20892488594509],[-107.09829914853046,40.207895819153734],[-107.09829914853046,40.20686673673869],[-107.09829914853046,40.205837638700096],[-107.09762541206736,40.20480852503801],[-107.09762541206736,40.20377939575256],[-107.09762541206736,40.20275025084383],[-107.09695167560427,40.201721090311906],[-107.09695167560427,40.20069191415688],[-107.09695167560427,40.19966272237886],[-107.09695167560427,40.198633514977935],[-107.09627793914119,40.19760429195421],[-107.09493046621502,40.196575053307754],[-107.09358299328882,40.1955457990387],[-107.09290925682573,40.1945165291471],[-107.09156178389956,40.19348724363308],[-107.09021431097338,40.192972595017686],[-107.09021431097338,40.191943286070206],[-107.09021431097338,40.19091396150053],[-107.0895405745103,40.18988462130876],[-107.08819310158411,40.18885526549497],[-107.08684562865793,40.18782589405929],[-107.08617189219484,40.1867965070018]]},"properties":{"kind":"corridor","targetId":"target-7","securityId":"target-7-security-3","option":3,"optionLabel":"C","name":"H07C \u00b7 Last Chance Ditch \u2192 Chapman Reservoir Campground","sourceName":"Chapman Reservoir Campground","gmu":231,"securityScore":65,"cover":62,"routeCover":78,"pressure":4,"distanceMiles":2.39,"routeMiles":2.58,"elevationFt":8419,"slopeDegrees":17,"latitude":40.219729,"longitude":-107.099647,"summary":"2.4 mi from Chapman Reservoir Campground; modeled route 2.6 mi; security score 65/100. Verify ownership, closures, current sign, wind, and safe shooting conditions.","verified":false}},{"type":"Feature","geometry":{"type":"Polygon","coordinates":[[[-107.11413195541306,40.19168595639236],[-107.11413195541306,40.19117129410753],[-107.11345821894997,40.19117129410753],[-107.11345821894997,40.19065662791714],[-107.11480569187616,40.19065662791714],[-107.11480569187616,40.19014195782126],[-107.11547942833924,40.19014195782126],[-107.11547942833924,40.18962728381987],[-107.11682690126541,40.18962728381987],[-107.11682690126541,40.189112605912975],[-107.11750063772851,40.189112605912975],[-107.11750063772851,40.18756854875946],[-107.11615316480233,40.18756854875946],[-107.11615316480233,40.18808323838276],[-107.11547942833924,40.18808323838276],[-107.11547942833924,40.188597924100605],[-107.11480569187616,40.188597924100605],[-107.11480569187616,40.189112605912975],[-107.11413195541306,40.189112605912975],[-107.11413195541306,40.18962728381987],[-107.11345821894997,40.18962728381987],[-107.11345821894997,40.19014195782126],[-107.11278448248689,40.19014195782126],[-107.11278448248689,40.19168595639236],[-107.11413195541306,40.19168595639236]],[[-107.11682690126541,40.189112605912975],[-107.11615316480233,40.189112605912975],[-107.11615316480233,40.188597924100605],[-107.11682690126541,40.188597924100605],[-107.11682690126541,40.189112605912975]]]},"properties":{"kind":"security-area","targetId":"target-7","securityId":"target-7-security-4","option":4,"optionLabel":"D","name":"H07D \u00b7 Little Oak Creek","sourceName":"Chapman Reservoir Campground","gmu":231,"securityScore":59,"cover":56,"routeCover":74,"pressure":7,"distanceMiles":1.51,"routeMiles":1.56,"elevationFt":8900,"slopeDegrees":13,"latitude":40.189885,"longitude":-107.114469,"summary":"1.5 mi from Chapman Reservoir Campground; modeled route 1.6 mi; security score 59/100. Verify ownership, closures, current sign, wind, and safe shooting conditions.","verified":false}},{"type":"Feature","geometry":{"type":"Point","coordinates":[-107.11446882364461,40.18988462130876]},"properties":{"kind":"security","targetId":"target-7","securityId":"target-7-security-4","option":4,"optionLabel":"D","name":"H07D \u00b7 Little Oak Creek","sourceName":"Chapman Reservoir Campground","gmu":231,"securityScore":59,"cover":56,"routeCover":74,"pressure":7,"distanceMiles":1.51,"routeMiles":1.56,"elevationFt":8900,"slopeDegrees":13,"latitude":40.189885,"longitude":-107.114469,"summary":"1.5 mi from Chapman Reservoir Campground; modeled route 1.6 mi; security score 59/100. Verify ownership, closures, current sign, wind, and safe shooting conditions.","verified":false}},{"type":"Feature","geometry":{"type":"LineString","coordinates":[[-107.11446882364461,40.18988462130876],[-107.11312135071843,40.18988462130876],[-107.11177387779225,40.18988462130876],[-107.11042640486608,40.18988462130876],[-107.10907893193989,40.18988462130876],[-107.1077314590137,40.18988462130876],[-107.10638398608754,40.189369945354606],[-107.10503651316135,40.189369945354606],[-107.10368904023517,40.18834058172986],[-107.102341567309,40.18834058172986],[-107.10099409438281,40.18834058172986],[-107.09964662145664,40.18834058172986],[-107.09829914853046,40.18834058172986],[-107.09695167560427,40.18834058172986],[-107.0956042026781,40.18834058172986],[-107.09425672975192,40.18782589405929],[-107.09290925682573,40.18782589405929],[-107.09156178389956,40.18782589405929],[-107.09021431097338,40.18782589405929],[-107.0888668380472,40.187311202483265],[-107.08751936512103,40.1867965070018],[-107.08617189219484,40.1867965070018]]},"properties":{"kind":"corridor","targetId":"target-7","securityId":"target-7-security-4","option":4,"optionLabel":"D","name":"H07D \u00b7 Little Oak Creek \u2192 Chapman Reservoir Campground","sourceName":"Chapman Reservoir Campground","gmu":231,"securityScore":59,"cover":56,"routeCover":74,"pressure":7,"distanceMiles":1.51,"routeMiles":1.56,"elevationFt":8900,"slopeDegrees":13,"latitude":40.189885,"longitude":-107.114469,"summary":"1.5 mi from Chapman Reservoir Campground; modeled route 1.6 mi; security score 59/100. Verify ownership, closures, current sign, wind, and safe shooting conditions.","verified":false}},{"type":"Feature","geometry":{"type":"Polygon","coordinates":[[[-107.06023303836588,40.17058160030612],[-107.06023303836588,40.16903712138558],[-107.06090677482898,40.16903712138558],[-107.06090677482898,40.16852228726868],[-107.06158051129208,40.16852228726868],[-107.06158051129208,40.16800744924678],[-107.06225424775516,40.16800744924678],[-107.06225424775516,40.16749260731988],[-107.06360172068133,40.16749260731988],[-107.06360172068133,40.166977761488],[-107.06494919360752,40.166977761488],[-107.06494919360752,40.165433200562596],[-107.06427545714443,40.165433200562596],[-107.06427545714443,40.164918339110905],[-107.06360172068133,40.164918339110905],[-107.06360172068133,40.1644034737543],[-107.06225424775516,40.1644034737543],[-107.06225424775516,40.164918339110905],[-107.06023303836588,40.164918339110905],[-107.06023303836588,40.165433200562596],[-107.05888556543971,40.165433200562596],[-107.05888556543971,40.166462911751154],[-107.06023303836588,40.166462911751154],[-107.06023303836588,40.16749260731988],[-107.0595593019028,40.16749260731988],[-107.0595593019028,40.16800744924678],[-107.05888556543971,40.16800744924678],[-107.05888556543971,40.16903712138558],[-107.0595593019028,40.16903712138558],[-107.0595593019028,40.17058160030612],[-107.06023303836588,40.17058160030612]],[[-107.06158051129208,40.166977761488],[-107.06090677482898,40.166977761488],[-107.06090677482898,40.166462911751154],[-107.06023303836588,40.166462911751154],[-107.06023303836588,40.16594805810935],[-107.06225424775516,40.16594805810935],[-107.06225424775516,40.166462911751154],[-107.06158051129208,40.166462911751154],[-107.06158051129208,40.166977761488]]]},"properties":{"kind":"security-area","targetId":"target-7","securityId":"target-7-security-5","option":5,"optionLabel":"E","name":"H07E \u00b7 Simon Reservoir Number 1","sourceName":"Chapman Reservoir Campground","gmu":231,"securityScore":59,"cover":61,"routeCover":81,"pressure":24,"distanceMiles":1.87,"routeMiles":2.06,"elevationFt":8945,"slopeDegrees":17,"latitude":40.16878,"longitude":-107.059896,"summary":"1.9 mi from Chapman Reservoir Campground; modeled route 2.1 mi; security score 59/100. Verify ownership, closures, current sign, wind, and safe shooting conditions.","verified":false}},{"type":"Feature","geometry":{"type":"Point","coordinates":[-107.05989617013435,40.16877970481526]},"properties":{"kind":"security","targetId":"target-7","securityId":"target-7-security-5","option":5,"optionLabel":"E","name":"H07E \u00b7 Simon Reservoir Number 1","sourceName":"Chapman Reservoir Campground","gmu":231,"securityScore":59,"cover":61,"routeCover":81,"pressure":24,"distanceMiles":1.87,"routeMiles":2.06,"elevationFt":8945,"slopeDegrees":17,"latitude":40.16878,"longitude":-107.059896,"summary":"1.9 mi from Chapman Reservoir Campground; modeled route 2.1 mi; security score 59/100. Verify ownership, closures, current sign, wind, and safe shooting conditions.","verified":false}},{"type":"Feature","geometry":{"type":"LineString","coordinates":[[-107.05989617013435,40.16877970481526],[-107.05989617013435,40.16929453697965],[-107.05989617013435,40.170324189593344],[-107.06056990659744,40.17135382658686],[-107.0619173795236,40.17238344796008],[-107.0625911159867,40.17341305371293],[-107.06326485244979,40.17444264384528],[-107.06326485244979,40.175472218357086],[-107.06326485244979,40.17650177724821],[-107.06461232537598,40.177531320518575],[-107.06595979830216,40.17804608629594],[-107.06730727122833,40.17907560613499],[-107.06865474415451,40.180105110353026],[-107.0700022170807,40.18113459894997],[-107.07134969000687,40.181649337390496],[-107.07269716293304,40.181649337390496],[-107.07404463585924,40.18216407192572],[-107.07539210878541,40.18267880255562],[-107.07673958171159,40.1837082520994],[-107.07808705463776,40.1837082520994],[-107.07943452756395,40.1837082520994],[-107.08078200049013,40.1837082520994],[-107.0821294734163,40.18422297101326],[-107.08347694634247,40.18473768602176],[-107.08482441926867,40.18576710432259],[-107.08617189219484,40.1867965070018]]},"properties":{"kind":"corridor","targetId":"target-7","securityId":"target-7-security-5","option":5,"optionLabel":"E","name":"H07E \u00b7 Simon Reservoir Number 1 \u2192 Chapman Reservoir Campground","sourceName":"Chapman Reservoir Campground","gmu":231,"securityScore":59,"cover":61,"routeCover":81,"pressure":24,"distanceMiles":1.87,"routeMiles":2.06,"elevationFt":8945,"slopeDegrees":17,"latitude":40.16878,"longitude":-107.059896,"summary":"1.9 mi from Chapman Reservoir Campground; modeled route 2.1 mi; security score 59/100. Verify ownership, closures, current sign, wind, and safe shooting conditions.","verified":false}},{"type":"Feature","geometry":{"type":"Point","coordinates":[-107.431541,40.270915]},"properties":{"kind":"target","model":"human-food","targetId":"target-8","rank":8,"name":"Indian Run SWA","shortName":"H08 \u00b7 Indian Run SWA","sourceCategory":"SWA campsite","sourceCategories":["SWA campsite"],"sourceManager":"CPW","sourceInventory":"CPW SWA campsites","sourceCount":1,"huntCode":"BE012O1R","gmu":12,"relativeScore":95,"conflictScore":100,"conflictDistanceMiles":0.0,"securityOptions":3,"reason1":"mapped source overlaps CPW historical conflict habitat","reason2":"mapped swa campsite supplies the human-food hypothesis","reason3":"3 distinct federal-land security areas are nearby","caveat1":"historical conflict mapping is not a current bear report","caveat2":"do not hunt at or shoot toward campsites, homes, roads, or occupied areas","summary":"Human-food priority 95/100 with 3 modeled public-land security options. The source is context only; verify fresh sign, legal access, and a safe setup away from development.","latitude":40.270915,"longitude":-107.431541,"analysisDate":"2026-09-02"}},{"type":"Feature","geometry":{"type":"Polygon","coordinates":[[[-107.39844874283689,40.23901817715048],[-107.39844874283689,40.23747525665448],[-107.39777500637379,40.23747525665448],[-107.39777500637379,40.23901817715048],[-107.39844874283689,40.23901817715048]]]},"properties":{"kind":"security-area","targetId":"target-8","securityId":"target-8-security-1","option":1,"optionLabel":"A","name":"H08A \u00b7 Elk Draw","sourceName":"Indian Run SWA","gmu":12,"securityScore":75,"cover":60,"routeCover":43,"pressure":17,"distanceMiles":2.9,"routeMiles":3.16,"elevationFt":7757,"slopeDegrees":11,"latitude":40.238247,"longitude":-107.398112,"summary":"2.9 mi from Indian Run SWA; modeled route 3.2 mi; security score 75/100. Verify ownership, closures, current sign, wind, and safe shooting conditions.","verified":false}},{"type":"Feature","geometry":{"type":"Point","coordinates":[-107.39811187460535,40.23824672129742]},"properties":{"kind":"security","targetId":"target-8","securityId":"target-8-security-1","option":1,"optionLabel":"A","name":"H08A \u00b7 Elk Draw","sourceName":"Indian Run SWA","gmu":12,"securityScore":75,"cover":60,"routeCover":43,"pressure":17,"distanceMiles":2.9,"routeMiles":3.16,"elevationFt":7757,"slopeDegrees":11,"latitude":40.238247,"longitude":-107.398112,"summary":"2.9 mi from Indian Run SWA; modeled route 3.2 mi; security score 75/100. Verify ownership, closures, current sign, wind, and safe shooting conditions.","verified":false}},{"type":"Feature","geometry":{"type":"LineString","coordinates":[[-107.39811187460535,40.23824672129742],[-107.39878561106843,40.23927532714819],[-107.39945934753152,40.240303917372415],[-107.39945934753152,40.241332491970006],[-107.39878561106843,40.24236105094087],[-107.39878561106843,40.243389594284906],[-107.39945934753152,40.24441812200202],[-107.4008068204577,40.24544663409212],[-107.40215429338389,40.24647513055512],[-107.40350176631006,40.24750361139091],[-107.40484923923624,40.248017845948574],[-107.40619671216243,40.249046303343384],[-107.4075441850886,40.249046303343384],[-107.40889165801478,40.25007474511076],[-107.41023913094095,40.25058896013413],[-107.41158660386715,40.251103171250605],[-107.41293407679332,40.25213158176283],[-107.41428154971949,40.25264578115855],[-107.41562902264567,40.25315997664733],[-107.41697649557186,40.25315997664733],[-107.41832396849803,40.25418835590402],[-107.41967144142421,40.25521671953281],[-107.4210189143504,40.2562450675336],[-107.42236638727658,40.257273399906296],[-107.42371386020275,40.25778756023208],[-107.42506133312892,40.258815869162454],[-107.42640880605512,40.25984416246451],[-107.42775627898129,40.26087244013814],[-107.42843001544438,40.26190070218325],[-107.42910375190746,40.26292894859976],[-107.42977748837056,40.26395717938756],[-107.42977748837056,40.26498539454657],[-107.43045122483365,40.26601359407669],[-107.43045122483365,40.26704177797782],[-107.43045122483365,40.26806994624988],[-107.43112496129673,40.26909809889277],[-107.43179869775983,40.2701262359064],[-107.43179869775983,40.27115435729067]]},"properties":{"kind":"corridor","targetId":"target-8","securityId":"target-8-security-1","option":1,"optionLabel":"A","name":"H08A \u00b7 Elk Draw \u2192 Indian Run SWA","sourceName":"Indian Run SWA","gmu":12,"securityScore":75,"cover":60,"routeCover":43,"pressure":17,"distanceMiles":2.9,"routeMiles":3.16,"elevationFt":7757,"slopeDegrees":11,"latitude":40.238247,"longitude":-107.398112,"summary":"2.9 mi from Indian Run SWA; modeled route 3.2 mi; security score 75/100. Verify ownership, closures, current sign, wind, and safe shooting conditions.","verified":false}},{"type":"Feature","geometry":{"type":"Polygon","coordinates":[[[-107.391711378206,40.271925438072046],[-107.391711378206,40.27141138519464],[-107.39238511466908,40.27141138519464],[-107.39238511466908,40.27089732840986],[-107.39305885113218,40.27089732840986],[-107.39305885113218,40.27038326771772],[-107.39238511466908,40.27038326771772],[-107.39238511466908,40.26986920311824],[-107.391711378206,40.26986920311824],[-107.391711378206,40.26935513461142],[-107.38901643235364,40.26935513461142],[-107.38901643235364,40.26884106219728],[-107.38564775003819,40.26884106219728],[-107.38564775003819,40.26935513461142],[-107.3849740135751,40.26935513461142],[-107.3849740135751,40.271925438072046],[-107.38564775003819,40.271925438072046],[-107.38564775003819,40.27141138519464],[-107.38632148650127,40.27141138519464],[-107.38632148650127,40.27089732840986],[-107.38564775003819,40.27089732840986],[-107.38564775003819,40.27038326771772],[-107.38632148650127,40.27038326771772],[-107.38632148650127,40.26935513461142],[-107.38834269589056,40.26935513461142],[-107.38834269589056,40.26986920311824],[-107.38901643235364,40.26986920311824],[-107.38901643235364,40.27038326771772],[-107.38969016881673,40.27038326771772],[-107.38969016881673,40.27089732840986],[-107.39036390527981,40.27089732840986],[-107.39036390527981,40.27141138519464],[-107.3910376417429,40.27141138519464],[-107.3910376417429,40.271925438072046],[-107.391711378206,40.271925438072046]]]},"properties":{"kind":"security-area","targetId":"target-8","securityId":"target-8-security-2","option":2,"optionLabel":"B","name":"H08B \u00b7 Sagebrush Reservoir Number 1","sourceName":"Indian Run SWA","gmu":12,"securityScore":58,"cover":60,"routeCover":34,"pressure":20,"distanceMiles":2.14,"routeMiles":2.32,"elevationFt":7800,"slopeDegrees":12,"latitude":40.270126,"longitude":-107.391375,"summary":"2.1 mi from Indian Run SWA; modeled route 2.3 mi; security score 58/100. Verify ownership, closures, current sign, wind, and safe shooting conditions.","verified":false}},{"type":"Feature","geometry":{"type":"Point","coordinates":[-107.39137450997445,40.2701262359064]},"properties":{"kind":"security","targetId":"target-8","securityId":"target-8-security-2","option":2,"optionLabel":"B","name":"H08B \u00b7 Sagebrush Reservoir Number 1","sourceName":"Indian Run SWA","gmu":12,"securityScore":58,"cover":60,"routeCover":34,"pressure":20,"distanceMiles":2.14,"routeMiles":2.32,"elevationFt":7800,"slopeDegrees":12,"latitude":40.270126,"longitude":-107.391375,"summary":"2.1 mi from Indian Run SWA; modeled route 2.3 mi; security score 58/100. Verify ownership, closures, current sign, wind, and safe shooting conditions.","verified":false}},{"type":"Feature","geometry":{"type":"LineString","coordinates":[[-107.39137450997445,40.2701262359064],[-107.39272198290062,40.2706402985522],[-107.39406945582681,40.2706402985522],[-107.39541692875298,40.26961216935325],[-107.39676440167918,40.268584024524976],[-107.39811187460535,40.268584024524976],[-107.39945934753152,40.26806994624988],[-107.4008068204577,40.26806994624988],[-107.40215429338389,40.26806994624988],[-107.40350176631006,40.26806994624988],[-107.40484923923624,40.26806994624988],[-107.40619671216243,40.267555864067496],[-107.4075441850886,40.267555864067496],[-107.40889165801478,40.267555864067496],[-107.41023913094095,40.267555864067496],[-107.41158660386715,40.267555864067496],[-107.41293407679332,40.267555864067496],[-107.41428154971949,40.267555864067496],[-107.41562902264567,40.267555864067496],[-107.41697649557186,40.267555864067496],[-107.41832396849803,40.267555864067496],[-107.41967144142421,40.267555864067496],[-107.4210189143504,40.267555864067496],[-107.42236638727658,40.267555864067496],[-107.42371386020275,40.267555864067496],[-107.42506133312892,40.267555864067496],[-107.42640880605512,40.267555864067496],[-107.42775627898129,40.268584024524976],[-107.42910375190746,40.26961216935325],[-107.43045122483365,40.2706402985522],[-107.43179869775983,40.27115435729067]]},"properties":{"kind":"corridor","targetId":"target-8","securityId":"target-8-security-2","option":2,"optionLabel":"B","name":"H08B \u00b7 Sagebrush Reservoir Number 1 \u2192 Indian Run SWA","sourceName":"Indian Run SWA","gmu":12,"securityScore":58,"cover":60,"routeCover":34,"pressure":20,"distanceMiles":2.14,"routeMiles":2.32,"elevationFt":7800,"slopeDegrees":12,"latitude":40.270126,"longitude":-107.391375,"summary":"2.1 mi from Indian Run SWA; modeled route 2.3 mi; security score 58/100. Verify ownership, closures, current sign, wind, and safe shooting conditions.","verified":false}},{"type":"Feature","geometry":{"type":"Polygon","coordinates":[[[-107.43280930245446,40.22718822151301],[-107.43280930245446,40.22615943205741],[-107.43213556599137,40.22615943205741],[-107.43213556599137,40.225645031470094],[-107.43146182952829,40.225645031470094],[-107.43146182952829,40.22718822151301],[-107.43280930245446,40.22718822151301]]]},"properties":{"kind":"security-area","targetId":"target-8","securityId":"target-8-security-3","option":3,"optionLabel":"C","name":"H08C \u00b7 Pine Creek","sourceName":"Indian Run SWA","gmu":12,"securityScore":64,"cover":55,"routeCover":46,"pressure":3,"distanceMiles":3.14,"routeMiles":3.42,"elevationFt":8024,"slopeDegrees":12,"latitude":40.225902,"longitude":-107.431799,"summary":"3.1 mi from Indian Run SWA; modeled route 3.4 mi; security score 64/100. Verify ownership, closures, current sign, wind, and safe shooting conditions.","verified":false}},{"type":"Feature","geometry":{"type":"Point","coordinates":[-107.43179869775983,40.22590223225205]},"properties":{"kind":"security","targetId":"target-8","securityId":"target-8-security-3","option":3,"optionLabel":"C","name":"H08C \u00b7 Pine Creek","sourceName":"Indian Run SWA","gmu":12,"securityScore":64,"cover":55,"routeCover":46,"pressure":3,"distanceMiles":3.14,"routeMiles":3.42,"elevationFt":8024,"slopeDegrees":12,"latitude":40.225902,"longitude":-107.431799,"summary":"3.1 mi from Indian Run SWA; modeled route 3.4 mi; security score 64/100. Verify ownership, closures, current sign, wind, and safe shooting conditions.","verified":false}},{"type":"Feature","geometry":{"type":"LineString","coordinates":[[-107.43179869775983,40.22590223225205],[-107.43179869775983,40.22693102561399],[-107.43179869775983,40.22795980335052],[-107.43179869775983,40.22898856546155],[-107.43314617068602,40.23001731194697],[-107.43449364361219,40.2310460428067],[-107.43449364361219,40.23207475804064],[-107.43449364361219,40.233103457648696],[-107.43449364361219,40.234132141630774],[-107.43449364361219,40.23516080998679],[-107.43449364361219,40.23618946271662],[-107.43449364361219,40.2372180998202],[-107.43516738007527,40.23824672129742],[-107.43516738007527,40.23927532714819],[-107.43651485300146,40.240303917372415],[-107.43651485300146,40.241332491970006],[-107.43651485300146,40.24236105094087],[-107.43651485300146,40.243389594284906],[-107.43651485300146,40.24441812200202],[-107.43651485300146,40.24544663409212],[-107.43651485300146,40.24647513055512],[-107.43718858946455,40.24750361139091],[-107.43853606239072,40.248532076599396],[-107.43853606239072,40.24956052618051],[-107.43853606239072,40.25058896013413],[-107.43853606239072,40.251617378460175],[-107.43920979885381,40.25264578115855],[-107.43920979885381,40.25367416822916],[-107.4398835353169,40.25470253967191],[-107.4398835353169,40.255730895486714],[-107.4398835353169,40.256759235673464],[-107.43920979885381,40.25778756023208],[-107.43853606239072,40.258815869162454],[-107.43853606239072,40.25984416246451],[-107.43718858946455,40.26087244013814],[-107.43718858946455,40.26190070218325],[-107.43651485300146,40.26292894859976],[-107.43584111653836,40.26395717938756],[-107.43516738007527,40.26498539454657],[-107.43516738007527,40.26601359407669],[-107.43449364361219,40.26704177797782],[-107.43314617068602,40.26806994624988],[-107.43247243422292,40.26909809889277],[-107.43179869775983,40.2701262359064],[-107.43179869775983,40.27115435729067]]},"properties":{"kind":"corridor","targetId":"target-8","securityId":"target-8-security-3","option":3,"optionLabel":"C","name":"H08C \u00b7 Pine Creek \u2192 Indian Run SWA","sourceName":"Indian Run SWA","gmu":12,"securityScore":64,"cover":55,"routeCover":46,"pressure":3,"distanceMiles":3.14,"routeMiles":3.42,"elevationFt":8024,"slopeDegrees":12,"latitude":40.225902,"longitude":-107.431799,"summary":"3.1 mi from Indian Run SWA; modeled route 3.4 mi; security score 64/100. Verify ownership, closures, current sign, wind, and safe shooting conditions.","verified":false}}],"metadata":{"huntCode":"BE012O1R","units":[12,13,23,24,25,26,33,131,231],"season":"2026-09-02/2026-09-30","generatedAt":"2026-09-03T01:37:30.151200+00:00","analysisDate":"2026-09-02","imageryDate":null,"droughtUpdated":null,"mode":"human-food","methodVersion":"0.2-human-food-corridors","scoreMeaning":"Relative human-food priority led by CPW historical conflict overlap; not bear probability or a current sighting.","sourceCount":8,"securityOptionCount":35,"sources":{"conflict":"https://cpw.state.co.us/maps-and-gis","campgrounds":"https://ndismaps.nrel.colostate.edu/index.html","habitation":"https://www.usgs.gov/tools/geographic-names-information-system-gnis","landfire":"https://landfire.gov/data/lf2025","terrain":"https://www.usgs.gov/3d-elevation-program/about-3dep-products-services"},"warnings":["USFS campgrounds unavailable during build"]}}